hr,operational_setting_1,operational_setting_2,sensor_measurement_04,sensor_measurement_06,sensor_measurement_08,sensor_measurement_11,sensor_measurement_13,sensor_measurement_14,operational_setting_3,sensor_measurement_16,t,e
1,0,0.001,0.963,1,0.999,0.976,0.994,0.587,1,1,192,1
2,0,0.001,0.972,1,0.999,0.964,0.994,0.733,1,1,287,0
3,0,0.001,0.965,1,0.999,0.962,0.994,0.913,1,1,179,1
4,0,0,0.977,1,0.999,0.967,0.994,0.923,1,1,189,1
5,0,0.001,0.972,1,0.999,0.976,0.994,0.817,1,1,269,0
6,0,0,0.983,1,0.999,0.972,0.994,0.569,1,1,188,1
7,0,0,0.983,1,0.999,0.951,0.994,0.666,1,1,259,0
8,0,0,0.976,1,0.999,0.975,0.994,0.611,1,1,150,1
9,0,0.001,0.966,1,1,0.963,0.995,0.991,1,1,201,0
10,0,0,0.986,1,0.999,0.962,0.994,0.751,1,1,222,0
11,0,0.001,0.976,1,0.999,0.97,0.994,0.829,1,1,240,0
12,0,0,0.983,1,0.999,0.961,0.994,0.614,1,1,170,1
13,0,0,0.971,1,0.999,0.973,0.994,0.815,1,1,163,1
14,0,0,0.964,1,0.999,0.982,0.994,0.78,1,1,180,1
15,0,0.001,0.98,1,0.999,0.98,0.994,0.613,1,1,207,0
16,0,0,0.969,1,0.999,0.978,0.994,0.635,1,1,209,0
17,0,0,0.976,1,0.999,0.959,0.994,0.875,1,1,276,0
18,0,0,0.965,1,1,0.955,0.994,0.975,1,1,195,1
19,0,0.001,0.98,1,0.999,0.974,0.994,0.601,1,1,158,1
20,0,0,0.972,1,0.999,0.967,0.994,0.66,1,1,234,0
21,0,0.001,0.977,1,0.999,0.957,0.994,0.844,1,1,195,1
22,0,0,0.97,1,0.999,0.968,0.994,0.63,1,1,202,0
23,0,0.001,0.974,1,0.999,0.97,0.994,0.626,1,1,168,1
24,0,0.001,0.972,1,0.999,0.97,0.994,0.607,1,1,147,1
25,0,0.001,0.977,1,0.999,0.964,0.994,0.81,1,1,230,0
26,0,0.001,0.976,1,0.999,0.958,0.994,0.839,1,1,199,1
27,0,0.001,0.968,1,0.999,0.976,0.994,0.811,1,1,156,1
28,0,0,0.974,1,0.999,0.957,0.994,0.712,1,1,165,1
29,0,0,0.987,1,0.999,0.969,0.994,0.611,1,1,163,1
30,0,0.001,1,1,0.999,0.969,0.994,0.604,1,1,194,1
31,0,0,0.959,1,0.999,0.982,0.994,0.601,1,1,234,0
32,0,0,0.983,1,0.999,1,0.994,0.689,1,1,191,1
33,0,0,0.979,1,0.999,0.978,0.994,0.625,1,1,200,1
34,0,0.001,0.981,1,0.999,0.983,0.994,0.858,1,1,195,1
35,0,0.001,0.974,1,0.999,0.961,0.994,0.714,1,1,181,1
36,0,0,0.976,1,0.999,0.976,0.994,0.618,1,1,158,1
37,0,0,0.959,1,0.999,0.989,0.994,0.6,1,1,170,1
38,0,0.001,0.96,1,0.999,0.999,0.994,0.829,1,1,194,1
39,0,0.001,0.965,1,0.999,0.977,0.994,0.577,1,1,128,1
40,0,0,0.978,1,0.999,0.956,0.994,0.795,1,1,188,1
41,0,0,0.967,1,0.999,0.983,0.994,0.821,1,1,216,0
42,0,0.001,0.964,1,0.999,0.951,0.994,0.639,1,1,196,1
43,0,0.001,0.964,1,0.999,0.956,0.994,0.592,1,1,207,0
44,0,0,0.993,1,0.999,0.958,0.994,0.687,1,1,192,1
45,0,0,0.991,1,0.999,0.979,0.994,0.698,1,1,158,1
46,0,0.001,0.98,1,0.999,0.973,0.994,0.603,1,1,256,0
47,0,0,0.979,1,0.999,0.978,0.994,0.735,1,1,214,0
48,0,0,0.984,1,1,0.952,0.995,0.992,1,1,231,0
49,0,0,0.978,1,0.999,0.976,0.994,0.649,1,1,215,0
50,0,0.001,0.98,1,0.999,0.955,0.994,0.789,1,1,198,1
51,0,0.001,0.966,1,1,0.944,0.995,1,1,1,213,0
52,0,0,0.987,1,0.999,0.969,0.994,0.747,1,1,213,0
53,0,0,0.952,1,0.999,0.969,0.994,0.858,1,1,195,1
54,0,0,0.978,1,0.999,0.967,0.994,0.834,1,1,257,0
55,0,0.001,0.979,1,0.999,0.97,0.994,0.918,1,1,193,1
56,0,0.001,0.963,1,0.999,0.968,0.994,0.827,1,1,275,0
57,0,0,0.976,1,0.999,0.976,0.994,0.581,1,1,137,1
58,0,0.001,0.991,1,0.999,0.983,0.994,0.607,1,1,147,1
59,0,0,0.959,1,0.999,0.966,0.994,0.656,1,1,231,0
60,0,0.001,0.981,1,0.999,0.957,0.994,0.801,1,1,172,1
61,0,0.001,0.96,1,0.999,0.974,0.994,0.584,1,1,185,1
62,0,0,0.963,1,0.999,0.968,0.994,0.615,1,1,180,1
63,0,0,0.956,1,0.999,0.972,0.994,0.877,1,1,174,1
64,0,0,0.959,1,0.999,0.967,0.994,0.747,1,1,283,0
65,0,0,0.977,1,0.999,0.961,0.994,0.584,1,1,153,1
66,0,0.001,0.968,1,0.999,0.97,0.994,0.671,1,1,202,0
67,0,0,0.957,1,0.999,0.978,0.994,0.666,1,1,313,0
68,0,0,0.97,1,0.999,0.968,0.994,0.848,1,1,199,1
69,0,0.001,0.965,1,0.999,0.955,0.994,0.617,1,1,362,0
70,0,0.001,0.983,1,0.999,0.968,0.994,0.729,1,1,137,1
71,0,0.001,0.99,1,0.999,0.955,0.994,0.845,1,1,208,0
72,0,0,0.964,1,0.999,0.969,0.994,0.57,1,1,213,0
73,0,0.001,0.967,1,0.999,0.964,0.994,0.595,1,1,213,0
74,0,0.001,0.973,1,0.999,0.96,0.994,0.616,1,1,166,1
75,0,0.001,0.978,1,0.999,0.973,0.994,0.573,1,1,229,0
76,0,0.001,0.975,1,0.999,0.975,0.994,0.633,1,1,210,0
77,0,0,0.953,1,0.999,0.961,0.994,0.672,1,1,154,1
78,0,0.001,0.966,1,0.999,0.973,0.994,0.7,1,1,231,0
79,0,0,0.988,1,0.999,0.971,0.994,0.71,1,1,199,1
80,0,0.001,0.948,1,0.999,0.958,0.994,0.855,1,1,185,1
81,0,0,0.953,1,0.999,0.964,0.994,0.629,1,1,240,0
82,0,0.001,0.964,1,0.999,0.98,0.994,0.942,1,1,214,0
83,0,0,0.972,1,0.999,0.972,0.994,0.597,1,1,293,0
84,0,0.001,0.97,1,0.999,0.969,0.994,0.675,1,1,267,0
85,0,0.001,0.983,1,0.999,0.969,0.994,0.617,1,1,188,1
86,0,0,0.958,1,0.999,0.968,0.994,0.68,1,1,278,0
87,0,0.001,0.978,1,0.999,0.963,0.994,0.61,1,1,178,1
88,0,0.001,0.975,1,0.999,0.989,0.994,0.817,1,1,213,0
89,0,0,0.973,1,0.999,0.988,0.994,0.686,1,1,217,0
90,0,0,0.98,1,0.999,0.989,0.994,0.587,1,1,154,1
91,0,0,0.976,1,0.999,0.981,0.994,0.597,1,1,135,1
92,0,0,0.965,1,0.999,0.955,0.994,0.792,1,1,341,0
93,0,0.001,0.966,1,0.999,0.971,0.994,0.646,1,1,155,1
94,0,0.001,0.958,1,0.999,0.976,0.994,0.829,1,1,258,0
95,0,0.001,0.972,1,0.999,0.968,0.994,0.751,1,1,283,0
96,0,0,0.976,1,0.999,0.969,0.994,0.662,1,1,336,0
97,0,0.001,0.963,1,0.999,0.948,0.994,0.932,1,1,202,0
98,0,0,0.976,1,0.999,0.979,0.994,0.613,1,1,156,1
99,0,0,0.948,1,0.999,0.979,0.994,0.625,1,1,185,1
100,0,0,0.976,1,0.999,0.971,0.994,0.647,1,1,200,1
101,1,0.999,0.237,0.002,0.626,0.496,0.992,0.486,1,0,149,1
102,1,0.999,0.229,0.003,0.628,0.485,0.995,0.586,1,0,269,0
103,1,0.998,0.225,0.003,0.627,0.503,0.993,0.522,1,0,206,0
104,0,0.001,0.965,1,0.999,0.976,0.994,0.823,1,1,235,0
105,1,0.999,0.23,0.003,0.629,0.487,0.997,0.678,1,0,154,1
106,1,0.998,0.228,0.002,0.626,0.5,0.992,0.486,1,0,175,1
107,1,0.998,0.227,0.003,0.63,0.486,0.997,0.725,1,0,174,1
108,0.595,0.736,0.008,0.21,0.001,0.018,0.002,0.07,0,0,151,1
109,0.238,0.3,0.714,0.616,0.853,0.794,0.995,0.569,1,1,199,1
110,0,0.001,0.957,1,0.999,0.975,0.994,0.61,1,1,184,1
111,1,0.998,0.224,0.003,0.63,0.501,0.997,0.716,1,0,271,0
112,0.238,0.297,0.7,0.616,0.853,0.801,0.995,0.635,1,1,249,0
113,0.833,0.998,0.228,0.146,0.65,0.487,0.993,0.462,1,0,227,0
114,1,0.998,0.229,0.003,0.626,0.488,0.991,0.463,1,0,193,1
115,0,0.001,0.965,1,0.999,0.95,0.994,0.746,1,1,209,0
116,0.595,0.737,0.007,0.21,0,0.03,0.001,0.028,0,0,154,1
117,1,0.999,0.227,0.003,0.628,0.483,0.994,0.564,1,0,180,1
118,0.238,0.297,0.711,0.616,0.853,0.786,0.994,0.594,1,1,209,0
119,1,0.998,0.237,0.003,0.632,0.499,1,0.834,1,0,163,1
120,0,0.001,0.983,1,0.999,0.972,0.994,0.622,1,1,154,1
121,0.833,0.998,0.219,0.146,0.652,0.458,0.996,0.597,1,0,189,1
122,1,0.998,0.227,0.003,0.626,0.519,0.993,0.515,1,0,192,1
123,1,0.999,0.213,0.003,0.631,0.483,0.999,0.767,1,0,211,0
124,1,1,0.22,0.003,0.631,0.479,0.999,0.763,1,0,191,1
125,0.238,0.299,0.693,0.616,0.854,0.786,0.994,0.628,1,1,205,0
126,0.595,0.737,0.022,0.21,0.001,0.029,0.001,0.057,0,0,187,1
127,1,1,0.208,0.003,0.63,0.493,0.998,0.741,1,0,176,1
128,0.238,0.297,0.719,0.616,0.853,0.78,0.995,0.574,1,1,200,1
129,0.238,0.297,0.732,0.616,0.854,0.789,0.995,0.602,1,1,151,1
130,0.238,0.297,0.715,0.616,0.853,0.788,0.995,0.664,1,1,166,1
131,0,0.001,0.964,1,0.999,0.962,0.994,0.799,1,1,343,0
132,0,0.002,0.948,1,0.999,0.969,0.994,0.781,1,1,281,0
133,1,1,0.223,0.003,0.629,0.491,0.996,0.674,1,0,195,1
134,0.238,0.299,0.709,0.616,0.853,0.783,0.995,0.628,1,1,205,0
135,1,0.998,0.232,0.003,0.63,0.482,0.997,0.711,1,0,196,1
136,0.238,0.299,0.711,0.616,0.854,0.785,0.994,0.589,1,1,203,0
137,0,0.001,0.963,1,0.999,0.973,0.994,0.611,1,1,210,0
138,1,0.998,0.232,0.002,0.626,0.492,0.992,0.49,1,0,177,1
139,1,0.998,0.208,0.003,0.626,0.502,0.993,0.502,1,0,214,0
140,1,1,0.215,0.003,0.627,0.483,0.994,0.564,1,0,193,1
141,0.833,0.999,0.245,0.146,0.651,0.491,0.995,0.536,1,0,262,0
142,1,0.998,0.215,0.003,0.627,0.502,0.993,0.526,1,0,221,0
143,1,0.999,0.214,0.003,0.631,0.473,0.999,0.787,1,0,211,0
144,0.595,0.737,0.027,0.21,0.002,0.023,0.003,0.113,0,0,205,0
145,0.833,0.998,0.22,0.146,0.649,0.489,0.992,0.436,1,0,151,1
146,1,0.998,0.226,0.003,0.629,0.483,0.997,0.666,1,0,201,0
147,1,0.999,0.219,0.003,0.63,0.486,0.998,0.758,1,0,246,0
148,1,0.999,0.228,0.003,0.631,0.484,0.999,0.755,1,0,239,0
149,0.238,0.297,0.713,0.616,0.853,0.79,0.994,0.668,1,1,168,1
150,1,0.999,0.241,0.003,0.626,0.485,0.992,0.498,1,0,222,0
151,1,0.998,0.245,0.003,0.627,0.482,0.994,0.568,1,0,293,0
152,1,0.998,0.232,0.003,0.63,0.493,0.998,0.714,1,0,174,1
153,0,0.001,0.979,1,0.999,0.977,0.994,0.63,1,1,148,1
154,1,0.998,0.203,0.003,0.627,0.505,0.993,0.531,1,0,199,1
155,0.595,0.739,0.005,0.21,0.002,0.022,0.003,0.116,0,0,159,1
156,0.238,0.297,0.713,0.616,0.854,0.796,0.995,0.617,1,1,163,1
157,0.238,0.298,0.72,0.616,0.853,0.793,0.995,0.64,1,1,140,1
158,1,0.998,0.209,0.002,0.626,0.502,0.992,0.483,1,0,162,1
159,1,0.999,0.224,0.003,0.629,0.471,0.996,0.663,1,0,194,1
160,0.476,0.832,0.564,0.501,0.864,0.692,0.994,0.412,1,1,177,1
161,1,1,0.225,0.003,0.632,0.494,1,0.823,1,0,218,0
162,1,0.999,0.222,0.003,0.628,0.514,0.994,0.58,1,0,184,1
163,0.595,0.736,0.016,0.21,0.001,0.026,0.001,0.035,0,0,168,1
164,0,0.001,0.974,1,0.999,0.975,0.994,0.599,1,1,282,0
165,1,0.998,0.225,0.003,0.629,0.502,0.996,0.649,1,0,206,0
166,1,0.998,0.234,0.003,0.627,0.492,0.993,0.52,1,0,170,1
167,0.595,0.736,0.005,0.21,0,0.038,0,0.015,0,0,145,1
168,1,0.998,0.244,0.003,0.629,0.502,0.997,0.684,1,0,185,1
169,1,0.998,0.218,0.003,0.626,0.492,0.992,0.509,1,0,136,1
170,0.595,0.736,0.01,0.21,0.001,0.01,0.001,0.018,0,0,156,1
171,0,0.001,0.961,1,0.999,0.969,0.994,0.713,1,1,194,1
172,1,1,0.218,0.003,0.627,0.492,0.992,0.503,1,0,196,1
173,1,0.998,0.22,0.003,0.629,0.482,0.996,0.676,1,0,239,0
174,0.238,0.298,0.701,0.616,0.854,0.793,0.995,0.573,1,1,158,1
175,0,0.001,0.969,1,0.999,0.977,0.994,0.685,1,1,231,0
176,1,0.998,0.235,0.003,0.627,0.485,0.993,0.518,1,0,244,0
177,0,0.003,0.983,1,0.999,0.983,0.994,0.613,1,1,185,1
178,1,0.999,0.193,0.003,0.628,0.491,0.995,0.603,1,0,161,1
179,0,0.001,0.984,1,0.999,0.998,0.994,0.626,1,1,181,1
180,1,0.998,0.212,0.003,0.626,0.493,0.993,0.511,1,0,221,0
181,1,0.998,0.224,0.003,0.629,0.49,0.996,0.68,1,0,288,0
182,1,0.998,0.216,0.003,0.627,0.488,0.994,0.565,1,0,200,1
183,0.476,0.832,0.557,0.501,0.864,0.695,0.994,0.429,1,1,170,1
184,1,0.998,0.219,0.003,0.629,0.479,0.997,0.676,1,0,259,0
185,0.833,0.998,0.221,0.146,0.65,0.482,0.993,0.456,1,0,347,0
186,1,0.999,0.244,0.003,0.628,0.494,0.994,0.57,1,0,190,1
187,0,0.001,0.958,1,0.999,0.976,0.994,0.622,1,1,170,1
188,1,0.998,0.228,0.003,0.628,0.498,0.994,0.589,1,0,365,0
189,0.238,0.298,0.709,0.616,0.853,0.781,0.994,0.586,1,1,188,1
190,0.238,0.297,0.721,0.616,0.853,0.801,0.994,0.676,1,1,188,1
191,0.595,0.738,0.015,0.21,0.001,0.021,0.001,0.028,0,0,245,0
192,0.833,0.998,0.236,0.146,0.65,0.479,0.994,0.473,1,0,188,1
193,1,0.998,0.209,0.003,0.627,0.493,0.993,0.518,1,0,189,1
194,1,0.999,0.218,0.003,0.63,0.484,0.997,0.68,1,0,306,0
195,0,0.001,0.971,1,0.999,0.98,0.994,0.907,1,1,198,1
196,1,0.999,0.221,0.003,0.628,0.496,0.995,0.586,1,0,208,0
197,0.238,0.297,0.722,0.616,0.854,0.782,0.995,0.602,1,1,145,1
198,0.833,0.998,0.239,0.146,0.65,0.482,0.993,0.468,1,0,167,1
199,0,0.001,0.968,1,0.999,0.979,0.994,0.608,1,1,202,0
200,1,0.999,0.232,0.003,0.628,0.495,0.994,0.568,1,0,212,0
201,0.238,0.297,0.698,0.616,0.853,0.79,0.995,0.721,1,1,211,0
202,1,0.998,0.239,0.003,0.63,0.493,0.997,0.683,1,0,164,1
203,0.476,0.832,0.544,0.501,0.864,0.707,0.994,0.45,1,1,280,0
204,1,0.998,0.239,0.003,0.629,0.498,0.997,0.66,1,0,228,0
205,1,0.998,0.236,0.003,0.631,0.487,0.999,0.788,1,0,303,0
206,1,0.998,0.237,0.003,0.629,0.5,0.997,0.678,1,0,272,0
207,0.476,0.833,0.551,0.501,0.864,0.686,0.994,0.433,1,1,145,1
208,0.238,0.297,0.705,0.616,0.854,0.788,0.995,0.682,1,1,156,1
209,1,0.998,0.213,0.003,0.628,0.493,0.995,0.586,1,0,220,0
210,1,0.998,0.229,0.003,0.63,0.489,0.997,0.703,1,0,221,0
211,0.238,0.297,0.721,0.616,0.854,0.794,0.994,0.557,1,1,200,1
212,0,0.003,0.977,1,0.999,0.978,0.994,0.709,1,1,378,0
213,1,0.998,0.217,0.003,0.627,0.501,0.993,0.521,1,0,232,0
214,0.476,0.831,0.56,0.501,0.866,0.695,0.997,0.737,1,1,203,0
215,1,1,0.225,0.003,0.627,0.48,0.994,0.556,1,0,206,0
216,0,0.001,0.962,1,0.999,0.962,0.994,0.623,1,1,207,0
217,0.476,0.831,0.559,0.501,0.864,0.701,0.994,0.447,1,1,177,1
218,1,0.998,0.213,0.003,0.629,0.486,0.996,0.621,1,0,344,0
219,1,1,0.227,0.003,0.629,0.465,0.996,0.631,1,0,174,1
220,1,0.998,0.209,0.002,0.626,0.486,0.991,0.477,1,0,129,1
221,0,0.001,0.971,1,0.999,0.979,0.994,0.615,1,1,210,0
222,0,0.003,0.96,1,0.999,0.981,0.994,0.628,1,1,185,1
223,1,0.998,0.212,0.003,0.629,0.474,0.996,0.658,1,0,226,0
224,1,0.999,0.225,0.003,0.63,0.494,0.998,0.739,1,0,267,0
225,1,0.999,0.226,0.003,0.628,0.478,0.994,0.573,1,0,168,1
226,1,0.998,0.225,0.003,0.628,0.499,0.994,0.583,1,0,199,1
227,0.238,0.297,0.71,0.616,0.854,0.795,0.995,0.561,1,1,256,0
228,0.238,0.298,0.704,0.616,0.853,0.794,0.995,0.744,1,1,303,0
229,1,0.999,0.223,0.003,0.626,0.48,0.992,0.494,1,0,202,0
230,0.595,0.736,0.024,0.21,0,0.015,0,0.007,0,0,182,1
231,0.476,0.832,0.548,0.501,0.865,0.708,0.995,0.598,1,1,280,0
232,0,0.002,0.96,1,0.999,0.975,0.994,0.617,1,1,183,1
233,1,0.998,0.207,0.003,0.626,0.487,0.992,0.49,1,0,159,1
234,0.476,0.831,0.546,0.501,0.864,0.724,0.994,0.458,1,1,247,0
235,1,0.998,0.216,0.003,0.628,0.48,0.995,0.602,1,0,294,0
236,1,1,0.221,0.002,0.626,0.495,0.992,0.501,1,0,160,1
237,1,0.999,0.228,0.003,0.626,0.503,0.992,0.488,1,0,148,1
238,0.595,0.739,0.024,0.21,0.002,0.01,0.002,0.071,0,0,200,1
239,0,0.001,0.971,1,0.999,0.957,0.994,0.762,1,1,194,1
240,1,0.998,0.215,0.003,0.627,0.507,0.993,0.512,1,0,214,0
241,0,0.001,0.97,1,0.999,0.986,0.994,0.621,1,1,163,1
242,1,0.998,0.244,0.003,0.627,0.492,0.994,0.561,1,0,208,0
243,0,0.001,0.987,1,0.999,0.968,0.994,0.601,1,1,166,1
244,1,0.998,0.226,0.003,0.627,0.474,0.993,0.532,1,0,224,0
245,1,0.998,0.231,0.003,0.63,0.494,0.997,0.709,1,0,251,0
246,0.238,0.297,0.726,0.616,0.853,0.805,0.994,0.665,1,1,263,0
247,0.595,0.738,0.026,0.21,0.001,0.01,0.001,0.051,0,0,207,0
248,1,0.998,0.244,0.003,0.629,0.493,0.995,0.634,1,0,279,0
249,1,1,0.208,0.003,0.628,0.49,0.995,0.613,1,0,289,0
250,1,0.998,0.222,0.003,0.631,0.482,0.999,0.805,1,0,222,0
251,0.833,1,0.24,0.146,0.65,0.486,0.993,0.471,1,0,177,1
252,0,0.001,0.991,1,0.999,0.962,0.994,0.6,1,1,184,1
253,0.238,0.297,0.707,0.616,0.853,0.804,0.995,0.645,1,1,292,0
254,1,0.998,0.227,0.003,0.626,0.489,0.991,0.463,1,0,193,1
255,0,0.001,0.972,1,0.999,0.962,0.994,0.665,1,1,226,0
256,1,0.998,0.216,0.003,0.627,0.513,0.994,0.564,1,0,299,0
257,0.238,0.297,0.725,0.616,0.853,0.778,0.994,0.688,1,1,237,0
258,0.238,0.297,0.704,0.616,0.853,0.796,0.995,0.648,1,1,308,0
259,1,0.998,0.229,0.003,0.63,0.492,0.997,0.684,1,0,241,0
260,1,0.998,0.253,0.003,0.63,0.509,0.997,0.692,1,0,212,0
261,1,0.998,0.208,0.003,0.627,0.483,0.993,0.539,1,0,224,0
262,0.238,0.297,0.717,0.616,0.853,0.776,0.995,0.713,1,1,194,1
263,1,0.998,0.213,0.003,0.628,0.502,0.994,0.574,1,0,203,0
264,1,0.999,0.228,0.002,0.627,0.488,0.993,0.512,1,0,249,0
265,0.833,0.998,0.231,0.146,0.651,0.475,0.994,0.495,1,0,165,1
266,1,0.998,0.225,0.003,0.626,0.493,0.992,0.493,1,0,204,0
267,0.238,0.298,0.695,0.616,0.853,0.798,0.995,0.665,1,1,232,0
268,1,0.998,0.246,0.003,0.627,0.497,0.994,0.561,1,0,217,0
269,1,0.998,0.226,0.003,0.629,0.479,0.996,0.634,1,0,185,1
270,1,0.999,0.217,0.003,0.627,0.5,0.993,0.533,1,0,179,1
271,1,0.998,0.221,0.003,0.63,0.489,0.997,0.71,1,0,258,0
272,1,1,0.224,0.003,0.629,0.496,0.996,0.658,1,0,174,1
273,0,0.001,0.961,1,0.999,0.982,0.994,0.584,1,1,151,1
274,1,0.998,0.235,0.003,0.629,0.479,0.997,0.671,1,0,193,1
275,0.238,0.297,0.716,0.616,0.853,0.774,0.994,0.813,1,1,202,0
276,0.476,0.831,0.553,0.501,0.864,0.707,0.994,0.46,1,1,164,1
277,1,0.998,0.231,0.003,0.629,0.478,0.996,0.653,1,0,181,1
278,0.238,0.299,0.691,0.616,0.853,0.785,0.995,0.571,1,1,148,1
279,0.238,0.299,0.714,0.616,0.853,0.78,0.995,0.601,1,1,181,1
280,1,0.998,0.221,0.003,0.631,0.492,0.999,0.784,1,0,297,0
281,0,0.001,0.986,1,0.999,0.962,0.994,0.613,1,1,255,0
282,0.238,0.299,0.728,0.616,0.853,0.781,0.995,0.589,1,1,200,1
283,1,0.998,0.229,0.003,0.627,0.497,0.993,0.531,1,0,207,0
284,1,0.998,0.23,0.003,0.63,0.469,0.998,0.725,1,0,171,1
285,0.833,0.998,0.209,0.146,0.65,0.486,0.994,0.477,1,0,162,1
286,1,0.998,0.24,0.003,0.63,0.497,0.998,0.725,1,0,194,1
287,1,0.998,0.223,0.003,0.626,0.486,0.992,0.506,1,0,168,1
288,0.476,0.831,0.549,0.501,0.864,0.698,0.994,0.452,1,1,148,1
289,0.238,0.297,0.705,0.616,0.853,0.794,0.995,0.584,1,1,209,0
290,0.238,0.299,0.71,0.616,0.853,0.787,0.995,0.582,1,1,257,0
291,1,0.998,0.229,0.003,0.629,0.488,0.997,0.684,1,0,219,0
292,0.238,0.297,0.705,0.616,0.853,0.798,0.995,0.56,1,1,133,1
293,1,0.998,0.224,0.003,0.629,0.477,0.996,0.672,1,0,172,1
294,0.238,0.299,0.702,0.616,0.854,0.78,0.995,0.56,1,1,148,1
295,1,0.998,0.225,0.003,0.628,0.494,0.995,0.593,1,0,190,1
296,0.238,0.297,0.691,0.616,0.853,0.788,0.994,0.634,1,1,239,0
297,0.238,0.3,0.707,0.616,0.853,0.779,0.995,0.598,1,1,154,1
298,1,0.998,0.21,0.003,0.626,0.478,0.992,0.522,1,0,205,0
299,0.238,0.298,0.7,0.616,0.854,0.774,0.994,0.783,1,1,219,0
300,1,0.998,0.222,0.003,0.628,0.474,0.995,0.608,1,0,227,0
301,0.833,0.999,0.251,0.146,0.654,0.467,0.998,0.677,1,0,191,1
302,0.476,0.833,0.577,0.501,0.864,0.697,0.995,0.514,1,1,197,1
303,1,0.998,0.233,0.003,0.626,0.503,0.993,0.496,1,0,269,0
304,1,0.998,0.208,0.003,0.629,0.505,0.996,0.646,1,0,237,0
305,0.833,0.998,0.243,0.146,0.65,0.486,0.993,0.465,1,0,198,1
306,1,0.998,0.213,0.003,0.632,0.484,1,0.807,1,0,221,0
307,1,0.998,0.231,0.003,0.627,0.489,0.994,0.568,1,0,184,1
308,0.595,0.736,0,0.21,0.001,0.017,0.001,0.045,0,0,150,1
309,1,0.998,0.249,0.003,0.627,0.49,0.993,0.557,1,0,201,0
310,1,0.998,0.207,0.003,0.627,0.488,0.993,0.538,1,0,184,1
311,1,0.998,0.236,0.003,0.63,0.493,0.998,0.733,1,0,214,0
312,0.595,0.736,0.031,0.21,0,0.022,0,0.016,0,0,149,1
313,1,0.998,0.236,0.003,0.631,0.479,0.999,0.812,1,0,196,1
314,1,0.999,0.22,0.003,0.628,0.497,0.994,0.582,1,0,146,1
315,1,0.999,0.224,0.003,0.631,0.496,0.999,0.756,1,0,226,0
316,0,0.001,0.974,1,0.999,0.975,0.994,0.665,1,1,229,0
317,0.476,0.831,0.566,0.501,0.864,0.7,0.994,0.45,1,1,162,1
318,0,0.001,0.982,1,0.999,0.976,0.994,0.733,1,1,237,0
319,1,0.998,0.23,0.003,0.626,0.488,0.992,0.519,1,0,156,1
320,1,0.998,0.237,0.003,0.627,0.49,0.993,0.525,1,0,234,0
321,1,0.998,0.231,0.003,0.629,0.49,0.996,0.641,1,0,178,1
322,0.238,0.298,0.713,0.616,0.853,0.784,0.995,0.603,1,1,195,1
323,1,0.998,0.221,0.003,0.63,0.492,0.997,0.707,1,0,218,0
324,0.476,0.834,0.544,0.501,0.864,0.701,0.994,0.452,1,1,174,1
325,0.238,0.297,0.712,0.616,0.853,0.777,0.995,0.632,1,1,156,1
326,1,0.998,0.228,0.002,0.627,0.491,0.993,0.521,1,0,178,1
327,1,0.998,0.233,0.003,0.629,0.486,0.996,0.647,1,0,184,1
328,1,0.998,0.229,0.003,0.629,0.512,0.997,0.675,1,0,262,0
329,1,1,0.235,0.003,0.627,0.492,0.993,0.522,1,0,176,1
330,1,0.998,0.22,0.003,0.628,0.489,0.994,0.586,1,0,186,1
331,0,0.003,0.966,1,0.999,0.971,0.994,0.596,1,1,144,1
332,1,0.998,0.229,0.003,0.629,0.482,0.996,0.67,1,0,242,0
333,1,0.998,0.224,0.003,0.629,0.487,0.997,0.671,1,0,190,1
334,0.238,0.297,0.721,0.616,0.853,0.789,0.995,0.578,1,1,159,1
335,0,0.001,0.979,1,0.999,0.963,0.994,0.604,1,1,183,1
336,1,0.999,0.217,0.003,0.627,0.505,0.993,0.523,1,0,239,0
337,1,0.998,0.223,0.003,0.628,0.477,0.994,0.582,1,0,209,0
338,0.833,0.998,0.247,0.146,0.65,0.487,0.993,0.45,1,0,156,1
339,0.238,0.297,0.719,0.616,0.853,0.795,0.995,0.681,1,1,263,0
340,0,0.001,0.95,1,0.999,0.964,0.994,0.62,1,1,266,0
341,0.238,0.299,0.732,0.616,0.854,0.773,0.994,0.765,1,1,183,1
342,1,0.998,0.239,0.003,0.631,0.483,0.999,0.763,1,0,273,0
343,1,0.999,0.214,0.003,0.63,0.504,0.997,0.706,1,0,230,0
344,0,0.001,0.975,1,0.999,0.97,0.994,0.571,1,1,128,1
345,1,0.999,0.221,0.003,0.628,0.499,0.995,0.623,1,0,253,0
346,1,0.998,0.22,0.003,0.628,0.492,0.995,0.607,1,0,194,1
347,0.595,0.736,0.026,0.21,0.002,0.012,0.002,0.088,0,0,197,1
348,0,0.001,0.969,1,0.999,0.983,0.994,0.671,1,1,234,0
349,1,0.998,0.219,0.003,0.629,0.49,0.996,0.662,1,0,202,0
350,0.595,0.736,0.026,0.21,0,0.024,0,0,0,0,184,1
351,1,0.998,0.228,0.003,0.629,0.482,0.996,0.663,1,0,266,0
352,0.238,0.299,0.705,0.616,0.854,0.805,0.995,0.568,1,1,135,1
353,0.238,0.297,0.729,0.616,0.853,0.775,0.994,0.594,1,1,149,1
354,0.595,0.737,0.042,0.21,0,0.031,0.001,0.009,0,0,260,0
355,1,1,0.222,0.003,0.627,0.498,0.993,0.543,1,0,340,0
356,0,0.001,0.959,1,0.999,0.985,0.994,0.626,1,1,163,1
357,1,0.999,0.229,0.003,0.63,0.49,0.998,0.724,1,0,309,0
358,0.238,0.297,0.7,0.616,0.853,0.786,0.995,0.617,1,1,143,1
359,1,0.998,0.238,0.002,0.626,0.493,0.993,0.508,1,0,205,0
360,0.833,0.998,0.226,0.146,0.655,0.472,1,0.755,1,0,316,0
361,0,0,0.981,1,0.999,0.983,0.994,0.673,1,1,259,0
362,0,0.001,0.944,0.998,1,0.961,0.995,0.768,1,1,253,0
363,0,0,0.955,1,0.999,0.949,0.994,0.705,1,1,222,0
364,0,0.001,0.96,1,0.999,0.971,0.994,0.599,1,1,272,0
365,0,0,0.991,1,0.999,0.982,0.994,0.741,1,1,213,0
366,0,0,0.968,1,0.999,0.97,0.994,0.68,1,1,278,0
367,0,0,0.966,0.997,1,0.981,0.995,0.773,1,1,424,0
368,0,0.001,0.962,1,0.999,0.973,0.994,0.673,1,1,267,0
369,0,0,0.969,0.999,1,0.971,0.995,0.774,1,1,406,0
370,0,0.001,0.953,0.99,0.999,0.98,0.994,0.761,1,1,481,0
371,0,0,0.97,0.997,1,0.971,0.995,0.77,1,1,197,1
372,0,0,0.977,1,0.999,0.964,0.994,0.649,1,1,170,1
373,0,0.001,0.968,1,0.999,0.977,0.994,0.843,1,1,185,1
374,0,0.001,0.975,1,0.999,0.972,0.994,0.603,1,1,207,0
375,0,0.001,0.961,1,0.999,0.976,0.994,0.675,1,1,202,0
376,0,0.001,0.955,1,1,0.981,0.995,0.772,1,1,344,0
377,0,0,0.973,0.998,1,0.981,0.995,0.787,1,1,312,0
378,0,0.001,0.957,0.997,1,0.977,0.995,0.783,1,1,447,0
379,0,0.001,0.96,1,1,0.983,0.995,0.771,1,1,229,0
380,0,0.001,0.97,0.998,1,0.992,0.995,0.776,1,1,338,0
381,0,0.001,0.98,0.998,1,0.966,0.995,0.773,1,1,220,0
382,0,0,0.985,1,0.999,0.958,0.994,0.674,1,1,192,1
383,0,0,0.968,1,0.999,0.97,0.994,0.608,1,1,196,1
384,0,0,0.977,0.997,1,0.962,0.995,0.781,1,1,494,0
385,0,0,0.975,1,0.999,0.959,0.994,0.875,1,1,193,1
386,0,0.001,0.968,1,0.999,0.963,0.994,0.686,1,1,243,0
387,0,0,0.967,0.997,1,0.958,0.995,0.772,1,1,320,0
388,0,0,0.959,1,0.999,0.969,0.994,0.64,1,1,200,1
389,0,0.001,0.965,1,0.999,0.961,0.994,0.667,1,1,223,0
390,0,0,0.99,1,1,0.962,0.995,0.965,1,1,218,0
391,0,0,0.963,1,0.999,0.978,0.994,0.658,1,1,183,1
392,0,0,0.962,1,0.999,0.991,0.994,0.921,1,1,189,1
393,0,0.001,0.978,1,1,0.949,0.995,0.767,1,1,231,0
394,0,0.001,0.956,0.997,1,0.977,0.995,0.778,1,1,459,0
395,0,0.001,0.992,1,0.999,0.966,0.994,0.706,1,1,231,0
396,0,0.001,0.97,1,0.999,0.979,0.994,0.613,1,1,324,0
397,0,0,0.964,0.997,1,0.963,0.995,0.773,1,1,324,0
398,0,0.001,0.967,1,1,0.96,0.995,0.776,1,1,201,0
399,0,0.001,0.943,1,1,0.969,0.995,0.777,1,1,288,0
400,0,0,0.984,1,0.999,0.976,0.994,0.613,1,1,188,1
401,0,0.001,0.954,0.999,1,0.976,0.995,0.779,1,1,295,0
402,0,0,0.954,0.998,1,0.969,0.995,0.762,1,1,193,1
403,0,0.001,0.948,1,1,0.966,0.995,0.763,1,1,321,0
404,0,0,0.963,1,0.999,0.969,0.994,0.599,1,1,180,1
405,0,0.001,0.986,0.999,1,0.971,0.995,0.774,1,1,205,0
406,0,0,0.962,0.999,1,0.983,0.995,0.781,1,1,204,0
407,0,0.001,0.974,1,0.999,0.962,0.994,0.812,1,1,269,0
408,0,0,0.978,1,0.999,0.96,0.994,0.88,1,1,174,1
409,0,0,0.964,0.999,1,0.971,0.995,0.768,1,1,256,0
410,0,0.001,0.994,1,0.999,0.972,0.994,0.609,1,1,161,1
411,0,0.001,0.983,1,0.999,0.964,0.994,0.851,1,1,190,1
412,0,0,0.977,1,0.999,0.955,0.994,0.752,1,1,222,0
413,0,0,0.983,1,0.999,0.977,0.994,0.574,1,1,164,1
414,0,0.001,0.97,1,0.999,0.97,0.994,0.826,1,1,194,1
415,0,0.001,0.955,0.997,1,0.971,0.995,0.771,1,1,525,0
416,0,0.001,0.971,1,0.999,0.978,0.994,0.593,1,1,195,1
417,0,0,0.95,1,1,0.974,0.995,0.766,1,1,215,0
418,0,0.001,0.965,1,0.999,0.982,0.994,0.613,1,1,178,1
419,0,0.001,0.953,1,1,0.963,0.995,0.764,1,1,299,0
420,0,0.001,0.955,0.999,1,0.96,0.995,0.773,1,1,190,1
421,0,0.001,0.955,1,0.999,0.958,0.994,0.81,1,1,199,1
422,0,0,0.942,0.999,1,0.973,0.995,0.772,1,1,246,0
423,0,0.001,0.982,1,0.999,0.957,0.994,0.652,1,1,231,0
424,0,0.001,0.98,1,0.999,0.964,0.994,0.952,1,1,195,1
425,0,0,0.999,1,0.999,0.966,0.994,0.6,1,1,234,0
426,0,0,0.973,1,0.999,0.968,0.994,0.7,1,1,165,1
427,0,0.001,0.961,1,0.999,0.976,0.994,0.622,1,1,263,0
428,0,0.001,0.972,1,1,0.952,0.995,0.993,1,1,201,0
429,0,0,0.966,1,0.999,0.978,0.994,0.622,1,1,170,1
430,0,0,0.974,1,0.999,0.974,0.994,0.667,1,1,172,1
431,0,0.001,0.963,0.997,1,0.962,0.995,0.776,1,1,409,0
432,0,0.001,0.973,0.998,1,0.965,0.995,0.768,1,1,232,0
433,0,0,0.967,0.999,1,0.969,0.995,0.777,1,1,215,0
434,0,0,0.967,1,0.999,0.976,0.994,0.777,1,1,193,1
435,0,0.001,0.973,0.998,1,0.976,0.995,0.769,1,1,259,0
436,0,0.001,0.97,1,0.999,0.979,0.994,0.563,1,1,153,1
437,0,0,0.956,0.999,1,0.969,0.995,0.785,1,1,255,0
438,0,0,0.986,1,0.999,0.98,0.994,0.687,1,1,221,0
439,0,0.001,0.96,1,0.999,0.967,0.994,0.618,1,1,166,1
440,0,0.001,0.956,1,0.999,0.963,0.994,0.6,1,1,147,1
441,0,0,0.953,0.998,1,0.974,0.995,0.78,1,1,347,0
442,0,0,0.976,0.999,1,0.962,0.995,0.774,1,1,285,0
443,0,0.001,0.98,1,0.999,0.966,0.994,0.72,1,1,181,1
444,0,0.001,0.971,0.998,1,0.975,0.995,0.772,1,1,226,0
445,0,0,0.974,1,1,0.96,0.995,0.759,1,1,266,0
446,0,0,0.961,1,0.999,0.965,0.994,0.816,1,1,341,0
447,0,0.001,0.981,1,0.999,0.962,0.994,0.807,1,1,172,1
448,0,0.001,0.953,0.997,1,0.966,0.995,0.772,1,1,322,0
449,0,0.001,0.938,0.999,1,0.964,0.995,0.778,1,1,207,0
450,0,0.001,0.955,1,0.999,0.966,0.994,0.668,1,1,181,1
451,0,0,0.965,1,0.999,0.97,0.994,0.631,1,1,156,1
452,0,0.001,0.967,1,0.999,0.968,0.994,0.609,1,1,158,1
453,0,0,0.979,1,0.999,0.974,0.994,0.597,1,1,171,1
454,0,0.001,0.95,1,1,0.965,0.995,0.775,1,1,392,0
455,0,0,0.969,1,0.999,0.979,0.994,0.786,1,1,166,1
456,0,0,0.963,0.998,1,0.977,0.995,0.769,1,1,491,0
457,0,0.001,0.95,0.999,1,0.955,0.995,0.768,1,1,275,0
458,0,0.001,0.959,0.998,1,0.962,0.995,0.769,1,1,307,0
459,0,0.001,0.939,1,0.999,0.976,0.994,0.649,1,1,145,1
460,0,0.001,0.986,1,0.999,0.964,0.994,0.646,1,1,152,1
461,1,0.998,0.23,0.001,0.628,0.478,0.995,0.649,1,0,321,0
462,1,0.998,0.24,0.003,0.627,0.493,0.993,0.541,1,0,299,0
463,1,0.999,0.221,0.001,0.628,0.49,0.995,0.654,1,0,307,0
464,1,0.998,0.246,0.003,0.63,0.498,0.997,0.7,1,0,274,0
465,1,0.998,0.236,0.003,0.629,0.482,0.997,0.679,1,0,193,1
466,1,0.998,0.228,0.001,0.628,0.475,0.995,0.665,1,0,331,0
467,1,0.998,0.207,0.003,0.627,0.495,0.993,0.542,1,0,221,0
468,0.238,0.297,0.71,0.616,0.853,0.781,0.995,0.71,1,1,230,0
469,1,0.998,0.229,0.001,0.628,0.48,0.995,0.657,1,0,334,0
470,1,0.998,0.251,0.001,0.628,0.496,0.995,0.657,1,0,354,0
471,1,1,0.209,0.003,0.627,0.479,0.993,0.506,1,0,301,0
472,0,0.001,0.958,0.999,1,0.974,0.995,0.787,1,1,272,0
473,0.238,0.297,0.718,0.616,0.854,0.795,0.995,0.569,1,1,256,0
474,1,0.999,0.219,0.002,0.628,0.496,0.995,0.661,1,0,253,0
475,0.833,0.998,0.233,0.146,0.652,0.473,0.996,0.624,1,0,224,0
476,1,0.998,0.243,0.003,0.629,0.485,0.996,0.643,1,0,184,1
477,0.833,0.998,0.233,0.146,0.649,0.474,0.992,0.425,1,0,151,1
478,0,0.001,0.954,0.997,1,0.983,0.995,0.775,1,1,343,0
479,1,0.998,0.224,0.002,0.626,0.49,0.992,0.487,1,0,210,0
480,1,0.998,0.232,0.003,0.629,0.492,0.996,0.636,1,0,245,0
481,1,0.998,0.217,0.002,0.628,0.486,0.995,0.672,1,0,227,0
482,1,0.999,0.227,0.003,0.631,0.491,0.999,0.775,1,0,211,0
483,0.476,0.832,0.547,0.501,0.864,0.707,0.994,0.452,1,1,280,0
484,0.595,0.736,0.033,0.21,0,0.029,0.001,0.044,0,0,186,1
485,0.595,0.736,0.031,0.21,0.001,0,0.002,0.052,0,0,150,1
486,1,0.998,0.226,0.003,0.627,0.477,0.993,0.526,1,0,297,0
487,0.238,0.297,0.731,0.616,0.853,0.789,0.994,0.625,1,1,163,1
488,1,0.998,0.22,0.003,0.626,0.485,0.991,0.477,1,0,202,0
489,0,0.001,0.964,1,0.999,0.981,0.994,0.581,1,1,247,0
490,1,0.998,0.232,0.003,0.631,0.478,0.999,0.78,1,0,297,0
491,0.238,0.299,0.711,0.616,0.853,0.78,0.994,0.669,1,1,263,0
492,0.238,0.298,0.706,0.616,0.854,0.796,0.995,0.789,1,1,219,0
493,1,0.998,0.23,0.003,0.629,0.486,0.996,0.623,1,0,201,0
494,1,0.999,0.22,0.003,0.629,0.487,0.996,0.666,1,0,276,0
495,1,0.998,0.217,0.002,0.628,0.49,0.995,0.657,1,0,221,0
496,0.238,0.297,0.718,0.616,0.853,0.795,0.994,0.608,1,1,143,1
497,1,1,0.224,0.001,0.628,0.494,0.995,0.654,1,0,388,0
498,0.476,0.832,0.556,0.501,0.864,0.722,0.994,0.443,1,1,177,1
499,1,1,0.221,0.001,0.628,0.492,0.995,0.668,1,0,202,0
500,1,1,0.218,0.003,0.627,0.501,0.994,0.547,1,0,206,0
501,1,0.998,0.242,0.003,0.629,0.494,0.995,0.631,1,0,279,0
502,0,0.001,0.943,1,1,0.967,0.995,0.779,1,1,280,0
503,0,0.002,0.967,1,1,0.983,0.995,0.763,1,1,223,0
504,0.476,0.831,0.549,0.501,0.866,0.686,0.996,0.742,1,1,203,0
505,1,0.998,0.234,0.003,0.629,0.493,0.996,0.673,1,0,177,1
506,1,0.998,0.213,0.001,0.628,0.485,0.995,0.66,1,0,321,0
507,0,0.001,0.963,0.997,1,0.961,0.995,0.771,1,1,375,0
508,0.238,0.297,0.694,0.613,0.854,0.792,0.996,0.785,1,1,322,0
509,0,0.001,0.964,0.998,1,0.963,0.995,0.762,1,1,446,0
510,1,0.998,0.209,0.002,0.628,0.498,0.995,0.688,1,0,172,1
511,1,0.998,0.228,0.001,0.628,0.487,0.995,0.657,1,0,285,0
512,1,0.998,0.243,0.001,0.628,0.496,0.995,0.671,1,0,357,0
513,0.833,0.998,0.224,0.144,0.652,0.484,0.996,0.623,1,0,304,0
514,1,0.998,0.228,0.001,0.628,0.505,0.995,0.67,1,0,197,1
515,1,0.998,0.231,0.003,0.629,0.499,0.996,0.626,1,0,344,0
516,0.833,0.998,0.246,0.146,0.65,0.474,0.993,0.458,1,0,347,0
517,1,1,0.231,0.003,0.627,0.493,0.994,0.556,1,0,193,1
518,1,1,0.228,0.001,0.628,0.483,0.995,0.656,1,0,281,0
519,0.476,0.831,0.558,0.501,0.864,0.705,0.994,0.439,1,1,177,1
520,1,0.998,0.232,0.003,0.63,0.486,0.997,0.705,1,0,218,0
521,0.476,0.831,0.539,0.501,0.866,0.676,0.997,0.765,1,1,244,0
522,1,0.999,0.227,0.001,0.628,0.504,0.995,0.662,1,0,297,0
523,1,0.998,0.231,0.003,0.63,0.493,0.997,0.695,1,0,170,1
524,1,0.998,0.232,0.003,0.627,0.507,0.994,0.564,1,0,184,1
525,1,1,0.225,0.001,0.628,0.484,0.995,0.662,1,0,351,0
526,1,0.998,0.243,0.001,0.628,0.507,0.995,0.653,1,0,175,1
527,1,1,0.23,0.003,0.627,0.5,0.993,0.526,1,0,167,1
528,1,0.998,0.23,0.003,0.631,0.497,0.998,0.747,1,0,163,1
529,0.833,0.998,0.238,0.144,0.652,0.474,0.996,0.622,1,0,226,0
530,0,0.003,0.962,1,0.999,0.955,0.994,0.645,1,1,185,1
531,0.833,0.998,0.221,0.144,0.652,0.466,0.996,0.622,1,0,312,0
532,0.238,0.297,0.71,0.616,0.854,0.785,0.995,0.652,1,1,308,0
533,1,0.998,0.222,0.002,0.626,0.5,0.992,0.479,1,0,181,1
534,1,0.998,0.203,0.003,0.627,0.486,0.993,0.519,1,0,244,0
535,1,0.999,0.223,0.003,0.63,0.504,0.997,0.697,1,0,230,0
536,0.595,0.739,0.012,0.21,0.001,0.019,0.001,0.043,0,0,152,1
537,0.238,0.299,0.71,0.616,0.853,0.777,0.995,0.579,1,1,148,1
538,1,0.998,0.218,0.002,0.628,0.479,0.995,0.657,1,0,250,0
539,1,0.999,0.218,0.001,0.628,0.485,0.995,0.672,1,0,218,0
540,0,0.001,0.943,0.999,1,0.971,0.995,0.774,1,1,305,0
541,1,0.998,0.237,0.003,0.63,0.484,0.998,0.743,1,0,187,1
542,1,0.998,0.215,0.003,0.628,0.474,0.995,0.61,1,0,197,1
543,0.595,0.736,0.028,0.21,0,0.024,0,0.022,0,0,184,1
544,1,0.998,0.235,0.002,0.626,0.5,0.992,0.474,1,0,159,1
545,0.238,0.297,0.729,0.616,0.853,0.801,0.994,0.665,1,1,277,0
546,1,0.999,0.202,0.003,0.628,0.491,0.995,0.619,1,0,232,0
547,0.833,1,0.245,0.146,0.652,0.466,0.996,0.618,1,0,259,0
548,0,0.001,0.957,0.997,1,0.967,0.995,0.779,1,1,388,0
549,1,0.999,0.245,0.003,0.629,0.493,0.997,0.682,1,0,168,1
550,1,0.998,0.218,0.003,0.63,0.496,0.997,0.681,1,0,212,0
551,1,1,0.208,0.001,0.628,0.479,0.995,0.667,1,0,354,0
552,0.238,0.297,0.719,0.616,0.853,0.787,0.995,0.635,1,1,191,1
553,0,0.002,0.965,1,0.999,0.97,0.994,0.726,1,1,196,1
554,1,0.998,0.229,0.002,0.628,0.5,0.995,0.657,1,0,249,0
555,1,0.998,0.22,0.001,0.628,0.489,0.995,0.663,1,0,239,0
556,0.833,1,0.244,0.145,0.652,0.467,0.996,0.627,1,0,270,0
557,0.833,1,0.239,0.146,0.652,0.479,0.996,0.616,1,0,262,0
558,0.238,0.297,0.713,0.616,0.853,0.78,0.995,0.843,1,1,245,0
559,0.833,0.998,0.227,0.146,0.65,0.468,0.993,0.471,1,0,167,1
560,1,0.998,0.233,0.001,0.628,0.477,0.995,0.663,1,0,261,0
561,0.595,0.737,0.016,0.21,0,0.009,0.001,0.027,0,0,260,0
562,0,0.002,0.971,1,0.999,0.966,0.994,0.651,1,1,194,1
563,1,0.998,0.24,0.003,0.627,0.487,0.993,0.541,1,0,224,0
564,0.238,0.297,0.703,0.615,0.854,0.787,0.996,0.747,1,1,203,0
565,0,0.001,0.97,1,0.999,0.983,0.994,0.632,1,1,170,1
566,1,0.998,0.239,0.003,0.629,0.495,0.996,0.649,1,0,266,0
567,0,0.002,0.975,1,0.999,0.966,0.994,0.618,1,1,183,1
568,0,0.001,0.963,0.999,1,0.98,0.995,0.777,1,1,304,0
569,1,0.998,0.235,0.001,0.628,0.473,0.995,0.668,1,0,325,0
570,1,0.998,0.217,0.003,0.628,0.476,0.994,0.571,1,0,186,1
571,1,0.999,0.211,0.001,0.628,0.492,0.995,0.65,1,0,297,0
572,1,1,0.234,0.003,0.627,0.495,0.994,0.546,1,0,340,0
573,1,0.998,0.244,0.003,0.627,0.492,0.993,0.514,1,0,184,1
574,1,1,0.249,0.002,0.628,0.479,0.995,0.658,1,0,161,1
575,0.833,0.999,0.214,0.146,0.649,0.473,0.992,0.419,1,0,131,1
576,1,0.999,0.225,0,0.628,0.496,0.995,0.663,1,0,344,0
577,1,0.999,0.213,0.001,0.628,0.502,0.995,0.658,1,0,342,0
578,1,0.999,0.229,0.001,0.628,0.478,0.995,0.654,1,0,543,0
579,1,0.998,0.219,0.003,0.628,0.488,0.995,0.609,1,0,187,1
580,1,0.998,0.242,0.002,0.626,0.504,0.992,0.479,1,0,177,1
581,1,0.998,0.236,0.003,0.628,0.49,0.995,0.616,1,0,194,1
582,0.595,0.738,0.011,0.21,0.002,0.012,0.003,0.109,0,0,174,1
583,1,0.999,0.237,0.003,0.63,0.5,0.997,0.702,1,0,226,0
584,1,0.998,0.244,0.003,0.627,0.496,0.993,0.512,1,0,170,1
585,1,0.998,0.23,0.002,0.628,0.491,0.995,0.667,1,0,239,0
586,1,0.998,0.216,0.001,0.628,0.486,0.995,0.654,1,0,302,0
587,1,0.998,0.229,0.002,0.628,0.501,0.995,0.657,1,0,235,0
588,1,0.998,0.236,0.002,0.628,0.483,0.995,0.652,1,0,248,0
589,0.238,0.297,0.714,0.616,0.853,0.787,0.994,0.627,1,1,190,1
590,0.238,0.297,0.714,0.616,0.853,0.802,0.995,0.659,1,1,166,1
591,0,0.003,0.964,0.998,1,0.97,0.995,0.764,1,1,370,0
592,0.238,0.297,0.693,0.614,0.854,0.787,0.996,0.757,1,1,254,0
593,1,0.999,0.225,0.001,0.628,0.477,0.995,0.672,1,0,489,0
594,0.476,0.831,0.581,0.501,0.864,0.689,0.994,0.447,1,1,247,0
595,1,0.999,0.229,0.003,0.626,0.486,0.992,0.485,1,0,149,1
596,0,0.001,0.947,0.999,1,0.983,0.995,0.77,1,1,205,0
597,1,0.999,0.226,0.003,0.627,0.497,0.993,0.515,1,0,225,0
598,1,0.998,0.221,0.003,0.627,0.493,0.993,0.522,1,0,178,1
599,1,0.998,0.245,0.003,0.63,0.491,0.997,0.71,1,0,251,0
600,1,0.998,0.24,0.002,0.628,0.473,0.995,0.648,1,0,298,0
601,1,0.998,0.226,0.003,0.627,0.487,0.993,0.53,1,0,199,1
602,0,0.001,0.979,1,0.999,0.974,0.994,0.762,1,1,209,0
603,1,0.998,0.22,0.003,0.627,0.497,0.993,0.522,1,0,184,1
604,1,0.999,0.217,0.001,0.628,0.494,0.995,0.66,1,0,297,0
605,1,0.998,0.228,0.003,0.629,0.486,0.996,0.662,1,0,228,0
606,0.238,0.298,0.695,0.616,0.853,0.791,0.995,0.747,1,1,303,0
607,1,0.998,0.223,0.002,0.627,0.5,0.993,0.514,1,0,234,0
608,1,0.998,0.222,0.001,0.628,0.472,0.995,0.658,1,0,193,1
609,1,0.999,0.226,0.002,0.628,0.495,0.995,0.66,1,0,261,0
610,0.238,0.297,0.726,0.616,0.853,0.79,0.994,0.594,1,1,149,1
611,0,0.001,0.947,0.997,1,0.968,0.995,0.774,1,1,351,0
612,0.833,0.999,0.228,0.146,0.651,0.467,0.995,0.526,1,0,262,0
613,0.595,0.736,0.016,0.21,0.001,0.016,0.001,0.034,0,0,168,1
614,0.833,0.998,0.243,0.144,0.652,0.465,0.996,0.622,1,0,203,0
615,1,0.998,0.201,0.001,0.628,0.487,0.995,0.656,1,0,295,0
616,0,0.001,0.971,1,0.999,0.965,0.994,0.562,1,1,139,1
617,0,0.001,0.955,0.996,1,0.981,0.995,0.76,1,1,298,0
618,1,0.998,0.244,0.001,0.628,0.485,0.995,0.651,1,0,399,0
619,0,0.001,0.962,0.997,1,0.972,0.995,0.782,1,1,288,0
620,0.595,0.737,0.014,0.21,0.001,0.019,0.002,0.056,0,0,187,1
621,0,0.001,0.965,1,1,0.968,0.995,0.769,1,1,303,0
622,1,0.998,0.219,0.001,0.628,0.488,0.995,0.664,1,0,313,0
623,1,0.999,0.246,0.002,0.628,0.478,0.995,0.648,1,0,285,0
624,0.833,0.998,0.225,0.142,0.652,0.456,0.996,0.625,1,0,380,0
625,0,0.001,0.951,1,0.999,0.974,0.994,0.621,1,1,255,0
626,1,0.999,0.251,0.003,0.628,0.487,0.995,0.59,1,0,269,0
627,0.238,0.297,0.715,0.616,0.853,0.801,0.994,0.695,1,1,263,0
628,1,0.998,0.217,0.003,0.631,0.504,0.999,0.808,1,0,196,1
629,0,0.001,0.968,0.998,1,0.974,0.995,0.767,1,1,227,0
630,0.476,0.832,0.554,0.501,0.864,0.707,0.994,0.422,1,1,161,1
631,1,0.998,0.226,0.002,0.628,0.498,0.995,0.65,1,0,399,0
632,1,0.998,0.225,0.003,0.629,0.479,0.996,0.665,1,0,273,0
633,1,0.999,0.222,0.001,0.628,0.479,0.995,0.66,1,0,457,0
634,1,1,0.235,0,0.628,0.494,0.995,0.657,1,0,370,0
635,0.238,0.297,0.72,0.616,0.854,0.782,0.994,0.695,1,1,156,1
636,1,0.999,0.229,0.003,0.628,0.489,0.994,0.576,1,0,180,1
637,1,0.998,0.23,0.003,0.629,0.485,0.996,0.666,1,0,242,0
638,1,1,0.238,0.003,0.628,0.484,0.994,0.567,1,0,170,1
639,0.238,0.299,0.68,0.614,0.854,0.791,0.996,0.757,1,1,435,0
640,1,0.999,0.251,0.002,0.628,0.492,0.995,0.658,1,0,344,0
641,0,0.001,0.955,1,0.999,0.985,0.994,0.592,1,1,134,1
642,1,0.998,0.224,0.003,0.627,0.484,0.993,0.508,1,0,205,0
643,1,0.998,0.249,0.003,0.63,0.489,0.997,0.682,1,0,190,1
644,1,0.998,0.238,0.002,0.628,0.49,0.995,0.662,1,0,379,0
645,0.833,0.998,0.229,0.144,0.652,0.47,0.996,0.617,1,0,259,0
646,0,0.001,0.975,1,0.999,0.971,0.994,0.62,1,1,163,1
647,0.238,0.299,0.699,0.615,0.854,0.784,0.996,0.761,1,1,273,0
648,0.238,0.299,0.712,0.616,0.853,0.793,0.994,0.653,1,1,254,0
649,1,0.999,0.24,0.002,0.627,0.487,0.993,0.527,1,0,239,0
650,0.833,0.998,0.244,0.143,0.652,0.469,0.996,0.628,1,0,381,0
651,1,0.998,0.229,0.001,0.628,0.48,0.995,0.649,1,0,297,0
652,1,0.998,0.225,0.003,0.628,0.479,0.995,0.593,1,0,190,1
653,1,0.998,0.242,0.003,0.63,0.488,0.997,0.69,1,0,197,1
654,0.238,0.297,0.71,0.616,0.853,0.789,0.994,0.599,1,1,145,1
655,1,0.998,0.23,0.002,0.626,0.497,0.992,0.488,1,0,159,1
656,1,0.998,0.241,0.003,0.63,0.481,0.998,0.733,1,0,174,1
657,0.238,0.297,0.681,0.616,0.853,0.801,0.995,0.573,1,1,170,1
658,0.238,0.297,0.703,0.616,0.855,0.8,0.996,0.764,1,1,164,1
659,1,1,0.239,0.003,0.627,0.499,0.993,0.528,1,0,176,1
660,1,0.998,0.221,0.001,0.628,0.491,0.995,0.663,1,0,225,0
661,0,0.003,0.968,1,0.999,0.958,0.994,0.723,1,1,378,0
662,0.238,0.297,0.709,0.615,0.854,0.777,0.996,0.762,1,1,241,0
663,1,0.998,0.235,0.002,0.628,0.493,0.995,0.663,1,0,324,0
664,1,0.999,0.218,0.003,0.631,0.479,0.999,0.788,1,0,211,0
665,1,0.998,0.226,0.003,0.628,0.489,0.994,0.57,1,0,242,0
666,0.238,0.297,0.715,0.616,0.853,0.797,0.995,0.677,1,1,263,0
667,1,0.998,0.215,0.002,0.628,0.472,0.995,0.657,1,0,379,0
668,1,0.998,0.223,0.003,0.631,0.487,0.999,0.795,1,0,290,0
669,1,0.999,0.231,0.003,0.628,0.493,0.995,0.601,1,0,161,1
670,1,1,0.245,0.003,0.631,0.469,0.999,0.777,1,0,167,1
671,1,0.998,0.218,0.003,0.627,0.491,0.993,0.553,1,0,146,1
672,1,0.998,0.233,0.003,0.63,0.482,0.997,0.693,1,0,229,0
673,0.476,0.833,0.538,0.501,0.864,0.706,0.995,0.518,1,1,197,1
674,0,0.001,0.981,1,0.999,0.971,0.994,0.567,1,1,128,1
675,1,0.998,0.225,0.003,0.629,0.474,0.996,0.658,1,0,361,0
676,1,0.998,0.207,0.003,0.628,0.493,0.995,0.604,1,0,244,0
677,0.595,0.739,0.014,0.21,0.001,0.041,0.002,0.071,0,0,200,1
678,0.238,0.297,0.72,0.616,0.853,0.79,0.995,0.589,1,1,236,0
679,0,0.002,0.966,0.999,1,0.96,0.995,0.767,1,1,190,1
680,1,0.998,0.213,0.003,0.629,0.482,0.996,0.654,1,0,202,0
681,1,0.999,0.223,0.001,0.628,0.476,0.995,0.67,1,0,274,0
682,0,0.001,0.962,1,0.999,0.982,0.994,0.613,1,1,202,0
683,0.238,0.297,0.696,0.616,0.853,0.802,0.995,0.606,1,1,247,0
684,1,0.998,0.222,0.001,0.628,0.5,0.995,0.663,1,0,268,0
685,0.238,0.297,0.699,0.613,0.854,0.787,0.996,0.756,1,1,418,0
686,0,0.001,0.972,1,0.999,0.962,0.994,0.719,1,1,194,1
687,0.833,0.998,0.233,0.145,0.652,0.472,0.996,0.615,1,0,287,0
688,0.833,0.998,0.216,0.146,0.652,0.465,0.996,0.608,1,0,279,0
689,0.476,0.832,0.559,0.501,0.865,0.691,0.995,0.606,1,1,280,0
690,1,0.998,0.216,0.001,0.628,0.495,0.995,0.659,1,0,250,0
691,1,0.998,0.232,0.003,0.626,0.49,0.992,0.489,1,0,194,1
692,1,0.998,0.236,0.002,0.626,0.492,0.993,0.499,1,0,273,0
693,1,1,0.217,0.003,0.628,0.486,0.995,0.615,1,0,289,0
694,1,0.998,0.241,0.003,0.626,0.493,0.992,0.47,1,0,207,0
695,1,0.998,0.243,0.002,0.628,0.491,0.995,0.657,1,0,199,1
696,1,0.998,0.233,0.001,0.628,0.493,0.995,0.67,1,0,225,0
697,1,0.999,0.224,0.002,0.627,0.483,0.994,0.57,1,0,212,0
698,1,1,0.224,0.001,0.628,0.488,0.995,0.673,1,0,187,1
699,0,0.002,0.973,0.998,1,0.965,0.995,0.773,1,1,365,0
700,1,0.998,0.231,0.003,0.626,0.497,0.992,0.493,1,0,149,1
701,0.833,1,0.238,0.146,0.651,0.47,0.994,0.496,1,0,332,0
702,1,0.999,0.217,0.003,0.626,0.506,0.992,0.519,1,0,222,0
703,1,0.998,0.208,0.001,0.628,0.472,0.995,0.656,1,0,327,0
704,1,1,0.223,0.003,0.629,0.486,0.996,0.667,1,0,267,0
705,0.238,0.299,0.716,0.616,0.853,0.786,0.995,0.642,1,1,205,0
706,0.595,0.736,0.021,0.21,0,0.01,0,0.023,0,0,161,1
707,1,0.999,0.218,0.001,0.628,0.486,0.995,0.659,1,0,211,0
708,0,0.001,0.971,1,0.999,0.981,0.994,0.609,1,1,184,1
709,1,0.998,0.231,0.001,0.628,0.481,0.995,0.663,1,0,255,0
