Label,event_time,label
TRUE,0.163948053,1
TRUE,0.248748982,1
FALSE,0.587294093,0
TRUE,0.044885466,1
TRUE,0.287946988,1
TRUE,0.080409853,1
TRUE,0.014085685,1
TRUE,0.008929342,1
TRUE,0.139859495,1
TRUE,0.016217351,1
TRUE,0.228802995,1
TRUE,0.352615767,1
TRUE,0.006583777,1
TRUE,0.13385906,1
TRUE,0.073022983,1
TRUE,0.099132959,1
TRUE,0.012429749,1
FALSE,0.587294093,0
TRUE,0.284759729,1
TRUE,0.03111552,1
TRUE,0.233643975,1
TRUE,0.004274061,1
FALSE,0.587294093,0
TRUE,0.00977307,1
TRUE,0.038718428,1
TRUE,0.017368582,1
TRUE,0.012262197,1
TRUE,0.3029598,1
TRUE,0.341736764,1
TRUE,0.133873096,1
TRUE,0.067941157,1
TRUE,0.124495306,1
TRUE,0.566081517,1
TRUE,0.03842813,1
TRUE,0.270296232,1
TRUE,0.018801121,1
TRUE,0.062530702,1
TRUE,0.042976209,1
TRUE,0.061225339,1
TRUE,0.000580338,1
TRUE,0.000759061,1
TRUE,0.018237034,1
TRUE,0.063982502,1
FALSE,0.587294093,0
TRUE,0.161201548,1
TRUE,0.001884796,1
TRUE,0.369181932,1
FALSE,0.587294093,0
TRUE,0.036341427,1
TRUE,0.086499042,1
TRUE,0.285694463,1
TRUE,0.34673966,1
TRUE,0.080640738,1
TRUE,0.327336877,1
TRUE,0.11439694,1
TRUE,0.036612792,1
TRUE,0.260104395,1
TRUE,0.030943352,1
TRUE,0.194707952,1
TRUE,0.530531063,1
TRUE,0.07072367,1
TRUE,0.027776064,1
TRUE,0.001831624,1
TRUE,0.372490219,1
TRUE,0.08524362,1
TRUE,0.025392103,1
TRUE,0.335646909,1
TRUE,0.012963673,1
TRUE,0.002703445,1
TRUE,0.159364214,1
TRUE,0.066549755,1
TRUE,0.01175269,1
TRUE,0.034675615,1
TRUE,0.025356958,1
TRUE,0.204240158,1
TRUE,0.357782023,1
TRUE,0.048522612,1
TRUE,0.077875073,1
TRUE,0.044152117,1
TRUE,0.053894143,1
TRUE,0.260725199,1
TRUE,0.001009613,1
TRUE,0.059104943,1
TRUE,0.112036713,1
TRUE,0.047232086,1
FALSE,0.587294093,0
TRUE,0.145557953,1
TRUE,0.012088718,1
TRUE,0.028626463,1
TRUE,0.510695912,1
TRUE,0.094091115,1
TRUE,0.006731857,1
FALSE,0.587294093,0
TRUE,0.023705405,1
FALSE,0.587294093,0
TRUE,0.004343177,1
TRUE,0.000253504,1
TRUE,0.053704264,1
TRUE,0.131499733,1
FALSE,0.587294093,0
TRUE,0.005232515,1
FALSE,0.587294093,0
TRUE,0.240854989,1
TRUE,0.453873198,1
TRUE,0.313763019,1
TRUE,0.213661587,1
TRUE,0.069961364,1
TRUE,0.131721987,1
TRUE,0.261063489,1
TRUE,0.127021128,1
TRUE,0.191451589,1
TRUE,0.093883062,1
TRUE,0.04102583,1
FALSE,0.587294093,0
TRUE,0.093099866,1
TRUE,0.249988978,1
TRUE,0.274418358,1
TRUE,0.106927802,1
FALSE,0.587294093,0
TRUE,0.473392892,1
TRUE,0.036322737,1
TRUE,0.095702595,1
TRUE,0.375511493,1
TRUE,0.130102692,1
TRUE,0.209837224,1
TRUE,0.15149332,1
TRUE,0.175753099,1
TRUE,0.058426865,1
TRUE,0.016018402,1
TRUE,0.084719268,1
TRUE,0.127058078,1
TRUE,0.243868267,1
TRUE,0.364744136,1
FALSE,0.587294093,0
TRUE,0.009799863,1
TRUE,0.093285114,1
TRUE,0.074404254,1
TRUE,0.481506696,1
TRUE,0.486194925,1
TRUE,0.240569319,1
TRUE,0.140950939,1
TRUE,0.45915386,1
TRUE,0.063801488,1
TRUE,0.005451445,1
TRUE,0.370861148,1
FALSE,0.587294093,0
TRUE,0.032356481,1
TRUE,0.02543043,1
TRUE,0.014709617,1
TRUE,0.427974717,1
TRUE,0.086874649,1
TRUE,0.437945052,1
TRUE,0.119825929,1
TRUE,0.001742215,1
TRUE,0.118434247,1
TRUE,0.2928347,1
FALSE,0.587294093,0
TRUE,0.475210493,1
TRUE,0.301073505,1
TRUE,0.02524653,1
TRUE,0.326229949,1
TRUE,0.337424141,1
TRUE,0.152506433,1
TRUE,0.216279261,1
TRUE,0.198754949,1
TRUE,0.067203853,1
FALSE,0.587294093,0
TRUE,0.322264571,1
TRUE,0.035111283,1
TRUE,0.049072193,1
TRUE,0.203039522,1
TRUE,0.267718853,1
FALSE,0.587294093,0
TRUE,0.113675207,1
TRUE,0.515107296,1
TRUE,0.03902496,1
TRUE,0.323367468,1
TRUE,0.017843716,1
FALSE,0.587294093,0
TRUE,0.032746277,1
TRUE,0.533225317,1
TRUE,0.097564011,1
TRUE,0.284287626,1
TRUE,0.003871923,1
TRUE,0.059560266,1
TRUE,0.02282488,1
TRUE,0.135925189,1
TRUE,0.148429236,1
TRUE,0.062034659,1
TRUE,0.237861314,1
TRUE,0.039378113,1
FALSE,0.587294093,0
TRUE,0.202278712,1
TRUE,0.015733553,1
TRUE,0.035291586,1
TRUE,0.014557681,1
TRUE,0.087515403,1
TRUE,0.077588116,1
TRUE,0.212843553,1
TRUE,0.365226134,1
TRUE,0.102493736,1
FALSE,0.587294093,0
TRUE,0.199261166,1
TRUE,0.297554265,1
TRUE,0.162204656,1
FALSE,0.587294093,0
TRUE,0.038977873,1
TRUE,0.012100477,1
TRUE,0.085397035,1
TRUE,0.095980882,1
TRUE,0.101730247,1
TRUE,0.068491424,1
TRUE,0.028354502,1
TRUE,0.048558784,1
TRUE,0.04936782,1
TRUE,0.107266514,1
TRUE,0.13707595,1
TRUE,0.185531468,1
TRUE,0.167085124,1
TRUE,0.171801433,1
TRUE,0.543997809,1
TRUE,0.037623688,1
TRUE,0.038598824,1
FALSE,0.587294093,0
TRUE,0.119054691,1
TRUE,0.406917706,1
TRUE,0.075595679,1
TRUE,0.193809983,1
TRUE,0.263586982,1
TRUE,0.303722688,1
TRUE,0.122293267,1
TRUE,0.043919281,1
FALSE,0.587294093,0
TRUE,0.07055125,1
TRUE,0.306631175,1
TRUE,0.057181946,1
TRUE,0.15179183,1
TRUE,0.005422618,1
TRUE,0.295611748,1
TRUE,0.025592077,1
FALSE,0.587294093,0
TRUE,0.012707476,1
TRUE,0.224986192,1
TRUE,0.01718608,1
TRUE,0.561371758,1
TRUE,0.006242868,1
TRUE,0.01326383,1
TRUE,0.261619954,1
TRUE,0.107322874,1
TRUE,0.236144217,1
TRUE,0.038290575,1
TRUE,0.126554154,1
TRUE,0.000240524,1
FALSE,0.587294093,0
TRUE,0.072264511,1
TRUE,0.009980807,1
FALSE,0.587294093,0
TRUE,0.03694242,1
TRUE,0.538788304,1
TRUE,0.223816131,1
TRUE,0.480202914,1
TRUE,0.509957606,1
TRUE,0.037621483,1
TRUE,0.049344254,1
TRUE,0.018865681,1
TRUE,0.057343286,1
TRUE,0.174615792,1
TRUE,0.025511881,1
TRUE,0.209073463,1
TRUE,0.37133344,1
TRUE,0.170104266,1
TRUE,0.402302534,1
TRUE,0.021158497,1
TRUE,0.012072748,1
TRUE,0.037773907,1
FALSE,0.587294093,0
TRUE,0.022899351,1
TRUE,0.329021039,1
TRUE,0.44243799,1
TRUE,0.492384137,1
TRUE,0.541103018,1
TRUE,0.087999549,1
TRUE,0.162121404,1
TRUE,0.050881229,1
TRUE,0.127831152,1
TRUE,0.038288318,1
TRUE,0.524102692,1
TRUE,0.038852571,1
TRUE,0.127370634,1
FALSE,0.587294093,0
TRUE,0.247239621,1
TRUE,0.058154448,1
TRUE,0.003036777,1
TRUE,0.07869469,1
TRUE,0.070752554,1
TRUE,0.049219414,1
TRUE,0.112895744,1
TRUE,0.524249078,1
TRUE,0.115784755,1
TRUE,0.014609609,1
TRUE,0.003296886,1
TRUE,0.177474796,1
TRUE,0.278431212,1
FALSE,0.587294093,0
TRUE,0.062558056,1
TRUE,0.221463911,1
TRUE,0.100597259,1
TRUE,0.031155594,1
TRUE,0.016349661,1
TRUE,0.005226531,1
TRUE,0.24919059,1
TRUE,0.097404708,1
TRUE,0.323789549,1
TRUE,0.013454412,1
TRUE,0.030864781,1
TRUE,0.03181964,1
TRUE,0.273155352,1
TRUE,0.202333917,1
TRUE,0.009592559,1
TRUE,0.045872927,1
TRUE,0.068266561,1
TRUE,0.139643271,1
TRUE,0.404549667,1
TRUE,0.134799598,1
TRUE,0.346083147,1
TRUE,0.016921361,1
TRUE,0.344505562,1
TRUE,0.009393082,1
TRUE,0.134310252,1
TRUE,0.00664689,1
TRUE,0.063613885,1
TRUE,0.05343881,1
TRUE,0.10755334,1
FALSE,0.587294093,0
FALSE,0.587294093,0
TRUE,0.085621884,1
TRUE,0.4545249,1
FALSE,0.587294093,0
TRUE,0.045550875,1
TRUE,0.162220177,1
TRUE,0.376242821,1
TRUE,0.111033976,1
TRUE,0.08875009,1
TRUE,0.212182378,1
TRUE,0.104209468,1
TRUE,0.224201036,1
TRUE,0.302142905,1
TRUE,0.001154528,1
TRUE,0.271461285,1
TRUE,0.242334772,1
TRUE,0.033374178,1
TRUE,0.300471596,1
TRUE,0.00737731,1
TRUE,0.014758462,1
TRUE,0.207477357,1
TRUE,0.261536199,1
TRUE,0.157453019,1
TRUE,0.498600612,1
TRUE,0.01613871,1
TRUE,0.299207608,1
TRUE,0.051124596,1
FALSE,0.587294093,0
TRUE,0.187170611,1
TRUE,0.14238865,1
TRUE,0.404332816,1
FALSE,0.587294093,0
TRUE,0.26194342,1
TRUE,0.010135455,1
TRUE,0.206917035,1
TRUE,0.115539036,1
FALSE,0.587294093,0
TRUE,0.086008309,1
TRUE,0.184810839,1
TRUE,0.238237872,1
TRUE,0.245160533,1
FALSE,0.587294093,0
TRUE,0.038758281,1
TRUE,0.028463609,1
FALSE,0.587294093,0
TRUE,0.004934189,1
TRUE,0.194735822,1
TRUE,0.246600756,1
TRUE,0.049392653,1
TRUE,0.279169353,1
TRUE,0.396456163,1
TRUE,0.195672725,1
TRUE,0.316312717,1
TRUE,0.464582139,1
TRUE,0.329511686,1
TRUE,0.068797876,1
TRUE,0.251553282,1
FALSE,0.587294093,0
TRUE,0.018553091,1
TRUE,0.249039303,1
TRUE,0.092709826,1
TRUE,0.366557732,1
FALSE,0.587294093,0
TRUE,0.040674583,1
TRUE,0.4161612,1
TRUE,0.356384938,1
TRUE,0.150804981,1
TRUE,0.024474219,1
TRUE,0.068307649,1
TRUE,0.18310792,1
TRUE,0.03292035,1
TRUE,0.159907074,1
TRUE,0.02482901,1
TRUE,0.166458365,1
TRUE,0.024116664,1
TRUE,0.076490799,1
FALSE,0.587294093,0
TRUE,0.01508309,1
TRUE,0.004094902,1
TRUE,0.000382156,1
TRUE,0.067460724,1
TRUE,0.051444285,1
TRUE,0.341528888,1
TRUE,0.005324668,1
TRUE,0.377691904,1
TRUE,0.065935491,1
TRUE,0.077054483,1
TRUE,0.198017469,1
FALSE,0.587294093,0
TRUE,0.049289298,1
TRUE,0.144354297,1
TRUE,0.4232052,1
TRUE,0.005141163,1
TRUE,0.019865805,1
TRUE,0.391726697,1
FALSE,0.587294093,0
TRUE,0.289747489,1
TRUE,0.484386686,1
TRUE,0.192706111,1
TRUE,0.033038706,1
TRUE,0.563889273,1
TRUE,0.446570187,1
TRUE,0.094122205,1
TRUE,0.014226745,1
TRUE,0.055095804,1
TRUE,0.025890542,1
TRUE,0.313316303,1
TRUE,0.196194251,1
TRUE,0.132067386,1
TRUE,0.430178501,1
TRUE,0.101736476,1
TRUE,0.179582963,1
TRUE,0.164890397,1
TRUE,0.172615468,1
TRUE,0.043683602,1
TRUE,0.450837914,1
TRUE,0.046718347,1
TRUE,0.331456033,1
TRUE,0.020454848,1
TRUE,0.01531167,1
TRUE,0.161985669,1
TRUE,0.182641249,1
TRUE,0.536827512,1
TRUE,0.008113073,1
TRUE,0.008993286,1
TRUE,0.059862837,1
TRUE,0.100255521,1
FALSE,0.587294093,0
TRUE,0.048803362,1
TRUE,0.341150328,1
TRUE,0.019250956,1
TRUE,0.05976289,1
TRUE,0.017295336,1
FALSE,0.587294093,0
TRUE,0.574148416,1
FALSE,0.587294093,0
TRUE,0.000512983,1
TRUE,0.041171532,1
TRUE,0.206467596,1
FALSE,0.587294093,0
TRUE,0.479289929,1
TRUE,0.507765162,1
TRUE,0.108854219,1
TRUE,0.065306535,1
TRUE,0.471030014,1
TRUE,0.09122053,1
FALSE,0.587294093,0
TRUE,0.316660966,1
TRUE,0.065168353,1
TRUE,0.115156596,1
TRUE,0.247434164,1
TRUE,0.097368736,1
TRUE,0.002580997,1
TRUE,0.089367391,1
TRUE,0.021809363,1
TRUE,0.272918176,1
TRUE,0.12355292,1
TRUE,0.021382023,1
TRUE,0.099474684,1
TRUE,0.010578369,1
TRUE,0.088708178,1
TRUE,0.025786978,1
TRUE,0.006687621,1
FALSE,0.587294093,0
TRUE,0.022470178,1
FALSE,0.587294093,0
TRUE,0.20854738,1
TRUE,0.003185445,1
TRUE,0.201357716,1
FALSE,0.587294093,0
TRUE,0.089831143,1
TRUE,0.02498816,1
TRUE,0.53627,1
TRUE,0.236577666,1
TRUE,0.523869024,1
TRUE,0.129997634,1
TRUE,0.389012464,1
FALSE,0.587294093,0
TRUE,0.036296023,1
TRUE,0.042111627,1
TRUE,0.041027056,1
TRUE,0.037943561,1
TRUE,0.054970368,1
TRUE,0.100810198,1
TRUE,0.003443811,1
TRUE,0.255754248,1
FALSE,0.587294093,0
TRUE,0.149080946,1
TRUE,0.095723804,1
FALSE,0.587294093,0
TRUE,0.032996675,1
TRUE,0.000602211,1
TRUE,0.029667621,1
TRUE,0.058844179,1
FALSE,0.587294093,0
TRUE,0.169319467,1
TRUE,0.401253325,1
TRUE,0.285215744,1
TRUE,0.030592011,1
TRUE,0.010593079,1
TRUE,0.076254158,1
FALSE,0.587294093,0
FALSE,0.587294093,0
TRUE,0.02095045,1
TRUE,0.059822594,1
FALSE,0.587294093,0
TRUE,0.111479613,1
TRUE,0.084396315,1
TRUE,0.383391286,1
TRUE,0.086083545,1
TRUE,0.475182063,1
TRUE,0.066262639,1
TRUE,0.034875682,1
TRUE,0.019117796,1
TRUE,0.170610819,1
TRUE,0.470487526,1
TRUE,0.009942682,1
TRUE,0.186771132,1
TRUE,0.047309297,1
TRUE,0.142032244,1
TRUE,0.339113766,1
TRUE,0.437829559,1
TRUE,0.123047671,1
TRUE,0.012884529,1
TRUE,0.143255706,1
TRUE,0.033655214,1
TRUE,0.119398267,1
TRUE,0.482294677,1
FALSE,0.587294093,0
TRUE,0.471850261,1
TRUE,0.084369918,1
TRUE,0.141556192,1
TRUE,0.097679714,1
TRUE,0.533487402,1
TRUE,0.033415475,1
TRUE,0.163425946,1
TRUE,0.450394887,1
TRUE,0.42910293,1
TRUE,0.376853699,1
TRUE,0.251397668,1
TRUE,0.090731628,1
TRUE,0.499016648,1
TRUE,0.243955228,1
TRUE,0.042523036,1
TRUE,0.008232035,1
TRUE,0.091827601,1
TRUE,0.288036319,1
TRUE,0.003357708,1
TRUE,0.078208136,1
TRUE,0.360123476,1
TRUE,0.14658804,1
TRUE,0.026731012,1
TRUE,0.357706754,1
TRUE,0.331604618,1
TRUE,0.006923173,1
TRUE,0.052476587,1
FALSE,0.587294093,0
TRUE,0.071609704,1
FALSE,0.587294093,0
TRUE,0.129070558,1
TRUE,0.069095992,1
TRUE,0.113310583,1
TRUE,0.425003283,1
TRUE,0.212194943,1
TRUE,0.041571972,1
TRUE,0.255987709,1
TRUE,0.102856823,1
TRUE,0.090161728,1
TRUE,0.070073517,1
TRUE,0.371663266,1
TRUE,0.017792174,1
FALSE,0.587294093,0
TRUE,0.097111667,1
TRUE,0.008346255,1
TRUE,0.024071422,1
TRUE,0.005314421,1
TRUE,0.061498229,1
FALSE,0.587294093,0
TRUE,0.006188063,1
TRUE,0.022004367,1
TRUE,0.031300782,1
TRUE,0.042987238,1
TRUE,0.081097962,1
TRUE,0.095890821,1
TRUE,0.307214693,1
FALSE,0.587294093,0
TRUE,0.230601607,1
TRUE,0.000201054,1
TRUE,0.072599494,1
TRUE,0.014990755,1
TRUE,0.060343764,1
TRUE,0.058881375,1
TRUE,0.057888209,1
TRUE,0.519196841,1
TRUE,0.114002956,1
TRUE,0.080528085,1
TRUE,0.106307865,1
TRUE,0.020536476,1
TRUE,0.31999462,1
TRUE,0.191652209,1
FALSE,0.587294093,0
TRUE,0.011080218,1
TRUE,0.023859496,1
FALSE,0.587294093,0
TRUE,0.363748031,1
TRUE,0.031702601,1
TRUE,0.01738664,1
TRUE,0.209513961,1
TRUE,0.028159962,1
TRUE,0.3366918,1
TRUE,0.241733118,1
TRUE,0.027823429,1
TRUE,0.072977039,1
TRUE,0.276888292,1
TRUE,0.28079412,1
TRUE,0.103954688,1
TRUE,0.092262248,1
TRUE,0.10422527,1
TRUE,0.305413936,1
TRUE,0.382985555,1
TRUE,0.148780877,1
TRUE,0.224945366,1
TRUE,0.077333872,1
TRUE,0.073001761,1
TRUE,0.175093796,1
TRUE,0.054996942,1
TRUE,0.140030958,1
FALSE,0.587294093,0
TRUE,0.287004757,1
TRUE,0.033843698,1
FALSE,0.587294093,0
TRUE,0.033330393,1
TRUE,0.213547288,1
TRUE,0.240045543,1
TRUE,0.013034385,1
TRUE,0.040243591,1
TRUE,0.037649266,1
TRUE,0.083725804,1
TRUE,0.001373628,1
TRUE,0.002898962,1
TRUE,0.172848604,1
FALSE,0.587294093,0
TRUE,0.0077366,1
TRUE,0.12705046,1
TRUE,0.152009059,1
TRUE,0.025675533,1
FALSE,0.587294093,0
TRUE,0.094653656,1
TRUE,0.496866336,1
TRUE,0.003965635,1
TRUE,0.097586341,1
FALSE,0.587294093,0
TRUE,0.560924214,1
TRUE,0.26104054,1
TRUE,0.168899143,1
TRUE,0.043527365,1
TRUE,0.025242501,1
TRUE,0.001955813,1
TRUE,0.460869928,1
TRUE,0.009198149,1
TRUE,0.049512269,1
TRUE,0.061283251,1
TRUE,0.029293729,1
FALSE,0.587294093,0
TRUE,0.258951595,1
TRUE,0.261571141,1
TRUE,0.267369353,1
TRUE,0.007242647,1
FALSE,0.587294093,0
FALSE,0.587294093,0
TRUE,0.052457754,1
TRUE,0.295124979,1
TRUE,0.082440205,1
TRUE,0.009319629,1
TRUE,0.323440025,1
FALSE,0.587294093,0
TRUE,0.057786176,1
TRUE,0.058461214,1
TRUE,0.025142422,1
TRUE,0.032887449,1
TRUE,0.580575725,1
TRUE,0.250101087,1
TRUE,0.019552424,1
TRUE,0.018308406,1
TRUE,0.022713226,1
TRUE,0.520943663,1
TRUE,0.066468019,1
TRUE,0.196273343,1
TRUE,0.006338565,1
TRUE,0.008805754,1
TRUE,0.007354881,1
TRUE,0.20118607,1
TRUE,0.032344828,1
TRUE,0.112251839,1
TRUE,0.114807374,1
TRUE,0.079151404,1
TRUE,0.005928304,1
FALSE,0.587294093,0
TRUE,0.023331005,1
TRUE,0.065741313,1
TRUE,0.001051463,1
TRUE,0.006974227,1
TRUE,0.519985886,1
TRUE,0.053974934,1
TRUE,0.093557251,1
TRUE,0.017644768,1
TRUE,0.435029869,1
TRUE,0.022852832,1
TRUE,0.11143043,1
TRUE,0.120558253,1
TRUE,0.003829977,1
TRUE,0.342320424,1
TRUE,0.038927095,1
TRUE,0.394982482,1
TRUE,0.166149819,1
FALSE,0.587294093,0
TRUE,0.058199116,1
TRUE,0.387312586,1
TRUE,0.18060642,1
TRUE,0.366909968,1
TRUE,0.349268464,1
TRUE,0.154219882,1
TRUE,0.48272982,1
TRUE,0.199751985,1
TRUE,0.231238088,1
TRUE,0.285291472,1
TRUE,0.42794626,1
TRUE,0.230714252,1
TRUE,0.133969616,1
TRUE,0.318268045,1
TRUE,0.012286608,1
TRUE,0.147890364,1
TRUE,0.018638421,1
TRUE,0.164339521,1
FALSE,0.587294093,0
TRUE,0.233363567,1
TRUE,0.042143998,1
TRUE,0.560226131,1
FALSE,0.587294093,0
TRUE,0.000133604,1
TRUE,0.002761426,1
TRUE,0.094245327,1
TRUE,0.150318767,1
TRUE,0.278448239,1
TRUE,0.05066963,1
TRUE,0.227773059,1
TRUE,0.01907969,1
TRUE,0.018882138,1
FALSE,0.587294093,0
TRUE,0.016885009,1
TRUE,0.586380275,1
TRUE,0.061880111,1
TRUE,0.217535045,1
TRUE,0.021970238,1
TRUE,0.053830218,1
FALSE,0.587294093,0
TRUE,0.033194699,1
FALSE,0.587294093,0
TRUE,0.102355722,1
TRUE,0.126659384,1
TRUE,0.016790602,1
TRUE,0.521424868,1
TRUE,0.020206584,1
TRUE,0.460336908,1
TRUE,0.548747364,1
TRUE,0.147394694,1
TRUE,0.054420134,1
TRUE,0.189000951,1
TRUE,0.22853467,1
TRUE,0.03248613,1
TRUE,0.014447597,1
TRUE,0.027288646,1
TRUE,0.175478906,1
TRUE,0.006403938,1
TRUE,0.060624938,1
TRUE,0.209167312,1
TRUE,0.002737113,1
TRUE,0.035492614,1
TRUE,0.134673428,1
TRUE,0.046277192,1
TRUE,0.010497929,1
FALSE,0.587294093,0
TRUE,0.00828539,1
TRUE,0.255370489,1
FALSE,0.587294093,0
TRUE,0.49263417,1
TRUE,0.144901683,1
TRUE,0.072280824,1
TRUE,0.107969813,1
TRUE,0.006747407,1
TRUE,0.04531301,1
TRUE,0.173407151,1
TRUE,0.000312726,1
TRUE,0.035169008,1
TRUE,0.078237839,1
TRUE,0.202346648,1
TRUE,0.026199492,1
TRUE,0.560002755,1
TRUE,0.086279606,1
FALSE,0.587294093,0
TRUE,0.078107451,1
TRUE,0.345662351,1
TRUE,0.196127464,1
TRUE,0.028956465,1
TRUE,0.021111103,1
TRUE,0.058595713,1
TRUE,0.017450895,1
TRUE,0.051512261,1
TRUE,0.216217823,1
TRUE,0.266608376,1
TRUE,0.112831541,1
TRUE,0.082358187,1
TRUE,0.102658163,1
TRUE,0.498156664,1
TRUE,0.050202806,1
TRUE,0.054234538,1
TRUE,0.03319427,1
TRUE,0.11253965,1
TRUE,0.10911447,1
TRUE,0.271145229,1
TRUE,0.252831429,1
TRUE,0.014646994,1
TRUE,0.013653313,1
TRUE,0.028942508,1
FALSE,0.587294093,0
TRUE,0.092310484,1
TRUE,0.027254726,1
TRUE,0.04937601,1
TRUE,0.112580459,1
FALSE,0.587294093,0
TRUE,0.447132841,1
TRUE,0.005479639,1
TRUE,0.110217259,1
TRUE,0.529260067,1
TRUE,0.135497724,1
FALSE,0.587294093,0
TRUE,0.202750933,1
TRUE,0.34841126,1
TRUE,0.047479301,1
TRUE,0.355324073,1
TRUE,0.016817765,1
TRUE,0.005192667,1
TRUE,0.356266542,1
FALSE,0.587294093,0
TRUE,0.095322198,1
TRUE,0.463905178,1
TRUE,0.109837225,1
TRUE,0.314094599,1
FALSE,0.587294093,0
TRUE,0.268489071,1
TRUE,0.102774105,1
FALSE,0.587294093,0
TRUE,0.035163714,1
TRUE,0.033965603,1
FALSE,0.587294093,0
TRUE,0.161814684,1
TRUE,0.05108557,1
TRUE,0.124537556,1
TRUE,0.363612596,1
TRUE,0.05407312,1
FALSE,0.587294093,0
TRUE,0.156102341,1
TRUE,0.536793733,1
TRUE,0.10398658,1
TRUE,0.145832892,1
TRUE,0.526123066,1
TRUE,0.043327487,1
TRUE,0.043809021,1
TRUE,0.045622486,1
TRUE,0.020963254,1
TRUE,0.313677959,1
TRUE,0.105785146,1
TRUE,0.057144066,1
TRUE,0.28164077,1
TRUE,0.166101749,1
TRUE,0.542167476,1
TRUE,0.576460376,1
TRUE,0.065596964,1
TRUE,0.33458054,1
TRUE,0.001908949,1
TRUE,0.14898514,1
TRUE,0.01574821,1
TRUE,0.009612387,1
TRUE,0.404849836,1
TRUE,0.029990567,1
TRUE,0.14518597,1
TRUE,0.03502481,1
TRUE,0.355211841,1
TRUE,0.012329912,1
TRUE,0.370881199,1
TRUE,0.175959779,1
TRUE,0.074882318,1
TRUE,0.444658558,1
TRUE,0.37565906,1
TRUE,0.119565723,1
TRUE,0.011866762,1
TRUE,0.064525933,1
TRUE,0.018211086,1
TRUE,0.343553596,1
TRUE,0.004051225,1
FALSE,0.587294093,0
TRUE,0.03735589,1
TRUE,0.391501067,1
TRUE,0.194257515,1
TRUE,0.01086652,1
TRUE,0.000422074,1
TRUE,0.011093006,1
TRUE,0.149852538,1
TRUE,0.001842564,1
TRUE,0.254989205,1
FALSE,0.587294093,0
TRUE,0.115881885,1
TRUE,0.026105318,1
TRUE,0.039897211,1
TRUE,0.112429753,1
FALSE,0.587294093,0
TRUE,0.118705401,1
TRUE,0.035204868,1
TRUE,0.158897121,1
FALSE,0.587294093,0
TRUE,0.440959929,1
TRUE,0.044210699,1
TRUE,0.124494715,1
FALSE,0.587294093,0
TRUE,0.257853856,1
TRUE,0.545020993,1
TRUE,0.07309672,1
TRUE,0.006774389,1
TRUE,0.224136313,1
FALSE,0.587294093,0
TRUE,0.359121571,1
TRUE,0.522621417,1
FALSE,0.587294093,0
TRUE,0.192315136,1
TRUE,0.167038885,1
TRUE,0.502535101,1
TRUE,0.047780273,1
TRUE,0.034833011,1
FALSE,0.587294093,0
TRUE,0.002154403,1
TRUE,0.291267458,1
TRUE,0.027349828,1
FALSE,0.587294093,0
TRUE,0.113657644,1
TRUE,0.021837712,1
TRUE,0.049090876,1
TRUE,0.089422796,1
TRUE,0.00608224,1
TRUE,0.020936996,1
TRUE,0.060480217,1
TRUE,0.063879519,1
TRUE,0.006288374,1
TRUE,0.031521168,1
TRUE,0.361096413,1
TRUE,0.005079044,1
TRUE,0.092925719,1
TRUE,0.12746233,1
TRUE,0.046182964,1
TRUE,0.211817083,1
TRUE,0.003672118,1
TRUE,0.163769963,1
FALSE,0.587294093,0
TRUE,0.08124541,1
TRUE,0.256055679,1
TRUE,0.011763221,1
TRUE,0.003988863,1
TRUE,0.011408832,1
TRUE,0.06911732,1
TRUE,0.08378175,1
TRUE,0.024752588,1
FALSE,0.587294093,0
TRUE,0.033601889,1
FALSE,0.587294093,0
TRUE,0.03274552,1
TRUE,0.067388265,1
TRUE,0.028444324,1
TRUE,0.140039307,1
TRUE,0.109907372,1
TRUE,0.240642143,1
TRUE,0.034888503,1
TRUE,0.121567924,1
TRUE,0.237004551,1
TRUE,0.457624857,1
TRUE,0.051134548,1
TRUE,0.334733675,1
TRUE,0.412986414,1
TRUE,0.024116252,1
FALSE,0.587294093,0
TRUE,0.010546395,1
TRUE,0.131633688,1
TRUE,0.208808131,1
TRUE,0.24718458,1
TRUE,0.333843628,1
TRUE,0.023369439,1
TRUE,0.044635571,1
TRUE,0.024394472,1
TRUE,0.072100968,1
TRUE,0.051678213,1
TRUE,0.321637003,1
TRUE,0.019469515,1
TRUE,0.08191513,1
TRUE,0.043624326,1
TRUE,0.002353999,1
TRUE,0.510829712,1
TRUE,0.210502018,1
TRUE,0.028681476,1
TRUE,0.040128279,1
TRUE,0.027802058,1
TRUE,0.004929867,1
FALSE,0.587294093,0
TRUE,0.087603565,1
TRUE,0.01833363,1
TRUE,0.042332171,1
TRUE,0.049301076,1
TRUE,0.090508496,1
TRUE,0.004831853,1
TRUE,0.123941323,1
TRUE,0.032129889,1
TRUE,0.051484117,1
TRUE,0.086107997,1
TRUE,0.355842023,1
TRUE,0.077474956,1
TRUE,0.095008739,1
TRUE,0.031322539,1
TRUE,0.260852111,1
TRUE,0.002501176,1
TRUE,0.166156483,1
TRUE,0.54654598,1
TRUE,0.168375415,1
TRUE,0.296026521,1
TRUE,0.197178718,1
FALSE,0.587294093,0
TRUE,0.296690682,1
TRUE,0.152269792,1
TRUE,0.071944255,1
FALSE,0.587294093,0
FALSE,0.587294093,0
TRUE,0.003407959,1
TRUE,0.051475846,1
TRUE,0.010963037,1
TRUE,0.511605615,1
TRUE,0.154872181,1
TRUE,0.377518141,1
TRUE,0.262226578,1
TRUE,0.350872082,1
TRUE,0.039049036,1
TRUE,0.210447329,1
TRUE,0.011178471,1
FALSE,0.587294093,0
FALSE,0.587294093,0
TRUE,0.162087262,1
TRUE,0.270549661,1
TRUE,0.126274549,1
TRUE,0.015167237,1
TRUE,0.000769923,1
TRUE,0.02046851,1
TRUE,0.01103184,1
TRUE,0.002271766,1
TRUE,0.194320414,1
TRUE,0.466408616,1
TRUE,0.042608819,1
TRUE,0.099014727,1
TRUE,0.003573913,1
TRUE,0.136676104,1
TRUE,0.014822937,1
FALSE,0.587294093,0
TRUE,0.020528979,1
TRUE,0.001043297,1
TRUE,0.092765115,1
TRUE,0.263222956,1
TRUE,0.539054947,1
TRUE,0.05007002,1
TRUE,0.051778399,1
TRUE,0.338085419,1
TRUE,0.265791607,1
TRUE,0.108558189,1
TRUE,0.107488764,1
TRUE,0.075271467,1
TRUE,0.172186617,1
FALSE,0.587294093,0
TRUE,0.070423578,1
TRUE,0.023436056,1
TRUE,0.326976439,1
TRUE,0.077810703,1
TRUE,0.092762113,1
TRUE,0.08357819,1
TRUE,0.030958756,1
TRUE,4.85E-05,1
TRUE,0.020172162,1
TRUE,0.504226452,1
TRUE,0.129798439,1
TRUE,0.162417371,1
FALSE,0.587294093,0
TRUE,0.024918219,1
TRUE,0.003149256,1
TRUE,0.021161216,1
TRUE,0.026011275,1
TRUE,0.08679998,1
TRUE,0.425261688,1
TRUE,0.053127899,1
TRUE,0.014572887,1
TRUE,0.133273445,1
FALSE,0.587294093,0
TRUE,0.003113095,1
TRUE,0.134894577,1
TRUE,0.051541674,1
TRUE,0.050872301,1
TRUE,0.001033377,1
TRUE,0.086826757,1
TRUE,0.076319523,1
TRUE,0.011768607,1
TRUE,0.071472723,1
FALSE,0.587294093,0
TRUE,0.089971374,1
TRUE,0.104724217,1
TRUE,0.075361043,1
TRUE,0.019434024,1
TRUE,0.44495117,1
TRUE,0.057571053,1
TRUE,0.206411614,1
TRUE,0.004586786,1
TRUE,0.086637706,1
TRUE,0.031568629,1
FALSE,0.587294093,0
TRUE,0.380458457,1
TRUE,0.393878432,1
TRUE,0.282134682,1
TRUE,0.576106095,1
TRUE,0.026743272,1
TRUE,0.191393913,1
TRUE,0.050409895,1
TRUE,0.089033888,1
TRUE,0.247129594,1
TRUE,0.312988194,1
TRUE,0.289728619,1
TRUE,0.03177879,1
TRUE,0.014228917,1
TRUE,0.560377677,1
TRUE,0.215705539,1
TRUE,0.043940533,1
TRUE,0.041480858,1
TRUE,0.005562484,1
TRUE,0.320834809,1
TRUE,0.359393568,1
FALSE,0.587294093,0
TRUE,0.014819366,1
TRUE,0.013585859,1
TRUE,0.085896938,1
TRUE,0.032432519,1
TRUE,0.234800145,1
TRUE,0.363479506,1
TRUE,0.011322104,1
TRUE,0.145736058,1
TRUE,0.359747611,1
TRUE,0.229685723,1
TRUE,0.004447174,1
TRUE,0.412689416,1
TRUE,0.090231952,1
TRUE,0.035752643,1
TRUE,0.079595804,1
TRUE,0.07519977,1
TRUE,0.051371269,1
TRUE,0.534104097,1
TRUE,0.00961444,1
TRUE,0.016387817,1
TRUE,0.080661269,1
TRUE,0.087547803,1
TRUE,0.28826666,1
TRUE,0.433099195,1
TRUE,0.221604328,1
FALSE,0.587294093,0
TRUE,0.089432756,1
TRUE,0.10856776,1
TRUE,0.000396269,1
TRUE,0.334402645,1
TRUE,0.09342655,1
TRUE,0.022683669,1
TRUE,0.05247616,1
FALSE,0.587294093,0
FALSE,0.587294093,0
TRUE,0.00954875,1
TRUE,0.49263361,1
TRUE,0.003479287,1
TRUE,0.574885474,1
TRUE,0.072945008,1
FALSE,0.587294093,0
TRUE,0.03061546,1
TRUE,0.299035517,1
TRUE,0.201508476,1
TRUE,0.138755007,1
TRUE,0.01803552,1
TRUE,0.066855165,1
TRUE,0.2886777,1
TRUE,0.003300286,1
TRUE,0.056578734,1
TRUE,0.054257875,1
TRUE,0.288603317,1
FALSE,0.587294093,0
TRUE,0.095949345,1
TRUE,0.013827165,1
TRUE,0.118329264,1
TRUE,0.227984156,1
TRUE,0.002188814,1
TRUE,0.259973905,1
TRUE,0.026545752,1
TRUE,0.014938759,1
FALSE,0.587294093,0
TRUE,0.016203922,1
TRUE,0.527216988,1
TRUE,0.418683435,1
TRUE,0.044207037,1
TRUE,0.401079763,1
TRUE,0.432834463,1
TRUE,0.062494611,1
FALSE,0.587294093,0
TRUE,0.031152214,1
TRUE,0.552455845,1
TRUE,0.050445771,1
FALSE,0.587294093,0
TRUE,0.280487004,1
TRUE,0.056273992,1
TRUE,0.11621367,1
TRUE,0.36051167,1
TRUE,0.119030718,1
TRUE,0.169107852,1
TRUE,0.083267454,1
TRUE,0.418524096,1
TRUE,0.257968448,1
FALSE,0.587294093,0
TRUE,0.020181105,1
TRUE,0.00722727,1
TRUE,0.06286031,1
TRUE,0.003521732,1
FALSE,0.587294093,0
TRUE,0.005449546,1
TRUE,0.00339833,1
TRUE,0.007884107,1
FALSE,0.587294093,0
TRUE,0.05242955,1
TRUE,0.018118988,1
TRUE,0.079676512,1
TRUE,0.281013941,1
TRUE,0.278530919,1
TRUE,0.01699864,1
TRUE,0.408605915,1
TRUE,0.029181448,1
TRUE,0.110375499,1
TRUE,0.043618296,1
FALSE,0.587294093,0
TRUE,0.142508842,1
FALSE,0.587294093,0
TRUE,0.03100819,1
TRUE,0.283456383,1
TRUE,0.188482725,1
TRUE,0.07375408,1
TRUE,0.035151297,1
TRUE,0.179700976,1
TRUE,0.108789241,1
TRUE,0.105155496,1
TRUE,0.403243883,1
FALSE,0.587294093,0
TRUE,0.012306033,1
TRUE,0.000459766,1
TRUE,0.09473873,1
TRUE,0.002739147,1
TRUE,0.089336717,1
TRUE,0.080622978,1
FALSE,0.587294093,0
FALSE,0.587294093,0
TRUE,0.058596548,1
TRUE,0.073595469,1
TRUE,0.11205127,1
TRUE,0.03914178,1
TRUE,0.273474979,1
TRUE,0.084438515,1
TRUE,0.013959762,1
TRUE,0.271746907,1
TRUE,0.119633812,1
TRUE,0.046270273,1
TRUE,0.257845462,1
TRUE,0.101029075,1
TRUE,0.001800333,1
TRUE,0.002763644,1
TRUE,0.001142767,1
TRUE,0.060480288,1
TRUE,0.185424459,1
FALSE,0.587294093,0
FALSE,0.587294093,0
TRUE,0.095364634,1
TRUE,0.565991756,1
TRUE,0.064095036,1
TRUE,0.013283565,1
TRUE,0.336254713,1
TRUE,0.139274996,1
TRUE,0.584527261,1
TRUE,0.023187796,1
TRUE,0.132583371,1
TRUE,0.053782161,1
TRUE,0.023131702,1
TRUE,0.045166542,1
TRUE,0.47927431,1
TRUE,0.267027664,1
TRUE,0.032633143,1
TRUE,0.003505549,1
TRUE,0.272963891,1
FALSE,0.587294093,0
TRUE,0.508008851,1
TRUE,0.483096987,1
TRUE,0.028505765,1
TRUE,0.15336206,1
FALSE,0.587294093,0
TRUE,0.021828321,1
TRUE,0.078151113,1
TRUE,0.119873308,1
FALSE,0.587294093,0
TRUE,0.242498237,1
TRUE,0.002694538,1
FALSE,0.587294093,0
TRUE,0.366955632,1
TRUE,0.001409493,1
TRUE,0.03897138,1
TRUE,0.015756002,1
TRUE,0.213076703,1
TRUE,0.456477892,1
TRUE,0.001061849,1
TRUE,0.048482512,1
TRUE,0.395610871,1
TRUE,0.007017988,1
TRUE,0.077100667,1
FALSE,0.587294093,0
TRUE,0.008771696,1
FALSE,0.587294093,0
TRUE,0.172904977,1
FALSE,0.587294093,0
TRUE,0.112783245,1
TRUE,0.248993316,1
TRUE,0.132057022,1
TRUE,0.145472336,1
FALSE,0.587294093,0
TRUE,0.005975993,1
FALSE,0.587294093,0
TRUE,0.099322205,1
TRUE,0.227978799,1
TRUE,0.074583682,1
TRUE,0.031105138,1
TRUE,0.090987288,1
TRUE,0.203354615,1
TRUE,0.163328641,1
TRUE,0.573968185,1
TRUE,0.049384052,1
TRUE,0.36841306,1
TRUE,0.044995869,1
TRUE,0.19641386,1
TRUE,0.10726413,1
TRUE,0.073421981,1
FALSE,0.587294093,0
FALSE,0.587294093,0
TRUE,0.110077264,1
FALSE,0.587294093,0
TRUE,0.185548269,1
TRUE,0.084890582,1
TRUE,0.281352936,1
TRUE,0.004207412,1
TRUE,0.331307747,1
TRUE,0.394986997,1
TRUE,0.520511981,1
TRUE,0.049923321,1
TRUE,0.012763954,1
TRUE,0.002475234,1
TRUE,0.011596402,1
TRUE,0.030920291,1
TRUE,0.127793887,1
TRUE,0.544024001,1
TRUE,0.185118958,1
TRUE,0.059508552,1
TRUE,0.05609584,1
TRUE,0.186413343,1
TRUE,0.052289622,1
FALSE,0.587294093,0
TRUE,0.021138167,1
TRUE,0.043158496,1
TRUE,0.132542878,1
TRUE,0.02496654,1
TRUE,0.086253533,1
TRUE,0.195602196,1
TRUE,0.044030746,1
TRUE,0.175170114,1
TRUE,0.124262897,1
TRUE,0.232838924,1
TRUE,0.366929785,1
TRUE,0.034244253,1
TRUE,0.105947594,1
TRUE,0.019516222,1
TRUE,0.201866945,1
TRUE,0.067374134,1
TRUE,0.171211303,1
TRUE,0.016917898,1
TRUE,0.03547955,1
TRUE,0.065289264,1
TRUE,0.128367982,1
TRUE,0.011093367,1
TRUE,0.00727043,1
TRUE,0.026776138,1
TRUE,0.164838269,1
TRUE,0.073988677,1
FALSE,0.587294093,0
TRUE,0.451132494,1
TRUE,0.01409032,1
FALSE,0.587294093,0
TRUE,0.227914616,1
TRUE,0.099307595,1
TRUE,0.318100937,1
TRUE,0.230195961,1
FALSE,0.587294093,0
TRUE,0.003835526,1
TRUE,0.037773634,1
TRUE,0.129595896,1
TRUE,0.554397628,1
TRUE,0.034523735,1
TRUE,0.142251808,1
TRUE,0.126735844,1
TRUE,0.071064744,1
TRUE,0.333391987,1
TRUE,0.308317825,1
TRUE,0.023132295,1
TRUE,0.138063898,1
TRUE,0.029421407,1
TRUE,0.419497116,1
FALSE,0.587294093,0
TRUE,0.16347039,1
TRUE,0.021196673,1
TRUE,0.048797814,1
TRUE,0.26810658,1
TRUE,0.121993337,1
TRUE,0.200619291,1
TRUE,0.549863911,1
TRUE,0.306839467,1
FALSE,0.587294093,0
TRUE,0.008990509,1
TRUE,0.138264517,1
TRUE,0.185851426,1
TRUE,0.002754384,1
TRUE,0.049827657,1
TRUE,0.037766881,1
TRUE,0.021472463,1
FALSE,0.587294093,0
TRUE,0.026998212,1
TRUE,0.281620475,1
TRUE,0.150933131,1
TRUE,0.11541756,1
TRUE,0.343958902,1
TRUE,0.204176796,1
TRUE,0.063908191,1
TRUE,0.1365856,1
TRUE,0.10415267,1
TRUE,0.062417043,1
TRUE,0.092821741,1
TRUE,0.006707846,1
TRUE,0.049843439,1
TRUE,0.002431941,1
TRUE,0.046914236,1
FALSE,0.587294093,0
TRUE,0.570189198,1
TRUE,0.073799862,1
TRUE,0.477909795,1
TRUE,0.257234121,1
TRUE,0.159331768,1
TRUE,0.003792318,1
TRUE,0.006069416,1
TRUE,0.328634727,1
TRUE,0.266727309,1
TRUE,0.030682008,1
TRUE,0.043853828,1
TRUE,0.187445672,1
TRUE,0.009503887,1
TRUE,0.06169778,1
TRUE,0.28377003,1
TRUE,0.411619809,1
TRUE,0.01391873,1
TRUE,0.033029341,1
TRUE,0.01950399,1
FALSE,0.587294093,0
TRUE,0.022530862,1
TRUE,0.270362803,1
TRUE,0.001678873,1
FALSE,0.587294093,0
TRUE,0.503789773,1
TRUE,0.003287611,1
TRUE,0.074275764,1
TRUE,0.329975867,1
TRUE,0.009291041,1
TRUE,0.211246645,1
TRUE,0.5627341,1
TRUE,0.085288376,1
TRUE,0.096471971,1
TRUE,0.292113785,1
TRUE,0.056204974,1
TRUE,0.011218343,1
TRUE,0.212210044,1
TRUE,0.022380756,1
TRUE,0.041125163,1
TRUE,0.012665582,1
TRUE,0.056419732,1
TRUE,0.04435082,1
TRUE,0.080025812,1
TRUE,0.099100773,1
TRUE,0.206729209,1
TRUE,0.01027682,1
TRUE,0.064804588,1
TRUE,0.246869479,1
TRUE,0.580445363,1
TRUE,0.500563447,1
TRUE,0.00082177,1
TRUE,0.308926704,1
TRUE,0.028306327,1
TRUE,0.362119046,1
TRUE,0.076809295,1
TRUE,0.016960312,1
TRUE,0.069019067,1
TRUE,0.051667895,1
TRUE,0.078313071,1
TRUE,0.00827353,1
FALSE,0.587294093,0
TRUE,0.226014706,1
TRUE,0.036637648,1
TRUE,0.004221936,1
TRUE,0.067080959,1
TRUE,0.08794993,1
TRUE,0.206456359,1
TRUE,0.09397928,1
TRUE,0.032923028,1
TRUE,0.050665692,1
TRUE,0.005884433,1
TRUE,0.180913846,1
FALSE,0.587294093,0
TRUE,0.1706429,1
TRUE,0.021049268,1
TRUE,0.093938733,1
FALSE,0.587294093,0
TRUE,0.063078299,1
TRUE,0.133314524,1
TRUE,0.02926959,1
TRUE,0.136353698,1
FALSE,0.587294093,0
TRUE,0.443936289,1
FALSE,0.587294093,0
TRUE,0.008745556,1
TRUE,0.21653477,1
TRUE,0.368567453,1
TRUE,0.136905576,1
FALSE,0.587294093,0
TRUE,0.145757603,1
TRUE,0.408900309,1
TRUE,0.039300109,1
TRUE,0.353792654,1
FALSE,0.587294093,0
FALSE,0.587294093,0
TRUE,0.025649339,1
TRUE,0.097147859,1
TRUE,0.012634926,1
FALSE,0.587294093,0
TRUE,0.068065833,1
TRUE,0.560912335,1
TRUE,0.043793454,1
TRUE,0.084654484,1
TRUE,0.093411458,1
TRUE,0.085857593,1
TRUE,0.128957829,1
TRUE,0.303826977,1
TRUE,0.316190021,1
TRUE,0.013416607,1
TRUE,0.058336664,1
FALSE,0.587294093,0
TRUE,0.091281579,1
TRUE,0.015027766,1
TRUE,0.018371101,1
TRUE,0.539856011,1
TRUE,0.026378846,1
TRUE,0.043883199,1
TRUE,0.024144049,1
FALSE,0.587294093,0
TRUE,0.001163088,1
TRUE,0.093938255,1
TRUE,0.377306284,1
TRUE,0.019116365,1
TRUE,0.08179434,1
TRUE,0.035283397,1
TRUE,0.01645321,1
TRUE,0.035232926,1
TRUE,0.022498308,1
TRUE,0.003299366,1
FALSE,0.587294093,0
TRUE,0.098078947,1
TRUE,0.013648671,1
FALSE,0.587294093,0
TRUE,0.11974168,1
TRUE,0.279585741,1
TRUE,0.316531456,1
FALSE,0.587294093,0
FALSE,0.587294093,0
TRUE,0.242947896,1
TRUE,0.07008341,1
TRUE,0.574458594,1
TRUE,0.311841872,1
TRUE,0.189716272,1
TRUE,0.166436459,1
TRUE,0.391711682,1
FALSE,0.587294093,0
TRUE,0.089329954,1
TRUE,0.208262533,1
TRUE,0.113057005,1
TRUE,0.503786976,1
FALSE,0.587294093,0
TRUE,0.017956179,1
TRUE,0.278113358,1
TRUE,0.133852931,1
TRUE,0.007000989,1
TRUE,0.003918353,1
TRUE,0.018244773,1
TRUE,0.129098553,1
TRUE,0.056397422,1
TRUE,0.084282936,1
TRUE,0.031767207,1
TRUE,0.031329151,1
FALSE,0.587294093,0
TRUE,0.27583195,1
TRUE,0.074624358,1
TRUE,0.158382406,1
TRUE,0.125424572,1
TRUE,0.192065572,1
TRUE,0.080202573,1
TRUE,0.083294952,1
TRUE,0.001481275,1
TRUE,0.383951117,1
TRUE,0.017150377,1
TRUE,0.001793934,1
TRUE,0.003382829,1
TRUE,0.388194144,1
TRUE,0.03557333,1
TRUE,0.011914666,1
TRUE,0.001841015,1
TRUE,0.326758298,1
TRUE,0.026563298,1
TRUE,0.001431668,1
TRUE,0.005599657,1
TRUE,0.206839077,1
TRUE,0.53702311,1
TRUE,0.071188069,1
TRUE,0.300733051,1
TRUE,0.174969616,1
FALSE,0.587294093,0
TRUE,0.057536729,1
TRUE,0.196348125,1
TRUE,0.139047731,1
TRUE,0.012403906,1
TRUE,0.193981897,1
TRUE,0.024026882,1
TRUE,0.366247332,1
TRUE,0.032201497,1
TRUE,0.049856855,1
TRUE,0.192969432,1
FALSE,0.587294093,0
FALSE,0.587294093,0
TRUE,0.160993459,1
TRUE,0.073345101,1
TRUE,0.028363054,1
TRUE,0.028800656,1
TRUE,0.113142834,1
FALSE,0.587294093,0
TRUE,0.08050116,1
TRUE,0.174455445,1
TRUE,0.224427384,1
TRUE,0.007427426,1
TRUE,0.022453471,1
TRUE,0.098029353,1
TRUE,0.003063745,1
TRUE,0.055472055,1
TRUE,0.367283718,1
TRUE,0.319324781,1
TRUE,0.184088967,1
TRUE,0.023554686,1
TRUE,0.13850797,1
TRUE,0.053386025,1
TRUE,0.01501756,1
TRUE,0.087237818,1
TRUE,0.000662381,1
FALSE,0.587294093,0
TRUE,0.264104021,1
TRUE,0.044328669,1
TRUE,0.2969734,1
TRUE,0.365647078,1
TRUE,0.039665579,1
TRUE,0.016167646,1
FALSE,0.587294093,0
TRUE,0.245589436,1
TRUE,0.481811952,1
TRUE,0.021963758,1
TRUE,0.31194385,1
TRUE,0.091679565,1
TRUE,0.037268722,1
FALSE,0.587294093,0
TRUE,0.174689539,1
TRUE,0.095301572,1
TRUE,0.024141416,1
TRUE,0.523391803,1
TRUE,0.00361504,1
TRUE,0.111912981,1
FALSE,0.587294093,0
FALSE,0.587294093,0
TRUE,0.433582673,1
TRUE,0.197509863,1
TRUE,0.048875914,1
TRUE,0.211111687,1
TRUE,0.342429471,1
TRUE,0.391628155,1
TRUE,0.016473306,1
TRUE,0.345371511,1
TRUE,0.147090181,1
TRUE,0.509188655,1
TRUE,0.13607984,1
TRUE,0.078321336,1
TRUE,0.301970206,1
TRUE,0.00587283,1
TRUE,0.099630521,1
TRUE,0.474840743,1
TRUE,0.579023989,1
FALSE,0.587294093,0
TRUE,0.146880818,1
TRUE,0.374277589,1
FALSE,0.587294093,0
TRUE,0.379048546,1
TRUE,0.047910068,1
TRUE,0.00548658,1
TRUE,0.007258913,1
TRUE,0.005071118,1
TRUE,0.170996314,1
TRUE,0.252597261,1
TRUE,0.359538183,1
TRUE,0.013923814,1
TRUE,0.003295192,1
FALSE,0.587294093,0
TRUE,0.032000447,1
FALSE,0.587294093,0
FALSE,0.587294093,0
TRUE,0.024990953,1
TRUE,0.329215037,1
TRUE,0.001936508,1
TRUE,0.107613163,1
FALSE,0.587294093,0
TRUE,0.368120497,1
TRUE,0.240391026,1
FALSE,0.587294093,0
TRUE,0.019851787,1
TRUE,0.23249485,1
TRUE,0.265375858,1
TRUE,0.155410459,1
TRUE,0.229116117,1
TRUE,0.018123554,1
TRUE,0.015541271,1
TRUE,0.178864455,1
TRUE,0.025217113,1
TRUE,0.064659799,1
TRUE,0.003370595,1
TRUE,0.027231988,1
TRUE,0.234984836,1
TRUE,0.015076855,1
TRUE,0.001656149,1
TRUE,0.063082981,1
TRUE,0.091247084,1
FALSE,0.587294093,0
TRUE,0.119927479,1
TRUE,0.007941167,1
FALSE,0.587294093,0
TRUE,0.27332124,1
FALSE,0.587294093,0
TRUE,0.313886358,1
TRUE,0.063916328,1
TRUE,0.003760451,1
TRUE,0.369326946,1
TRUE,0.033732617,1
TRUE,0.498542041,1
TRUE,0.326548597,1
TRUE,0.172881471,1
TRUE,0.124931513,1
TRUE,0.01387006,1
TRUE,0.005341417,1
TRUE,0.050839487,1
TRUE,0.073948167,1
TRUE,0.159877502,1
TRUE,0.220528059,1
TRUE,0.015303075,1
TRUE,0.524110861,1
TRUE,0.172913415,1
TRUE,0.107976087,1
TRUE,0.011266902,1
TRUE,0.098856694,1
TRUE,0.534034254,1
TRUE,0.196183891,1
FALSE,0.587294093,0
TRUE,0.000485229,1
TRUE,0.147319022,1
TRUE,0.377736405,1
TRUE,0.221545949,1
TRUE,0.194718218,1
TRUE,0.156498893,1
TRUE,0.018468692,1
TRUE,0.01438505,1
TRUE,0.331910678,1
TRUE,0.012682408,1
TRUE,0.007357831,1
TRUE,0.01866586,1
TRUE,0.153175809,1
TRUE,0.543702952,1
TRUE,0.098065603,1
TRUE,0.117351729,1
TRUE,0.543928184,1
TRUE,0.048665494,1
TRUE,0.177726272,1
TRUE,0.192090377,1
TRUE,0.015375631,1
TRUE,0.035711205,1
TRUE,0.432372912,1
TRUE,0.2104623,1
TRUE,0.072171416,1
TRUE,0.08484373,1
TRUE,0.025838866,1
FALSE,0.587294093,0
TRUE,0.395844221,1
TRUE,0.008026689,1
TRUE,0.351726542,1
TRUE,0.364692813,1
TRUE,0.017208165,1
FALSE,0.587294093,0
TRUE,0.016512843,1
TRUE,0.091366576,1
FALSE,0.587294093,0
TRUE,0.288259368,1
TRUE,0.013558858,1
TRUE,0.01838738,1
TRUE,0.139908853,1
TRUE,0.0389596,1
TRUE,0.026015761,1
TRUE,0.014252487,1
TRUE,0.067976126,1
TRUE,0.012266513,1
TRUE,0.308545514,1
FALSE,0.587294093,0
TRUE,0.276479801,1
TRUE,0.086559287,1
TRUE,0.116049438,1
TRUE,0.390900296,1
TRUE,0.003721399,1
TRUE,0.039885458,1
TRUE,0.199953352,1
TRUE,0.021432412,1
TRUE,0.053174613,1
TRUE,0.161710027,1
FALSE,0.587294093,0
TRUE,0.150899208,1
TRUE,0.057790195,1
FALSE,0.587294093,0
TRUE,0.106662534,1
TRUE,0.568902685,1
TRUE,0.322871634,1
FALSE,0.587294093,0
TRUE,0.033938585,1
TRUE,0.012674355,1
TRUE,0.127304979,1
TRUE,0.003377861,1
TRUE,0.192610691,1
TRUE,0.154598027,1
TRUE,0.11279568,1
TRUE,0.100177476,1
TRUE,0.034962867,1
TRUE,0.076607896,1
TRUE,0.048590204,1
TRUE,0.153256429,1
TRUE,0.412730233,1
FALSE,0.587294093,0
TRUE,0.177874413,1
TRUE,0.340652623,1
TRUE,0.014743673,1
TRUE,0.435735284,1
TRUE,0.17713793,1
TRUE,0.029558221,1
TRUE,0.046820091,1
TRUE,0.031325015,1
TRUE,0.307658377,1
TRUE,0.066106478,1
FALSE,0.587294093,0
TRUE,0.455720968,1
TRUE,0.051947146,1
TRUE,0.475873073,1
TRUE,0.031650761,1
TRUE,0.000654401,1
TRUE,0.000480744,1
TRUE,0.401831926,1
TRUE,0.027218892,1
TRUE,0.221841889,1
TRUE,0.343621261,1
TRUE,0.252221486,1
TRUE,0.306184852,1
TRUE,0.418482316,1
FALSE,0.587294093,0
TRUE,0.062523036,1
TRUE,0.061233981,1
TRUE,0.019480102,1
TRUE,0.042403639,1
TRUE,0.104228622,1
FALSE,0.587294093,0
TRUE,0.357911781,1
TRUE,0.170053123,1
TRUE,0.085490866,1
TRUE,0.160316133,1
TRUE,0.31340843,1
TRUE,0.008467265,1
TRUE,0.313689533,1
FALSE,0.587294093,0
TRUE,0.111879312,1
TRUE,0.014670101,1
TRUE,0.43838024,1
TRUE,0.172293872,1
TRUE,0.033054796,1
TRUE,0.062620042,1
TRUE,0.056441368,1
TRUE,0.330937886,1
TRUE,0.003851791,1
TRUE,0.065647368,1
TRUE,0.043872655,1
TRUE,0.03815521,1
TRUE,0.175189293,1
TRUE,0.099053175,1
TRUE,0.027157536,1
TRUE,0.30052621,1
TRUE,0.003667337,1
TRUE,0.005078484,1
FALSE,0.587294093,0
TRUE,0.101642028,1
TRUE,0.135924916,1
TRUE,0.050118456,1
TRUE,0.400462303,1
TRUE,0.168704397,1
TRUE,0.032829282,1
TRUE,0.03012102,1
TRUE,0.027885847,1
TRUE,0.016051987,1
TRUE,0.118027925,1
TRUE,0.022692576,1
TRUE,0.011870932,1
TRUE,0.057140154,1
TRUE,0.094411188,1
TRUE,0.040789954,1
FALSE,0.587294093,0
TRUE,0.338925548,1
TRUE,0.024681879,1
FALSE,0.587294093,0
TRUE,0.133041882,1
TRUE,0.396244034,1
TRUE,0.054242052,1
TRUE,0.541029341,1
TRUE,0.044535789,1
TRUE,0.076349209,1
TRUE,0.034728694,1
TRUE,0.175597653,1
TRUE,0.116670369,1
TRUE,0.041257372,1
TRUE,0.465983301,1
TRUE,0.101890101,1
TRUE,0.020142254,1
TRUE,0.201733637,1
TRUE,0.103884133,1
TRUE,0.040637799,1
TRUE,0.038223044,1
TRUE,0.113614435,1
TRUE,0.050837924,1
TRUE,0.002241763,1
TRUE,0.246430668,1
TRUE,0.003630414,1
TRUE,0.009343653,1
TRUE,0.201131814,1
TRUE,0.039854899,1
TRUE,0.014304499,1
TRUE,0.463836672,1
TRUE,0.540559164,1
TRUE,0.253790364,1
TRUE,0.270812318,1
TRUE,0.027802579,1
TRUE,0.0246219,1
TRUE,0.019575415,1
TRUE,0.368861661,1
TRUE,0.130784256,1
TRUE,0.006077526,1
TRUE,0.010630685,1
TRUE,0.107320511,1
TRUE,0.228053839,1
TRUE,0.047307357,1
FALSE,0.587294093,0
TRUE,0.124111032,1
TRUE,0.357916392,1
TRUE,0.076762474,1
TRUE,0.100391208,1
TRUE,0.185215919,1
TRUE,0.361064196,1
TRUE,0.05847414,1
TRUE,0.273932469,1
TRUE,0.153688474,1
TRUE,0.004771353,1
FALSE,0.587294093,0
FALSE,0.587294093,0
TRUE,0.018690913,1
TRUE,0.156444653,1
TRUE,0.37878521,1
TRUE,0.00120797,1
TRUE,0.134416215,1
TRUE,0.33223263,1
TRUE,0.02542086,1
TRUE,0.142654228,1
TRUE,0.342656986,1
TRUE,0.03238946,1
TRUE,0.093831007,1
TRUE,0.012084369,1
TRUE,0.548159688,1
TRUE,0.012013408,1
TRUE,0.048744116,1
TRUE,0.136279507,1
TRUE,0.085882148,1
TRUE,0.212958474,1
TRUE,0.023114875,1
TRUE,0.393337848,1
FALSE,0.587294093,0
TRUE,0.021089831,1
FALSE,0.587294093,0
FALSE,0.587294093,0
TRUE,0.016811087,1
TRUE,0.271903213,1
TRUE,0.140860331,1
TRUE,0.011323959,1
TRUE,0.398092174,1
TRUE,0.19231941,1
TRUE,0.071873928,1
TRUE,0.585823017,1
TRUE,0.123251479,1
TRUE,0.385826255,1
TRUE,0.004752604,1
TRUE,0.07652261,1
TRUE,0.3247364,1
TRUE,0.093260342,1
TRUE,0.157439408,1
FALSE,0.587294093,0
TRUE,0.083817522,1
TRUE,0.431975009,1
TRUE,0.089499013,1
TRUE,0.585477068,1
TRUE,0.354694462,1
TRUE,0.022983009,1
FALSE,0.587294093,0
TRUE,0.119014318,1
TRUE,0.028063663,1
TRUE,0.341821772,1
TRUE,0.331055815,1
TRUE,0.042026335,1
TRUE,0.544405335,1
TRUE,0.132011648,1
TRUE,0.19987287,1
TRUE,0.133390796,1
TRUE,0.137624915,1
TRUE,0.075431635,1
TRUE,0.071627911,1
TRUE,0.576682862,1
TRUE,0.015652238,1
TRUE,0.07005206,1
TRUE,0.386420805,1
TRUE,0.032076837,1
TRUE,0.01592996,1
TRUE,0.093712311,1
TRUE,0.237844001,1
TRUE,0.068770186,1
TRUE,0.526316894,1
TRUE,0.034373838,1
TRUE,0.001041509,1
TRUE,0.027697745,1
TRUE,0.121023597,1
TRUE,0.211818425,1
TRUE,0.113734407,1
TRUE,0.003645955,1
TRUE,0.096610847,1
TRUE,0.012213627,1
TRUE,0.16053575,1
TRUE,0.104672858,1
TRUE,0.06469182,1
TRUE,0.03679121,1
TRUE,0.366029738,1
TRUE,0.076289616,1
TRUE,0.466610105,1
TRUE,0.064882562,1
TRUE,0.260324018,1
TRUE,0.016061804,1
TRUE,0.312310974,1
TRUE,0.006685171,1
FALSE,0.587294093,0
TRUE,0.478964115,1
TRUE,0.011550605,1
TRUE,0.058912724,1
TRUE,0.208235688,1
FALSE,0.587294093,0
TRUE,0.538088992,1
TRUE,0.169416233,1
TRUE,0.05012954,1
TRUE,0.052101018,1
FALSE,0.587294093,0
TRUE,0.313267793,1
TRUE,0.149015096,1
FALSE,0.587294093,0
TRUE,0.081677378,1
TRUE,0.191790863,1
FALSE,0.587294093,0
TRUE,0.00542997,1
TRUE,0.132813896,1
TRUE,0.126716552,1
TRUE,0.14450993,1
TRUE,0.211570606,1
TRUE,2.61E-05,1
TRUE,0.527988827,1
TRUE,0.051846845,1
TRUE,0.051091709,1
TRUE,0.29718948,1
TRUE,0.127181721,1
TRUE,0.079165888,1
TRUE,0.055429004,1
TRUE,0.188112614,1
TRUE,0.352055675,1
TRUE,0.491787642,1
TRUE,0.409972593,1
FALSE,0.587294093,0
TRUE,0.28341942,1
TRUE,0.029188287,1
TRUE,0.173661318,1
FALSE,0.587294093,0
FALSE,0.587294093,0
TRUE,0.045369212,1
TRUE,0.099132771,1
TRUE,0.005123465,1
TRUE,0.582246707,1
TRUE,0.084811178,1
TRUE,0.027528039,1
TRUE,0.033274002,1
TRUE,0.024136636,1
TRUE,0.088489975,1
TRUE,0.135800592,1
TRUE,0.002848473,1
TRUE,0.032527574,1
TRUE,0.300031248,1
TRUE,0.257248266,1
FALSE,0.587294093,0
TRUE,0.571000848,1
TRUE,0.033864118,1
TRUE,0.239257849,1
TRUE,0.268120673,1
TRUE,0.018654874,1
TRUE,0.137206985,1
TRUE,0.180974856,1
TRUE,0.137482747,1
TRUE,0.272019427,1
TRUE,0.062671054,1
TRUE,0.090817229,1
TRUE,0.426033616,1
TRUE,0.29930474,1
TRUE,0.078878421,1
TRUE,0.005731446,1
TRUE,0.04431711,1
TRUE,0.075343001,1
TRUE,0.40256819,1
TRUE,0.043327978,1
TRUE,0.187086678,1
FALSE,0.587294093,0
TRUE,0.042610837,1
TRUE,0.097965582,1
TRUE,0.377867586,1
TRUE,0.045391515,1
TRUE,0.351651197,1
TRUE,0.138159388,1
TRUE,0.027532526,1
TRUE,0.130896166,1
TRUE,0.058967192,1
FALSE,0.587294093,0
TRUE,0.002805229,1
TRUE,0.140842034,1
TRUE,0.002485601,1
TRUE,0.279117721,1
FALSE,0.587294093,0
TRUE,0.007401702,1
TRUE,0.045615218,1
TRUE,0.028961071,1
TRUE,0.020028683,1
TRUE,0.501296661,1
TRUE,0.242938655,1
TRUE,0.074579243,1
TRUE,0.174057993,1
TRUE,0.008267792,1
TRUE,0.009400994,1
TRUE,0.042663346,1
TRUE,0.447713701,1
TRUE,0.335782851,1
TRUE,0.358150703,1
TRUE,0.518143813,1
TRUE,0.126934849,1
TRUE,0.015347275,1
TRUE,0.093767062,1
TRUE,0.045673778,1
TRUE,0.497362325,1
FALSE,0.587294093,0
TRUE,0.015415425,1
TRUE,0.044569191,1
TRUE,0.105752868,1
TRUE,0.27949966,1
TRUE,0.348249376,1
FALSE,0.587294093,0
FALSE,0.587294093,0
TRUE,0.030875526,1
TRUE,0.16887105,1
TRUE,0.030188909,1
TRUE,0.524778668,1
TRUE,0.088072192,1
TRUE,0.012197913,1
TRUE,0.110298777,1
TRUE,0.049756273,1
TRUE,0.028803096,1
TRUE,0.014879128,1
TRUE,0.060479475,1
TRUE,0.015603137,1
TRUE,0.513640878,1
TRUE,0.056375261,1
FALSE,0.587294093,0
TRUE,0.027252485,1
FALSE,0.587294093,0
FALSE,0.587294093,0
TRUE,0.027771985,1
TRUE,0.034919794,1
TRUE,0.016864414,1
TRUE,0.02898825,1
TRUE,0.002351045,1
TRUE,0.252748682,1
TRUE,0.024557606,1
TRUE,0.000422804,1
TRUE,0.074944779,1
TRUE,0.004112663,1
TRUE,0.251992542,1
TRUE,0.013289293,1
TRUE,0.176962096,1
TRUE,0.323602677,1
TRUE,0.180231704,1
TRUE,0.043984812,1
TRUE,0.065092134,1
TRUE,0.010908657,1
TRUE,0.227531908,1
FALSE,0.587294093,0
TRUE,0.213401582,1
TRUE,0.328647109,1
TRUE,0.156659583,1
TRUE,0.268667881,1
TRUE,0.088563623,1
TRUE,0.042018445,1
TRUE,0.420067096,1
TRUE,0.115847396,1
TRUE,0.047473612,1
TRUE,0.032972808,1
TRUE,0.004239137,1
TRUE,0.17048472,1
TRUE,0.019628192,1
TRUE,0.025804998,1
TRUE,0.141210976,1
TRUE,0.002253599,1
TRUE,0.334406209,1
TRUE,0.447995959,1
TRUE,0.230331516,1
FALSE,0.587294093,0
TRUE,0.454291842,1
FALSE,0.587294093,0
TRUE,0.08907496,1
FALSE,0.587294093,0
TRUE,0.03854469,1
TRUE,0.158168747,1
TRUE,0.075504367,1
TRUE,0.036155646,1
TRUE,0.032400805,1
TRUE,0.103245081,1
FALSE,0.587294093,0
TRUE,0.029272909,1
TRUE,0.282975761,1
TRUE,0.126932485,1
TRUE,0.283545541,1
TRUE,0.001144711,1
TRUE,0.337225183,1
TRUE,0.272668107,1
TRUE,0.036474907,1
TRUE,0.056443271,1
TRUE,0.377426624,1
TRUE,0.012159047,1
TRUE,0.502407593,1
TRUE,0.03414886,1
TRUE,0.007341012,1
TRUE,0.16303793,1
TRUE,0.326175556,1
TRUE,0.054555922,1
TRUE,0.089383985,1
TRUE,0.379284243,1
TRUE,0.123053567,1
TRUE,0.085334497,1
FALSE,0.587294093,0
TRUE,0.013037903,1
TRUE,0.019354973,1
TRUE,0.539086099,1
TRUE,0.324281408,1
TRUE,0.028355489,1
TRUE,0.171157811,1
TRUE,0.141312357,1
TRUE,0.00706689,1
TRUE,0.179689494,1
TRUE,0.043677973,1
TRUE,0.072149388,1
TRUE,0.233894882,1
TRUE,0.025251991,1
TRUE,0.023926564,1
TRUE,0.004348327,1
FALSE,0.587294093,0
TRUE,0.120104458,1
TRUE,0.51895457,1
TRUE,0.001510085,1
TRUE,0.409892063,1
TRUE,0.007005046,1
TRUE,0.009582674,1
TRUE,0.130940169,1
TRUE,0.051565807,1
TRUE,0.076578116,1
TRUE,0.555332535,1
TRUE,0.310474454,1
TRUE,0.034617615,1
TRUE,0.228107198,1
TRUE,0.013641928,1
TRUE,0.096430781,1
TRUE,0.054097905,1
TRUE,0.079196488,1
TRUE,5.16E-06,1
TRUE,0.055006415,1
TRUE,0.085282569,1
TRUE,0.020241121,1
TRUE,0.030736705,1
TRUE,0.001553558,1
TRUE,0.071239433,1
TRUE,0.025990786,1
TRUE,0.273544055,1
TRUE,0.009966952,1
TRUE,0.166954672,1
TRUE,0.051279983,1
TRUE,0.434011266,1
TRUE,0.034091672,1
FALSE,0.587294093,0
FALSE,0.587294093,0
TRUE,0.000118918,1
FALSE,0.587294093,0
TRUE,0.12736991,1
TRUE,0.22447113,1
TRUE,0.223662387,1
TRUE,0.355100133,1
TRUE,0.390421329,1
TRUE,0.062333797,1
TRUE,0.279068727,1
TRUE,0.09749173,1
TRUE,0.003090397,1
TRUE,0.194531875,1
TRUE,0.142906966,1
TRUE,0.052620306,1
TRUE,0.001479863,1
TRUE,0.012464568,1
TRUE,0.204227308,1
TRUE,0.0102676,1
FALSE,0.587294093,0
FALSE,0.587294093,0
TRUE,0.280588253,1
TRUE,0.067948746,1
TRUE,0.065664192,1
TRUE,0.084114753,1
TRUE,0.09633113,1
TRUE,0.057532522,1
TRUE,0.07200605,1
TRUE,0.013435938,1
FALSE,0.587294093,0
TRUE,0.074702103,1
FALSE,0.587294093,0
TRUE,0.544002369,1
FALSE,0.587294093,0
TRUE,0.507020981,1
TRUE,0.251609624,1
TRUE,0.188248025,1
TRUE,0.435245047,1
TRUE,0.240154901,1
TRUE,0.103035274,1
TRUE,0.123970187,1
TRUE,0.113277482,1
TRUE,0.174791553,1
TRUE,0.128572398,1
TRUE,0.052146491,1
TRUE,0.106230605,1
TRUE,0.112444843,1
TRUE,0.014173707,1
TRUE,0.11482073,1
TRUE,0.17355438,1
TRUE,0.110075946,1
TRUE,0.02624346,1
TRUE,0.026266716,1
TRUE,0.031937553,1
FALSE,0.587294093,0
TRUE,0.022611518,1
TRUE,0.48706079,1
TRUE,0.467407025,1
TRUE,0.470503911,1
TRUE,0.108775053,1
TRUE,0.178157605,1
TRUE,0.030266919,1
TRUE,0.067426075,1
TRUE,0.23261694,1
TRUE,0.230392475,1
TRUE,0.360089499,1
TRUE,0.286814237,1
TRUE,0.011084465,1
TRUE,0.066528647,1
TRUE,0.232927172,1
TRUE,0.05098839,1
FALSE,0.587294093,0
TRUE,0.044728685,1
TRUE,0.141649303,1
TRUE,0.041669324,1
TRUE,0.023640047,1
TRUE,0.003116164,1
TRUE,0.054926823,1
TRUE,0.064923028,1
TRUE,0.003132734,1
TRUE,0.175373187,1
TRUE,0.013711336,1
TRUE,0.018097552,1
TRUE,0.159425895,1
TRUE,0.149375615,1
TRUE,0.389398103,1
TRUE,0.083940076,1
FALSE,0.587294093,0
TRUE,0.080125378,1
TRUE,0.28494397,1
TRUE,0.158965628,1
TRUE,0.097310757,1
TRUE,0.13884512,1
TRUE,0.181537319,1
TRUE,0.347516795,1
FALSE,0.587294093,0
TRUE,0.059792918,1
TRUE,0.486384739,1
TRUE,0.002577641,1
TRUE,0.161774102,1
TRUE,0.296688068,1
TRUE,0.50828433,1
TRUE,0.276514101,1
TRUE,0.145202913,1
FALSE,0.587294093,0
TRUE,0.156641524,1
TRUE,0.054040777,1
TRUE,0.217065918,1
TRUE,0.058849592,1
TRUE,0.117030338,1
TRUE,0.173436919,1
TRUE,0.083925367,1
TRUE,0.086198408,1
TRUE,0.32506512,1
FALSE,0.587294093,0
TRUE,0.243846585,1
TRUE,0.010328297,1
TRUE,0.019856226,1
TRUE,0.127053378,1
TRUE,0.051023508,1
TRUE,0.169854065,1
TRUE,0.003007721,1
TRUE,0.074396058,1
TRUE,0.002356219,1
TRUE,0.037172579,1
TRUE,0.03328938,1
TRUE,0.056955127,1
TRUE,0.199957055,1
TRUE,0.006707797,1
TRUE,0.484173722,1
TRUE,0.083751187,1
TRUE,0.021298968,1
TRUE,0.202818449,1
TRUE,0.310978581,1
TRUE,0.030634862,1
FALSE,0.587294093,0
TRUE,0.254414176,1
TRUE,0.055675966,1
TRUE,0.181193523,1
TRUE,0.012221791,1
TRUE,0.19599077,1
TRUE,0.040118498,1
TRUE,0.544076983,1
TRUE,0.130576301,1
TRUE,0.019027436,1
TRUE,0.221927884,1
TRUE,0.077489086,1
TRUE,0.002404861,1
FALSE,0.587294093,0
TRUE,0.186691934,1
TRUE,0.004978127,1
TRUE,0.540162492,1
TRUE,0.036284581,1
TRUE,0.03255478,1
TRUE,0.00594562,1
TRUE,0.18065728,1
TRUE,0.000952913,1
TRUE,0.478756905,1
TRUE,0.376756656,1
TRUE,0.02399556,1
TRUE,0.071722765,1
TRUE,0.066159929,1
TRUE,0.207422289,1
TRUE,0.049505914,1
TRUE,0.073448222,1
TRUE,0.159010532,1
TRUE,0.582239374,1
FALSE,0.587294093,0
TRUE,0.143353822,1
TRUE,0.255850841,1
TRUE,0.017788248,1
TRUE,0.109066198,1
TRUE,0.093892148,1
TRUE,0.422506655,1
TRUE,0.080844306,1
TRUE,0.086765533,1
TRUE,0.512956598,1
TRUE,0.00283006,1
TRUE,0.104452489,1
TRUE,0.030179161,1
TRUE,0.119188729,1
TRUE,0.036517299,1
TRUE,0.105243741,1
TRUE,0.021355609,1
TRUE,0.114135643,1
TRUE,0.024548724,1
TRUE,0.557235922,1
TRUE,0.081456771,1
TRUE,0.43557568,1
TRUE,0.035044236,1
TRUE,0.345836151,1
TRUE,0.108378749,1
TRUE,0.050028038,1
TRUE,0.102093491,1
TRUE,0.331275634,1
TRUE,0.249219369,1
TRUE,0.020335407,1
TRUE,0.077310355,1
TRUE,0.197015278,1
TRUE,0.303199006,1
TRUE,0.01350615,1
FALSE,0.587294093,0
FALSE,0.587294093,0
TRUE,0.146631773,1
TRUE,0.395237179,1
TRUE,0.004376594,1
TRUE,0.071575201,1
TRUE,0.234054568,1
FALSE,0.587294093,0
TRUE,0.022843942,1
TRUE,0.035518382,1
TRUE,0.10166343,1
TRUE,0.089243881,1
TRUE,0.552416617,1
TRUE,0.557241581,1
TRUE,0.4257284,1
TRUE,0.184749386,1
TRUE,0.403607051,1
TRUE,0.333270242,1
TRUE,0.244240907,1
TRUE,0.129411986,1
TRUE,0.209092494,1
FALSE,0.587294093,0
TRUE,0.556960074,1
TRUE,0.011401824,1
TRUE,0.186686793,1
FALSE,0.587294093,0
TRUE,0.335469731,1
TRUE,0.019342534,1
TRUE,0.047625559,1
FALSE,0.587294093,0
TRUE,0.011847898,1
TRUE,0.422639061,1
TRUE,0.238590196,1
TRUE,0.090942428,1
TRUE,0.026793041,1
TRUE,0.138134201,1
TRUE,0.012150814,1
TRUE,0.018341644,1
TRUE,0.083918566,1
TRUE,0.433303221,1
FALSE,0.587294093,0
FALSE,0.587294093,0
TRUE,0.239059262,1
TRUE,0.131947082,1
TRUE,0.00963714,1
TRUE,0.025391209,1
TRUE,0.01910596,1
TRUE,0.02519377,1
TRUE,0.410016791,1
TRUE,0.069177792,1
TRUE,0.263919749,1
FALSE,0.587294093,0
TRUE,0.149399227,1
TRUE,0.002336028,1
TRUE,0.061851516,1
TRUE,0.521090851,1
TRUE,0.169636915,1
TRUE,0.052771028,1
TRUE,0.012802633,1
FALSE,0.587294093,0
TRUE,0.016615026,1
TRUE,0.388093245,1
TRUE,0.192156495,1
TRUE,0.010958339,1
TRUE,0.089305943,1
TRUE,0.196401373,1
TRUE,0.012993996,1
TRUE,0.004031011,1
TRUE,0.07796336,1
TRUE,0.01091356,1
FALSE,0.587294093,0
TRUE,0.173861781,1
TRUE,0.146571246,1
TRUE,0.555710327,1
FALSE,0.587294093,0
TRUE,0.113927015,1
TRUE,0.029202435,1
TRUE,0.02255584,1
TRUE,0.000753579,1
TRUE,0.010012083,1
TRUE,0.392708694,1
TRUE,0.067032957,1
TRUE,0.054387393,1
TRUE,0.079622669,1
TRUE,0.299783333,1
TRUE,0.0279376,1
TRUE,0.016231239,1
TRUE,0.306551527,1
TRUE,0.32298227,1
TRUE,0.207225623,1
TRUE,0.048757907,1
FALSE,0.587294093,0
TRUE,0.00727572,1
FALSE,0.587294093,0
TRUE,0.175542987,1
TRUE,0.040123084,1
FALSE,0.587294093,0
FALSE,0.587294093,0
TRUE,0.253167915,1
TRUE,0.106643315,1
TRUE,0.164357961,1
TRUE,0.008605688,1
TRUE,0.349167634,1
TRUE,0.021558337,1
TRUE,0.044467055,1
TRUE,0.01559092,1
FALSE,0.587294093,0
TRUE,0.011765325,1
TRUE,0.213557701,1
TRUE,0.0149245,1
FALSE,0.587294093,0
FALSE,0.587294093,0
TRUE,0.516363859,1
TRUE,0.151867141,1
TRUE,0.439884387,1
TRUE,0.180469557,1
TRUE,0.20753195,1
TRUE,0.006341314,1
TRUE,0.012028537,1
TRUE,0.355038605,1
TRUE,0.001245831,1
TRUE,0.33288293,1
TRUE,0.025187652,1
FALSE,0.587294093,0
TRUE,0.486814017,1
TRUE,0.028696633,1
TRUE,0.374161448,1
TRUE,0.423348968,1
FALSE,0.587294093,0
TRUE,0.273195997,1
FALSE,0.587294093,0
TRUE,0.336103706,1
TRUE,0.031985905,1
TRUE,0.05196557,1
TRUE,0.017512932,1
TRUE,0.027519154,1
TRUE,0.20739022,1
TRUE,0.02209002,1
TRUE,0.106676323,1
FALSE,0.587294093,0
TRUE,0.040705342,1
FALSE,0.587294093,0
TRUE,0.06532611,1
TRUE,0.240492225,1
TRUE,0.271474849,1
TRUE,0.072850146,1
TRUE,0.092448782,1
TRUE,0.244297915,1
TRUE,0.291056103,1
TRUE,0.080559816,1
TRUE,0.117769323,1
TRUE,0.027649199,1
TRUE,0.096306677,1
TRUE,0.325401386,1
FALSE,0.587294093,0
FALSE,0.587294093,0
TRUE,0.228460621,1
FALSE,0.587294093,0
TRUE,0.030596334,1
FALSE,0.587294093,0
FALSE,0.587294093,0
TRUE,0.192529527,1
TRUE,0.031158192,1
TRUE,0.244904762,1
TRUE,0.333405595,1
TRUE,0.182320819,1
TRUE,0.038434068,1
FALSE,0.587294093,0
TRUE,0.005435535,1
TRUE,0.152097533,1
TRUE,0.012461657,1
TRUE,0.361391696,1
TRUE,0.42844795,1
TRUE,0.027481881,1
TRUE,0.082176434,1
TRUE,0.160378651,1
FALSE,0.587294093,0
TRUE,0.121022511,1
TRUE,0.105645611,1
TRUE,0.102579735,1
TRUE,0.123767977,1
TRUE,0.155623529,1
TRUE,0.014877139,1
FALSE,0.587294093,0
TRUE,0.161359841,1
TRUE,0.051877618,1
TRUE,0.069647626,1
TRUE,0.222264279,1
TRUE,0.06980925,1
TRUE,0.09010253,1
TRUE,0.013125951,1
TRUE,0.132262571,1
TRUE,0.043277535,1
TRUE,0.103251511,1
FALSE,0.587294093,0
TRUE,0.029161623,1
TRUE,0.002664701,1
TRUE,0.484606103,1
TRUE,0.017944767,1
TRUE,0.034524482,1
TRUE,0.104468871,1
TRUE,0.061550098,1
TRUE,0.26189951,1
TRUE,0.018565734,1
TRUE,0.038576066,1
TRUE,0.340977781,1
TRUE,0.004589893,1
TRUE,0.273944311,1
TRUE,0.426705601,1
TRUE,0.472661676,1
TRUE,0.500229297,1
TRUE,0.009102382,1
TRUE,0.098900842,1
TRUE,0.005012773,1
FALSE,0.587294093,0
TRUE,0.101978795,1
TRUE,0.047313876,1
TRUE,0.300775016,1
TRUE,0.032343221,1
TRUE,0.016488384,1
TRUE,0.000594201,1
TRUE,0.058770745,1
TRUE,0.075499517,1
TRUE,0.022553398,1
TRUE,0.354530563,1
TRUE,0.029134173,1
FALSE,0.587294093,0
TRUE,0.099475899,1
TRUE,0.146082806,1
TRUE,0.03740973,1
TRUE,0.035633452,1
TRUE,0.009041421,1
TRUE,0.148927843,1
TRUE,0.284665232,1
TRUE,0.03153053,1
TRUE,0.106049813,1
TRUE,0.023302829,1
TRUE,0.035263275,1
TRUE,0.006503871,1
TRUE,0.394760408,1
TRUE,0.073480972,1
TRUE,0.566935605,1
FALSE,0.587294093,0
TRUE,0.023764208,1
TRUE,0.122990082,1
TRUE,0.420963854,1
TRUE,0.110743831,1
TRUE,0.193862041,1
TRUE,0.102681361,1
TRUE,0.076931569,1
TRUE,0.572092895,1
TRUE,0.032543789,1
TRUE,0.04475214,1
TRUE,0.007853567,1
TRUE,0.2413373,1
TRUE,0.152501068,1
FALSE,0.587294093,0
TRUE,0.418534271,1
FALSE,0.587294093,0
TRUE,0.439553181,1
TRUE,0.0036616,1
TRUE,0.011343622,1
TRUE,0.097472162,1
FALSE,0.587294093,0
TRUE,0.020714729,1
TRUE,0.063500923,1
TRUE,0.20478812,1
TRUE,0.199652534,1
TRUE,0.017319387,1
TRUE,0.090921967,1
TRUE,0.05326396,1
TRUE,0.051805916,1
TRUE,0.220270942,1
TRUE,0.013704865,1
TRUE,0.208879716,1
TRUE,0.543558242,1
TRUE,0.108438463,1
TRUE,0.046795845,1
TRUE,0.019941686,1
FALSE,0.587294093,0
TRUE,0.018778268,1
TRUE,0.05854926,1
TRUE,0.311842313,1
FALSE,0.587294093,0
TRUE,0.152162093,1
TRUE,0.263970849,1
TRUE,0.220099981,1
TRUE,0.028908304,1
FALSE,0.587294093,0
TRUE,0.002480031,1
TRUE,0.544280332,1
TRUE,0.23364628,1
TRUE,0.365113496,1
TRUE,0.132709952,1
FALSE,0.587294093,0
TRUE,0.137681098,1
TRUE,0.067387854,1
TRUE,0.02500855,1
TRUE,0.396410854,1
TRUE,0.011259542,1
FALSE,0.587294093,0
TRUE,0.023130964,1
TRUE,0.343516427,1
TRUE,0.075742014,1
FALSE,0.587294093,0
TRUE,0.018573581,1
FALSE,0.587294093,0
TRUE,0.043077712,1
TRUE,0.175357774,1
TRUE,0.033520258,1
TRUE,0.00065334,1
TRUE,0.024454222,1
TRUE,0.404302653,1
TRUE,0.244145728,1
TRUE,0.001720389,1
TRUE,0.034991645,1
TRUE,0.301389178,1
TRUE,0.0855262,1
TRUE,0.03172114,1
TRUE,0.209029532,1
TRUE,0.153450773,1
TRUE,0.008004761,1
FALSE,0.587294093,0
TRUE,0.207434295,1
TRUE,0.441479195,1
TRUE,0.042413443,1
TRUE,0.033969069,1
TRUE,0.190439093,1
TRUE,0.00211575,1
FALSE,0.587294093,0
FALSE,0.587294093,0
TRUE,0.115452713,1
TRUE,0.174552806,1
TRUE,0.008980541,1
TRUE,0.099926775,1
TRUE,0.02008275,1
TRUE,0.384157108,1
TRUE,0.129185536,1
TRUE,0.284252223,1
TRUE,0.0156333,1
TRUE,0.553088348,1
TRUE,0.012691322,1
TRUE,0.055569427,1
TRUE,0.299649118,1
TRUE,0.001717341,1
TRUE,0.224427197,1
TRUE,0.158543984,1
TRUE,0.034419708,1
TRUE,0.437418168,1
TRUE,0.110819322,1
TRUE,0.010923,1
TRUE,0.004797189,1
TRUE,0.001255262,1
TRUE,0.266886927,1
TRUE,0.564939881,1
TRUE,0.044373652,1
TRUE,0.309191577,1
TRUE,0.117766643,1
TRUE,0.287972938,1
TRUE,0.084977479,1
TRUE,0.544064365,1
TRUE,0.155080835,1
TRUE,0.010491086,1
TRUE,0.277313435,1
TRUE,0.117848517,1
TRUE,0.035179099,1
TRUE,0.360389876,1
TRUE,0.069464741,1
TRUE,0.019282027,1
FALSE,0.587294093,0
TRUE,0.036972344,1
TRUE,0.025147001,1
TRUE,0.071633629,1
TRUE,0.020009735,1
TRUE,0.14230947,1
FALSE,0.587294093,0
TRUE,0.072656833,1
TRUE,0.265102197,1
TRUE,0.05805108,1
TRUE,0.045351921,1
TRUE,0.426929393,1
FALSE,0.587294093,0
TRUE,0.414923747,1
TRUE,0.040821579,1
TRUE,0.021183656,1
TRUE,0.066872832,1
TRUE,0.181859003,1
FALSE,0.587294093,0
TRUE,0.055350432,1
TRUE,0.01133154,1
TRUE,0.295022006,1
TRUE,0.045993494,1
FALSE,0.587294093,0
TRUE,0.083194042,1
TRUE,0.091636906,1
TRUE,0.079424615,1
TRUE,0.003985991,1
TRUE,0.003679079,1
TRUE,0.53125103,1
TRUE,0.048002833,1
TRUE,0.003655966,1
TRUE,0.40479078,1
TRUE,0.043906861,1
TRUE,0.149328998,1
TRUE,0.118375328,1
TRUE,0.274885931,1
TRUE,0.045339224,1
TRUE,0.0073804,1
TRUE,0.004284728,1
TRUE,0.4787829,1
FALSE,0.587294093,0
TRUE,0.473680872,1
FALSE,0.587294093,0
TRUE,0.071067202,1
TRUE,0.01895766,1
TRUE,0.03130053,1
TRUE,0.005855939,1
TRUE,0.069557429,1
TRUE,0.056385123,1
TRUE,0.21080048,1
TRUE,0.060570874,1
TRUE,0.033511918,1
FALSE,0.587294093,0
TRUE,0.565961673,1
TRUE,0.119018299,1
TRUE,0.026051004,1
TRUE,0.015299104,1
TRUE,0.118476613,1
TRUE,0.004344066,1
TRUE,0.278509121,1
TRUE,0.498424275,1
TRUE,0.028897363,1
TRUE,0.10384829,1
FALSE,0.587294093,0
TRUE,0.005246402,1
TRUE,0.074801801,1
TRUE,0.078487358,1
TRUE,0.062522007,1
FALSE,0.587294093,0
TRUE,0.162446294,1
TRUE,0.073536659,1
TRUE,0.277824906,1
TRUE,0.130919053,1
TRUE,0.021090753,1
TRUE,0.167302054,1
TRUE,0.107754606,1
TRUE,0.132770571,1
TRUE,0.015262772,1
TRUE,0.026736489,1
TRUE,0.083756865,1
TRUE,0.071067199,1
TRUE,0.015768562,1
TRUE,0.051125594,1
TRUE,0.120824922,1
TRUE,0.065850762,1
TRUE,0.082854676,1
TRUE,0.014878768,1
TRUE,0.114399144,1
TRUE,0.283634711,1
TRUE,0.006764372,1
TRUE,0.014650232,1
TRUE,0.06416096,1
FALSE,0.587294093,0
TRUE,0.428564429,1
TRUE,0.040161499,1
TRUE,0.328431532,1
TRUE,0.112321209,1
TRUE,0.063130929,1
TRUE,0.285865115,1
FALSE,0.587294093,0
TRUE,0.031631319,1
TRUE,0.025280118,1
TRUE,0.043035999,1
TRUE,0.00590057,1
TRUE,0.024875391,1
TRUE,0.544274156,1
TRUE,0.023101767,1
TRUE,0.189949972,1
TRUE,0.022578871,1
TRUE,0.180351336,1
TRUE,0.052410434,1
TRUE,0.549370405,1
TRUE,0.174343284,1
FALSE,0.587294093,0
TRUE,0.535923492,1
TRUE,0.228994916,1
TRUE,0.096092592,1
TRUE,0.22831088,1
TRUE,0.021087934,1
TRUE,0.106741217,1
TRUE,0.582160767,1
TRUE,0.047114717,1
TRUE,0.039613344,1
TRUE,0.297007603,1
TRUE,0.253568576,1
TRUE,0.150955618,1
TRUE,0.557105767,1
TRUE,0.310657459,1
TRUE,0.009255633,1
TRUE,0.111513888,1
TRUE,0.045525713,1
TRUE,0.008057092,1
TRUE,0.013884826,1
FALSE,0.587294093,0
TRUE,0.518510679,1
TRUE,0.067944258,1
TRUE,0.039386473,1
TRUE,0.362550808,1
TRUE,0.036476214,1
TRUE,0.086610771,1
TRUE,0.12109866,1
TRUE,0.25396433,1
TRUE,0.350162198,1
TRUE,0.022637556,1
TRUE,0.010698823,1
TRUE,0.171400007,1
FALSE,0.587294093,0
TRUE,0.572319882,1
TRUE,0.015889404,1
TRUE,0.026641985,1
FALSE,0.587294093,0
TRUE,0.024359036,1
TRUE,0.0448187,1
TRUE,0.178095379,1
TRUE,0.054457026,1
TRUE,0.27825974,1
TRUE,0.094655167,1
TRUE,0.079457241,1
TRUE,0.162522972,1
TRUE,0.026778114,1
TRUE,0.156620314,1
TRUE,0.055868841,1
TRUE,0.024322893,1
TRUE,0.049934561,1
TRUE,0.338993381,1
TRUE,0.017185476,1
FALSE,0.587294093,0
TRUE,0.034185208,1
TRUE,0.019392483,1
TRUE,0.027177576,1
TRUE,0.414722961,1
TRUE,0.022844741,1
TRUE,0.020770368,1
TRUE,0.421964328,1
TRUE,0.013565495,1
TRUE,0.010603033,1
TRUE,0.086696013,1
TRUE,0.134820868,1
TRUE,0.562898458,1
TRUE,0.020426321,1
TRUE,0.059063925,1
TRUE,0.538239174,1
TRUE,0.066192985,1
FALSE,0.587294093,0
TRUE,0.093548914,1
TRUE,0.075067198,1
TRUE,0.476242836,1
TRUE,0.003087215,1
TRUE,0.184276449,1
TRUE,0.346077467,1
TRUE,0.258477826,1
TRUE,0.401836958,1
FALSE,0.587294093,0
TRUE,0.063353831,1
FALSE,0.587294093,0
TRUE,0.015787921,1
FALSE,0.587294093,0
TRUE,0.073860615,1
TRUE,0.120540599,1
TRUE,0.005383405,1
TRUE,0.018190246,1
FALSE,0.587294093,0
FALSE,0.587294093,0
TRUE,0.016953498,1
TRUE,0.051128758,1
TRUE,0.107027025,1
TRUE,0.003835757,1
TRUE,0.017569666,1
FALSE,0.587294093,0
FALSE,0.587294093,0
TRUE,0.025637316,1
TRUE,0.257352375,1
TRUE,0.015521371,1
TRUE,0.252033178,1
TRUE,0.019402451,1
TRUE,0.012142077,1
TRUE,0.071741687,1
TRUE,0.238022402,1
TRUE,0.001286616,1
FALSE,0.587294093,0
TRUE,0.410380034,1
FALSE,0.587294093,0
TRUE,0.184686278,1
TRUE,0.47275622,1
TRUE,0.137914982,1
TRUE,0.159030991,1
TRUE,0.001540527,1
TRUE,0.032787268,1
TRUE,0.308502415,1
TRUE,0.546158849,1
TRUE,0.044971011,1
TRUE,0.035793884,1
TRUE,0.077676005,1
TRUE,0.039581151,1
TRUE,0.22517876,1
TRUE,0.043326225,1
TRUE,0.485807933,1
TRUE,0.085867108,1
TRUE,0.026691086,1
TRUE,0.186391061,1
TRUE,0.050097057,1
TRUE,0.029898749,1
TRUE,0.327015135,1
TRUE,0.149729613,1
TRUE,0.047576937,1
TRUE,0.060017465,1
TRUE,0.032577734,1
TRUE,0.002125284,1
TRUE,0.020366403,1
TRUE,0.029151231,1
FALSE,0.587294093,0
TRUE,0.132760195,1
FALSE,0.587294093,0
TRUE,0.026399391,1
TRUE,0.053500348,1
FALSE,0.587294093,0
TRUE,0.007051391,1
TRUE,0.132548643,1
TRUE,0.031451833,1
TRUE,0.214676783,1
TRUE,0.272632384,1
TRUE,0.222565466,1
TRUE,0.471591614,1
TRUE,0.053930501,1
TRUE,0.019772658,1
TRUE,0.015713337,1
FALSE,0.587294093,0
TRUE,0.192029417,1
TRUE,0.446263784,1
FALSE,0.587294093,0
FALSE,0.587294093,0
TRUE,0.008222752,1
TRUE,0.084198246,1
TRUE,0.00143209,1
TRUE,0.152607023,1
TRUE,0.029659337,1
TRUE,0.01646535,1
TRUE,0.282388112,1
TRUE,0.004317518,1
TRUE,0.296952319,1
TRUE,0.37995643,1
TRUE,0.059924402,1
TRUE,0.03121483,1
TRUE,0.312363081,1
TRUE,0.057038592,1
TRUE,0.000482186,1
TRUE,0.007308428,1
TRUE,0.033488884,1
TRUE,0.044040827,1
TRUE,0.0055499,1
TRUE,0.148262306,1
FALSE,0.587294093,0
TRUE,0.53644444,1
TRUE,0.231937166,1
TRUE,1.19E-05,1
FALSE,0.587294093,0
TRUE,0.11570266,1
TRUE,0.07205377,1
TRUE,0.305378554,1
TRUE,0.467813804,1
FALSE,0.587294093,0
TRUE,0.083990107,1
TRUE,0.132748635,1
TRUE,0.14496085,1
TRUE,0.070726819,1
TRUE,0.480604574,1
TRUE,0.019207999,1
TRUE,0.204347275,1
TRUE,0.031998771,1
TRUE,0.030072196,1
TRUE,0.012682682,1
TRUE,0.232973632,1
TRUE,0.001916024,1
TRUE,0.004246269,1
TRUE,0.06461067,1
FALSE,0.587294093,0
TRUE,0.009336302,1
TRUE,0.278412096,1
FALSE,0.587294093,0
TRUE,0.547707834,1
TRUE,0.009876994,1
TRUE,0.120058377,1
TRUE,0.055219583,1
TRUE,0.381071569,1
FALSE,0.587294093,0
FALSE,0.587294093,0
TRUE,0.224071909,1
FALSE,0.587294093,0
TRUE,0.126728598,1
TRUE,0.575702893,1
TRUE,0.044095565,1
TRUE,0.190061004,1
TRUE,0.121186563,1
TRUE,0.252638483,1
TRUE,0.198639856,1
TRUE,0.381155469,1
TRUE,0.002054785,1
TRUE,0.054515886,1
TRUE,0.032102211,1
FALSE,0.587294093,0
FALSE,0.587294093,0
TRUE,0.014759653,1
TRUE,0.172039517,1
TRUE,0.020466516,1
TRUE,0.583171478,1
TRUE,0.060914172,1
TRUE,0.062546716,1
TRUE,0.04797599,1
TRUE,0.491978655,1
TRUE,0.073351826,1
TRUE,0.052928798,1
TRUE,0.003497625,1
TRUE,0.27687079,1
TRUE,0.047527035,1
TRUE,0.328466745,1
TRUE,0.156809747,1
TRUE,0.008390846,1
FALSE,0.587294093,0
TRUE,0.414941231,1
TRUE,0.087146425,1
TRUE,0.001627215,1
TRUE,0.097402763,1
TRUE,0.179891289,1
TRUE,0.35206315,1
TRUE,0.017914042,1
TRUE,0.027474027,1
TRUE,0.050616054,1
TRUE,0.548253124,1
TRUE,0.367906539,1
FALSE,0.587294093,0
TRUE,0.112101443,1
TRUE,0.00650613,1
TRUE,0.064612865,1
TRUE,0.009670665,1
TRUE,0.065063849,1
TRUE,0.062582288,1
TRUE,0.002770123,1
TRUE,0.113833087,1
TRUE,0.001718719,1
TRUE,0.20150944,1
TRUE,0.433035784,1
TRUE,0.130251315,1
TRUE,0.010497884,1
TRUE,0.009931254,1
TRUE,0.172557494,1
TRUE,0.05488454,1
TRUE,0.036122049,1
TRUE,0.052631839,1
TRUE,0.218044526,1
FALSE,0.587294093,0
FALSE,0.587294093,0
FALSE,0.587294093,0
TRUE,0.030636642,1
TRUE,0.014999804,1
TRUE,0.434841972,1
TRUE,0.202534985,1
TRUE,0.065142906,1
FALSE,0.587294093,0
FALSE,0.587294093,0
TRUE,0.014017538,1
FALSE,0.587294093,0
TRUE,0.074688745,1
TRUE,0.147293864,1
TRUE,0.004126572,1
TRUE,0.186788459,1
TRUE,0.09641296,1
TRUE,0.003669035,1
TRUE,0.502716176,1
TRUE,0.004371528,1
TRUE,0.009383169,1
TRUE,0.020370594,1
TRUE,0.026533742,1
TRUE,0.267420582,1
TRUE,0.169215046,1
TRUE,0.198700789,1
TRUE,0.009958292,1
TRUE,0.023564512,1
TRUE,0.078870726,1
TRUE,0.297458503,1
TRUE,0.291762201,1
TRUE,0.419311735,1
FALSE,0.587294093,0
TRUE,0.113120776,1
TRUE,0.023415914,1
TRUE,0.085557069,1
TRUE,0.249190443,1
TRUE,0.236611324,1
TRUE,0.082755617,1
TRUE,0.41936096,1
FALSE,0.587294093,0
TRUE,0.013276617,1
TRUE,0.171693723,1
TRUE,0.263704646,1
TRUE,0.289202842,1
TRUE,0.131046278,1
TRUE,0.231615175,1
TRUE,0.080501225,1
TRUE,0.056242398,1
TRUE,0.029180688,1
TRUE,0.34450824,1
TRUE,0.544141913,1
TRUE,0.027638709,1
TRUE,0.063191892,1
TRUE,0.437471052,1
TRUE,0.034878012,1
TRUE,0.016458838,1
TRUE,0.214676267,1
TRUE,0.101741488,1
TRUE,0.141332817,1
TRUE,0.189077785,1
FALSE,0.587294093,0
TRUE,0.034344691,1
TRUE,0.033828878,1
TRUE,0.093604915,1
FALSE,0.587294093,0
FALSE,0.587294093,0
TRUE,0.311999831,1
TRUE,0.007504944,1
TRUE,0.027924899,1
TRUE,0.084741264,1
TRUE,0.43453412,1
FALSE,0.587294093,0
TRUE,0.022678626,1
TRUE,0.055774075,1
TRUE,0.011567919,1
TRUE,0.020197357,1
TRUE,0.114092303,1
TRUE,0.120917124,1
TRUE,0.005966789,1
TRUE,0.066654944,1
TRUE,0.404393508,1
TRUE,0.053326403,1
TRUE,0.000746619,1
TRUE,0.088290787,1
TRUE,0.189816541,1
TRUE,0.284275658,1
TRUE,0.11381486,1
TRUE,0.007906262,1
TRUE,0.036736765,1
TRUE,0.007238179,1
TRUE,0.346581351,1
FALSE,0.587294093,0
TRUE,0.013810306,1
FALSE,0.587294093,0
TRUE,0.032008303,1
TRUE,0.011310828,1
TRUE,0.446530387,1
TRUE,0.018290392,1
TRUE,0.483943726,1
TRUE,0.094142457,1
TRUE,0.064636557,1
TRUE,0.071089641,1
TRUE,0.015292385,1
TRUE,0.03691678,1
TRUE,0.004631619,1
TRUE,0.108681781,1
TRUE,0.348107282,1
TRUE,0.017974582,1
TRUE,0.075027295,1
TRUE,0.020303481,1
TRUE,0.326058628,1
TRUE,0.492173945,1
FALSE,0.587294093,0
TRUE,0.155291657,1
TRUE,0.304143058,1
TRUE,0.222646539,1
TRUE,0.007387915,1
TRUE,0.133635223,1
TRUE,0.460322263,1
TRUE,0.043829626,1
TRUE,0.036484398,1
TRUE,0.286190961,1
TRUE,0.086344089,1
TRUE,0.025124643,1
TRUE,0.303523758,1
TRUE,0.133013038,1
TRUE,0.355171128,1
TRUE,0.575667918,1
TRUE,0.022112194,1
FALSE,0.587294093,0
TRUE,0.490222849,1
TRUE,0.168909801,1
TRUE,0.103630352,1
TRUE,0.032437589,1
TRUE,0.574174346,1
TRUE,0.137644525,1
TRUE,0.080106284,1
TRUE,0.00091016,1
TRUE,0.213264466,1
TRUE,0.134434226,1
TRUE,0.107677924,1
TRUE,0.087269572,1
TRUE,0.096730009,1
TRUE,0.440923041,1
TRUE,0.110244768,1
TRUE,0.073907438,1
TRUE,0.079518546,1
TRUE,0.411911303,1
TRUE,0.018182947,1
TRUE,0.385075048,1
FALSE,0.587294093,0
TRUE,0.200068608,1
TRUE,0.49437036,1
TRUE,0.45623948,1
TRUE,0.379627827,1
TRUE,0.259478823,1
TRUE,0.048770832,1
TRUE,0.396749189,1
TRUE,0.083408457,1
TRUE,0.362603311,1
TRUE,0.051355598,1
TRUE,0.171761366,1
TRUE,0.035244105,1
TRUE,0.033566443,1
TRUE,0.064119748,1
TRUE,0.012265043,1
TRUE,0.236537712,1
TRUE,0.069229688,1
TRUE,0.015834664,1
TRUE,0.154927477,1
TRUE,0.153342283,1
TRUE,0.078676696,1
TRUE,0.048268934,1
TRUE,0.014275691,1
TRUE,0.07489938,1
TRUE,0.18978856,1
TRUE,0.033320577,1
TRUE,0.48802416,1
TRUE,0.00197885,1
TRUE,0.129901255,1
FALSE,0.587294093,0
TRUE,0.174232798,1
TRUE,0.011005134,1
FALSE,0.587294093,0
TRUE,0.003578085,1
TRUE,0.017503713,1
TRUE,0.217301595,1
TRUE,0.053843017,1
TRUE,0.162628378,1
TRUE,0.332044529,1
TRUE,0.045820358,1
TRUE,0.496182156,1
TRUE,0.554181576,1
TRUE,0.030865692,1
TRUE,0.188519164,1
TRUE,0.01759155,1
TRUE,0.25504766,1
TRUE,0.057178108,1
FALSE,0.587294093,0
TRUE,0.067914507,1
TRUE,0.173403739,1
TRUE,0.037006856,1
TRUE,0.435178562,1
TRUE,0.071854544,1
TRUE,0.199816352,1
TRUE,0.317980579,1
TRUE,0.405244514,1
TRUE,0.500089311,1
FALSE,0.587294093,0
TRUE,0.021611054,1
TRUE,0.173993802,1
TRUE,0.02448723,1
TRUE,0.253031069,1
TRUE,0.020079993,1
TRUE,0.011424059,1
TRUE,0.255526636,1
TRUE,0.297874877,1
TRUE,0.005747501,1
TRUE,0.276979746,1
TRUE,0.133312582,1
TRUE,0.297635506,1
TRUE,0.253067542,1
TRUE,0.006414266,1
TRUE,0.049935226,1
TRUE,0.019770577,1
TRUE,0.033781482,1
TRUE,0.563408173,1
TRUE,0.073915516,1
TRUE,0.010350975,1
TRUE,0.053309147,1
TRUE,0.098660423,1
TRUE,0.265091687,1
TRUE,0.135706083,1
TRUE,0.19168009,1
TRUE,0.065675545,1
TRUE,0.075140612,1
TRUE,0.580405692,1
TRUE,0.140261731,1
TRUE,0.214183932,1
TRUE,0.371077814,1
TRUE,0.09101375,1
TRUE,0.182202127,1
TRUE,0.046497991,1
TRUE,0.02717495,1
TRUE,0.030143719,1
TRUE,0.062938552,1
TRUE,0.563783342,1
TRUE,0.144175419,1
TRUE,0.010527487,1
TRUE,0.263407327,1
TRUE,0.096003429,1
TRUE,0.086694854,1
TRUE,0.025098879,1
TRUE,0.096937437,1
TRUE,0.278613498,1
TRUE,0.007176148,1
TRUE,0.411169067,1
TRUE,0.527137263,1
TRUE,0.395659865,1
TRUE,0.529308945,1
TRUE,0.104560619,1
TRUE,0.004639214,1
TRUE,0.034838231,1
TRUE,0.063526995,1
TRUE,0.186046473,1
TRUE,0.142982073,1
TRUE,0.026755335,1
TRUE,0.021874733,1
TRUE,0.007579297,1
TRUE,0.097365763,1
TRUE,0.534681358,1
TRUE,0.052729514,1
TRUE,0.076126231,1
TRUE,0.073305448,1
TRUE,0.029802062,1
TRUE,0.133091583,1
TRUE,0.054571223,1
TRUE,0.322490994,1
TRUE,0.028434609,1
TRUE,0.075652422,1
TRUE,0.080662892,1
TRUE,0.004063061,1
TRUE,0.510423269,1
TRUE,0.014025336,1
TRUE,0.374234781,1
TRUE,0.027287793,1
TRUE,0.004269958,1
FALSE,0.587294093,0
TRUE,0.024695969,1
TRUE,0.000380681,1
TRUE,0.469109642,1
TRUE,0.167860526,1
TRUE,0.099435777,1
TRUE,0.026166519,1
TRUE,0.009610396,1
TRUE,0.148748127,1
TRUE,0.000571525,1
TRUE,0.087373504,1
TRUE,0.408096794,1
TRUE,0.185897663,1
TRUE,0.019968212,1
TRUE,0.011430292,1
TRUE,0.082024519,1
TRUE,0.118537108,1
TRUE,0.003549258,1
TRUE,0.004322372,1
TRUE,0.20280514,1
FALSE,0.587294093,0
TRUE,0.262164457,1
TRUE,0.036749092,1
TRUE,0.038965059,1
TRUE,0.103598971,1
TRUE,0.480633336,1
TRUE,0.292167098,1
TRUE,0.006967305,1
TRUE,0.07593146,1
TRUE,0.057988115,1
TRUE,0.21401446,1
TRUE,0.160899781,1
TRUE,0.348619421,1
TRUE,0.282506441,1
TRUE,0.084350489,1
TRUE,0.536043144,1
TRUE,0.024830214,1
TRUE,0.019213784,1
TRUE,0.456577148,1
FALSE,0.587294093,0
TRUE,0.074037274,1
TRUE,0.018697994,1
TRUE,0.028669097,1
TRUE,0.027220531,1
TRUE,0.422561137,1
TRUE,0.020404387,1
TRUE,0.153934571,1
TRUE,0.315313504,1
TRUE,0.247605479,1
TRUE,0.289321354,1
TRUE,0.353796572,1
TRUE,0.003832961,1
TRUE,0.000253762,1
TRUE,0.124386645,1
TRUE,0.124566397,1
TRUE,0.046698762,1
TRUE,0.006239797,1
TRUE,0.116210441,1
TRUE,0.162176356,1
TRUE,0.006984234,1
TRUE,0.234314206,1
TRUE,0.017773566,1
TRUE,0.057525903,1
TRUE,0.029987363,1
TRUE,0.15761687,1
FALSE,0.587294093,0
TRUE,0.012055836,1
TRUE,0.008668085,1
TRUE,0.044554358,1
TRUE,0.295782576,1
TRUE,0.098553245,1
TRUE,0.146314357,1
TRUE,0.017084095,1
TRUE,0.081165277,1
TRUE,0.001913144,1
TRUE,0.069157193,1
TRUE,0.013570377,1
TRUE,0.162059293,1
TRUE,0.258200867,1
TRUE,0.479156699,1
TRUE,0.060073953,1
TRUE,0.032095273,1
TRUE,0.003627096,1
TRUE,0.081833467,1
TRUE,0.257769683,1
TRUE,0.032547082,1
TRUE,0.535823157,1
TRUE,0.101338131,1
TRUE,0.156933014,1
TRUE,0.354205518,1
TRUE,0.089836149,1
TRUE,0.584684823,1
TRUE,0.545610219,1
TRUE,0.226570874,1
TRUE,0.320994624,1
TRUE,0.029358577,1
TRUE,0.00080189,1
TRUE,0.424327121,1
TRUE,0.164431502,1
TRUE,0.040465375,1
TRUE,0.301274129,1
TRUE,0.073249393,1
TRUE,0.226387909,1
TRUE,0.43218438,1
TRUE,0.159419505,1
TRUE,0.068029771,1
TRUE,0.017229547,1
FALSE,0.587294093,0
TRUE,0.06524002,1
TRUE,0.015585181,1
TRUE,0.061413172,1
TRUE,0.573191203,1
TRUE,0.357117219,1
TRUE,0.052472996,1
TRUE,0.071744358,1
TRUE,0.030999231,1
TRUE,0.339661167,1
FALSE,0.587294093,0
TRUE,0.023432917,1
TRUE,0.001885619,1
TRUE,0.022047834,1
TRUE,0.151108376,1
TRUE,0.050097725,1
TRUE,0.130335535,1
TRUE,0.021886134,1
TRUE,0.020597028,1
TRUE,0.068928217,1
TRUE,0.409296862,1
TRUE,0.063777322,1
FALSE,0.587294093,0
TRUE,0.041197879,1
TRUE,0.124381878,1
FALSE,0.587294093,0
TRUE,0.331139757,1
TRUE,0.032676873,1
TRUE,0.006031617,1
TRUE,0.008903359,1
FALSE,0.587294093,0
TRUE,0.014241874,1
TRUE,0.025051757,1
FALSE,0.587294093,0
TRUE,0.000970044,1
TRUE,0.467686772,1
TRUE,0.420146841,1
TRUE,0.071677549,1
TRUE,0.445041224,1
TRUE,0.255381096,1
TRUE,0.172472836,1
FALSE,0.587294093,0
TRUE,0.08108111,1
TRUE,0.036259349,1
TRUE,0.017040277,1
FALSE,0.587294093,0
TRUE,0.001661709,1
TRUE,0.329534053,1
TRUE,0.176899845,1
TRUE,0.28780361,1
TRUE,0.022574549,1
TRUE,0.136472295,1
TRUE,0.103555223,1
TRUE,0.006850247,1
TRUE,0.491779056,1
TRUE,0.183018419,1
TRUE,0.00148809,1
TRUE,0.016622332,1
TRUE,0.33666666,1
FALSE,0.587294093,0
TRUE,0.006882087,1
FALSE,0.587294093,0
TRUE,0.080265459,1
TRUE,0.097076964,1
TRUE,0.012683354,1
TRUE,0.230690525,1
TRUE,0.073953436,1
TRUE,0.052834629,1
FALSE,0.587294093,0
TRUE,0.02331439,1
TRUE,0.02538957,1
TRUE,0.257441752,1
TRUE,0.372713906,1
TRUE,0.011537373,1
TRUE,0.183765179,1
TRUE,0.323104202,1
TRUE,0.093107536,1
TRUE,0.313698815,1
TRUE,0.046365733,1
TRUE,0.078035252,1
TRUE,0.046887737,1
TRUE,0.023534026,1
TRUE,0.091245617,1
TRUE,0.141567255,1
FALSE,0.587294093,0
TRUE,0.024040856,1
TRUE,0.039949525,1
FALSE,0.587294093,0
FALSE,0.587294093,0
TRUE,0.317948765,1
TRUE,0.201603727,1
TRUE,0.045236076,1
TRUE,0.149635618,1
TRUE,0.245944169,1
TRUE,0.263378011,1
TRUE,0.024568984,1
TRUE,0.407908136,1
TRUE,0.207860237,1
TRUE,0.175850226,1
TRUE,0.008350278,1
TRUE,0.007451623,1
TRUE,0.036213955,1
TRUE,0.075745527,1
TRUE,0.01265073,1
TRUE,0.032194317,1
TRUE,0.042501151,1
TRUE,0.012761196,1
TRUE,0.069524526,1
TRUE,0.307305418,1
TRUE,0.052944669,1
TRUE,0.429735718,1
TRUE,0.023535092,1
FALSE,0.587294093,0
TRUE,0.049174988,1
TRUE,0.009056155,1
TRUE,0.143673733,1
TRUE,0.219538632,1
TRUE,0.029566841,1
TRUE,0.018455513,1
TRUE,0.001473075,1
TRUE,0.184660797,1
FALSE,0.587294093,0
TRUE,0.251361739,1
TRUE,0.042765236,1
TRUE,0.009055612,1
TRUE,0.059422409,1
TRUE,0.028866586,1
TRUE,0.299745494,1
FALSE,0.587294093,0
TRUE,0.209217957,1
TRUE,0.006033868,1
TRUE,0.013439617,1
TRUE,0.009969604,1
TRUE,0.082965356,1
TRUE,0.04634391,1
TRUE,0.005894057,1
TRUE,0.302890578,1
FALSE,0.587294093,0
FALSE,0.587294093,0
TRUE,0.187933291,1
TRUE,0.082651456,1
TRUE,0.11803625,1
TRUE,0.063915148,1
TRUE,0.308089989,1
TRUE,0.027201011,1
TRUE,0.171590888,1
FALSE,0.587294093,0
TRUE,0.230125454,1
TRUE,0.015931844,1
TRUE,0.530454208,1
TRUE,0.052687966,1
TRUE,0.008447877,1
TRUE,0.019067047,1
TRUE,0.407337095,1
TRUE,0.547332733,1
TRUE,0.153741231,1
TRUE,0.342342183,1
TRUE,0.367258742,1
FALSE,0.587294093,0
TRUE,0.01532423,1
TRUE,0.121358595,1
TRUE,0.081831399,1
TRUE,0.082713639,1
TRUE,0.006271389,1
TRUE,0.134909882,1
TRUE,0.053285088,1
TRUE,0.277468856,1
TRUE,0.016262126,1
TRUE,0.267570895,1
TRUE,0.365646365,1
TRUE,0.137594709,1
TRUE,0.118769831,1
TRUE,0.235348498,1
TRUE,0.402253046,1
TRUE,0.360854424,1
TRUE,0.554282347,1
TRUE,0.114870371,1
TRUE,0.237420622,1
TRUE,0.103841862,1
TRUE,0.012260409,1
TRUE,0.111917739,1
TRUE,0.002521329,1
TRUE,0.337826169,1
TRUE,0.141558537,1
TRUE,0.0830673,1
TRUE,0.518671871,1
TRUE,0.001171281,1
TRUE,0.036473631,1
FALSE,0.587294093,0
TRUE,0.012152717,1
TRUE,0.21391723,1
FALSE,0.587294093,0
TRUE,0.280602408,1
TRUE,0.030658634,1
TRUE,0.401039609,1
TRUE,0.48259771,1
TRUE,0.337390886,1
TRUE,0.004795937,1
TRUE,0.021154631,1
TRUE,0.421116382,1
TRUE,0.193975315,1
TRUE,0.191045808,1
FALSE,0.587294093,0
TRUE,0.02115798,1
TRUE,0.13155006,1
TRUE,0.122361579,1
TRUE,0.010694706,1
TRUE,0.201699605,1
TRUE,0.053875439,1
TRUE,0.091559528,1
TRUE,0.193351859,1
TRUE,0.061194131,1
TRUE,0.234854232,1
TRUE,0.041228524,1
TRUE,0.082162985,1
TRUE,0.1001899,1
TRUE,0.158482394,1
TRUE,0.000231809,1
TRUE,0.114856323,1
TRUE,0.043474164,1
TRUE,0.430892502,1
TRUE,0.251845392,1
TRUE,0.12553946,1
TRUE,0.095327587,1
TRUE,0.534713313,1
TRUE,0.015443889,1
TRUE,0.059316623,1
TRUE,0.053701438,1
TRUE,0.079023051,1
TRUE,0.149319759,1
TRUE,0.20869084,1
FALSE,0.587294093,0
TRUE,0.193930077,1
TRUE,0.126557656,1
TRUE,0.106479257,1
FALSE,0.587294093,0
TRUE,0.544100852,1
TRUE,0.582834349,1
TRUE,0.030897815,1
TRUE,0.137295508,1
TRUE,0.391395479,1
TRUE,0.13098617,1
TRUE,0.144875424,1
TRUE,0.059424045,1
TRUE,0.267769552,1
TRUE,0.132422288,1
TRUE,0.090223694,1
TRUE,0.099916434,1
TRUE,0.111799793,1
TRUE,0.024604268,1
TRUE,0.003210102,1
TRUE,0.12076574,1
TRUE,0.028230127,1
FALSE,0.587294093,0
TRUE,0.044831724,1
TRUE,0.086052062,1
TRUE,0.017593677,1
TRUE,0.372167033,1
FALSE,0.587294093,0
TRUE,0.1620482,1
TRUE,0.102290023,1
TRUE,0.331537742,1
FALSE,0.587294093,0
TRUE,0.000796064,1
TRUE,0.004200697,1
TRUE,0.006758924,1
TRUE,0.327318119,1
TRUE,0.030331604,1
TRUE,0.138073972,1
TRUE,0.062307822,1
TRUE,0.02109951,1
FALSE,0.587294093,0
TRUE,0.163279147,1
FALSE,0.587294093,0
TRUE,0.123369675,1
TRUE,0.05350564,1
TRUE,0.034792092,1
TRUE,0.198770577,1
FALSE,0.587294093,0
TRUE,0.476972469,1
TRUE,0.029367429,1
TRUE,0.101568604,1
TRUE,0.309919159,1
TRUE,0.208765969,1
TRUE,0.404480246,1
TRUE,0.137762675,1
TRUE,0.007627638,1
FALSE,0.587294093,0
TRUE,0.177096604,1
TRUE,0.100301979,1
TRUE,0.419276136,1
TRUE,0.069834485,1
TRUE,0.244742412,1
FALSE,0.587294093,0
FALSE,0.587294093,0
TRUE,0.011962276,1
TRUE,0.444403459,1
TRUE,0.022431374,1
TRUE,0.061272152,1
TRUE,0.002783074,1
TRUE,0.060517461,1
TRUE,0.151623745,1
TRUE,0.072203307,1
TRUE,0.383065455,1
TRUE,0.049041419,1
TRUE,0.067547919,1
TRUE,0.029009793,1
TRUE,0.005238341,1
TRUE,0.108910593,1
FALSE,0.587294093,0
TRUE,0.001437285,1
TRUE,0.030515515,1
TRUE,0.040679917,1
TRUE,0.046046634,1
TRUE,0.415240397,1
TRUE,4.19E-05,1
TRUE,0.210134313,1
TRUE,0.049456113,1
TRUE,0.020965295,1
TRUE,0.232275279,1
TRUE,0.002982201,1
TRUE,0.01820133,1
TRUE,0.558751445,1
TRUE,0.022113581,1
FALSE,0.587294093,0
TRUE,0.25057764,1
FALSE,0.587294093,0
FALSE,0.587294093,0
TRUE,0.028901884,1
TRUE,0.012519699,1
TRUE,0.043278544,1
TRUE,0.03117304,1
TRUE,0.031857404,1
TRUE,0.203287123,1
TRUE,0.050765773,1
TRUE,0.040873325,1
TRUE,0.004976738,1
TRUE,0.182756348,1
FALSE,0.587294093,0
FALSE,0.587294093,0
FALSE,0.587294093,0
TRUE,0.102809934,1
TRUE,0.504780194,1
FALSE,0.587294093,0
TRUE,0.027147344,1
TRUE,0.036387622,1
TRUE,0.445438946,1
TRUE,0.022017265,1
TRUE,0.119202239,1
TRUE,0.011620127,1
TRUE,0.161945693,1
TRUE,0.090580242,1
FALSE,0.587294093,0
TRUE,0.047867108,1
TRUE,0.003512062,1
TRUE,0.315510298,1
TRUE,0.022194101,1
TRUE,0.025774223,1
TRUE,0.033522213,1
FALSE,0.587294093,0
TRUE,0.018407848,1
TRUE,0.031034376,1
TRUE,0.006271259,1
TRUE,0.000969501,1
TRUE,0.342679492,1
FALSE,0.587294093,0
TRUE,0.367814463,1
TRUE,0.181045247,1
TRUE,0.23933941,1
TRUE,0.116021508,1
TRUE,0.235788855,1
TRUE,0.021871999,1
TRUE,0.501920303,1
TRUE,0.037862448,1
TRUE,0.00400202,1
TRUE,0.168736151,1
FALSE,0.587294093,0
TRUE,0.351019608,1
TRUE,0.091930349,1
TRUE,0.484666674,1
TRUE,0.07919357,1
TRUE,0.04916168,1
TRUE,0.083483979,1
TRUE,0.023616558,1
TRUE,0.056304091,1
TRUE,0.052040549,1
TRUE,0.353258726,1
TRUE,0.077474903,1
TRUE,0.330386952,1
TRUE,0.28025696,1
FALSE,0.587294093,0
FALSE,0.587294093,0
TRUE,0.114213131,1
TRUE,0.475470458,1
TRUE,0.004088279,1
TRUE,0.277982501,1
TRUE,0.213175866,1
TRUE,0.043376997,1
TRUE,0.043761183,1
TRUE,0.03038093,1
TRUE,0.347012816,1
TRUE,0.015002298,1
FALSE,0.587294093,0
TRUE,0.028378408,1
TRUE,0.059279722,1
TRUE,0.0806331,1
TRUE,0.156243288,1
TRUE,0.194831583,1
TRUE,0.006983695,1
TRUE,0.000193619,1
TRUE,0.113127485,1
TRUE,0.026411085,1
TRUE,0.081866315,1
TRUE,0.325896689,1
TRUE,0.567984312,1
TRUE,0.158746804,1
TRUE,0.097935061,1
TRUE,0.007138304,1
TRUE,0.063447495,1
FALSE,0.587294093,0
TRUE,0.122197902,1
TRUE,0.360938991,1
FALSE,0.587294093,0
TRUE,0.058632688,1
TRUE,0.437438287,1
TRUE,0.024260728,1
TRUE,0.053880372,1
FALSE,0.587294093,0
TRUE,0.016652626,1
TRUE,0.081093461,1
TRUE,0.02244983,1
TRUE,0.059435255,1
TRUE,0.014753514,1
TRUE,0.001563594,1
FALSE,0.587294093,0
TRUE,0.054538531,1
TRUE,0.456527481,1
TRUE,0.168057721,1
TRUE,0.040762017,1
TRUE,0.020846921,1
TRUE,0.022438159,1
TRUE,0.005434843,1
FALSE,0.587294093,0
TRUE,0.006756353,1
TRUE,0.570277553,1
TRUE,0.070284858,1
FALSE,0.587294093,0
FALSE,0.587294093,0
TRUE,0.204953564,1
FALSE,0.587294093,0
TRUE,0.018442251,1
TRUE,0.204171596,1
TRUE,0.018077773,1
TRUE,0.323586808,1
TRUE,0.091999676,1
TRUE,0.132752741,1
TRUE,0.254348828,1
TRUE,0.036862647,1
TRUE,0.05312055,1
TRUE,0.462233591,1
TRUE,0.034496684,1
TRUE,0.004902613,1
TRUE,0.27619639,1
TRUE,0.042502274,1
TRUE,0.248903613,1
TRUE,0.011012149,1
TRUE,0.218559644,1
TRUE,0.002713257,1
TRUE,0.34163526,1
TRUE,0.052542961,1
TRUE,0.084536127,1
TRUE,0.061522574,1
TRUE,0.350129017,1
TRUE,0.239432303,1
TRUE,0.005887528,1
TRUE,0.010666383,1
TRUE,0.007474168,1
TRUE,0.007434909,1
TRUE,0.05748648,1
TRUE,0.013769422,1
TRUE,0.017228547,1
TRUE,0.003902512,1
TRUE,0.005514339,1
TRUE,0.202683854,1
TRUE,0.090463733,1
TRUE,0.027178672,1
TRUE,0.028160618,1
TRUE,0.054219158,1
TRUE,0.056169656,1
TRUE,0.05213463,1
TRUE,0.04366442,1
FALSE,0.587294093,0
TRUE,0.158485672,1
TRUE,0.000298482,1
TRUE,0.012531481,1
TRUE,0.054126092,1
TRUE,0.026262681,1
TRUE,0.004509531,1
FALSE,0.587294093,0
FALSE,0.587294093,0
TRUE,0.044939074,1
TRUE,0.211431421,1
TRUE,0.046552697,1
TRUE,0.045692183,1
TRUE,0.056336419,1
TRUE,0.005097297,1
TRUE,0.033112749,1
TRUE,0.097911913,1
TRUE,0.064579126,1
TRUE,0.305656669,1
TRUE,0.256264073,1
TRUE,0.02084614,1
TRUE,0.006751611,1
TRUE,0.131774033,1
TRUE,0.04696072,1
TRUE,0.052052582,1
TRUE,0.010151964,1
TRUE,0.154354307,1
TRUE,0.182654672,1
TRUE,0.014396443,1
TRUE,0.049806365,1
TRUE,0.045013215,1
TRUE,0.00753192,1
TRUE,0.003197299,1
TRUE,0.001313112,1
TRUE,0.142773519,1
TRUE,0.013774766,1
FALSE,0.587294093,0
TRUE,0.006914396,1
TRUE,0.139934702,1
FALSE,0.587294093,0
TRUE,0.041709758,1
TRUE,0.037492286,1
TRUE,0.130392847,1
TRUE,0.294597785,1
TRUE,0.031630178,1
TRUE,0.057380658,1
TRUE,0.050480332,1
TRUE,0.083641412,1
TRUE,0.003097485,1
TRUE,0.170902448,1
TRUE,0.53376194,1
TRUE,0.146070715,1
TRUE,0.1115277,1
TRUE,0.012322355,1
TRUE,0.280352464,1
TRUE,0.023331401,1
TRUE,0.481968996,1
TRUE,0.018026525,1
TRUE,0.19093545,1
TRUE,0.078013072,1
TRUE,0.187866526,1
TRUE,0.313071418,1
TRUE,0.028286839,1
FALSE,0.587294093,0
TRUE,0.03112086,1
TRUE,0.148776764,1
FALSE,0.587294093,0
TRUE,0.033620619,1
TRUE,0.459829089,1
TRUE,0.034111262,1
TRUE,0.172803708,1
TRUE,0.071867174,1
FALSE,0.587294093,0
TRUE,0.248682165,1
TRUE,0.286303284,1
TRUE,0.057633219,1
TRUE,0.036548266,1
TRUE,0.025091618,1
TRUE,0.002098216,1
TRUE,0.010464281,1
TRUE,0.119380229,1
TRUE,0.235488386,1
TRUE,0.027484486,1
TRUE,0.221127476,1
TRUE,0.064303015,1
TRUE,0.015632641,1
TRUE,0.110424061,1
TRUE,0.434975543,1
TRUE,0.100760423,1
TRUE,0.174564914,1
TRUE,0.036129774,1
TRUE,0.564773257,1
TRUE,0.025948099,1
FALSE,0.587294093,0
TRUE,0.021548553,1
TRUE,0.044733908,1
FALSE,0.587294093,0
TRUE,0.109134597,1
TRUE,0.220996417,1
TRUE,0.026023252,1
TRUE,0.268447862,1
TRUE,0.013713201,1
TRUE,0.12016486,1
TRUE,0.086441355,1
TRUE,0.184642281,1
TRUE,0.020041151,1
FALSE,0.587294093,0
FALSE,0.587294093,0
TRUE,0.235945519,1
TRUE,0.144335351,1
TRUE,0.17368908,1
TRUE,0.18372714,1
TRUE,0.056214285,1
TRUE,0.114859872,1
TRUE,0.051436466,1
TRUE,0.070152584,1
TRUE,0.053022123,1
TRUE,0.091180665,1
TRUE,0.113571666,1
FALSE,0.587294093,0
TRUE,0.052772202,1
TRUE,0.530505587,1
TRUE,0.449200594,1
FALSE,0.587294093,0
TRUE,0.253744086,1
TRUE,0.307409375,1
TRUE,0.058780062,1
TRUE,0.32089605,1
TRUE,0.02754489,1
TRUE,0.464258502,1
TRUE,0.005027734,1
FALSE,0.587294093,0
TRUE,0.118226494,1
TRUE,0.049289305,1
TRUE,0.447299769,1
FALSE,0.587294093,0
FALSE,0.587294093,0
TRUE,0.018248053,1
TRUE,0.416464662,1
TRUE,0.073438238,1
FALSE,0.587294093,0
TRUE,0.184143154,1
TRUE,0.005535786,1
TRUE,0.036929467,1
TRUE,0.527905038,1
TRUE,0.177790701,1
TRUE,0.014336558,1
TRUE,0.113907251,1
TRUE,0.020159284,1
TRUE,0.056568256,1
TRUE,0.009578686,1
FALSE,0.587294093,0
FALSE,0.587294093,0
TRUE,0.020338121,1
TRUE,0.076843288,1
TRUE,0.071151928,1
TRUE,0.214942734,1
TRUE,0.008799679,1
TRUE,0.0653765,1
TRUE,0.043255777,1
TRUE,0.006983806,1
TRUE,0.028663898,1
TRUE,0.09688148,1
TRUE,0.115062573,1
TRUE,0.005150153,1
TRUE,0.163593076,1
TRUE,0.016692982,1
TRUE,0.230975192,1
TRUE,0.07166413,1
TRUE,0.099803459,1
TRUE,0.077998759,1
TRUE,0.095086616,1
TRUE,0.0973872,1
TRUE,0.027644158,1
TRUE,0.030028819,1
TRUE,0.225176845,1
TRUE,0.026372582,1
TRUE,0.00295113,1
FALSE,0.587294093,0
TRUE,0.070348808,1
TRUE,0.03786313,1
TRUE,0.41789352,1
TRUE,0.017741968,1
TRUE,0.152516584,1
TRUE,0.033136981,1
TRUE,0.047392299,1
TRUE,0.021022293,1
TRUE,0.021687391,1
TRUE,0.016913642,1
TRUE,0.123431558,1
TRUE,0.042348014,1
TRUE,0.103797095,1
TRUE,0.214330358,1
TRUE,0.14199717,1
TRUE,0.008725814,1
TRUE,0.314840688,1
TRUE,0.210344912,1
TRUE,0.009873237,1
TRUE,0.282703018,1
TRUE,0.04374401,1
TRUE,0.152002986,1
TRUE,0.221491802,1
TRUE,0.082361215,1
TRUE,0.018534225,1
TRUE,0.025189882,1
FALSE,0.587294093,0
TRUE,0.096476519,1
TRUE,0.490204912,1
TRUE,0.240952757,1
TRUE,0.002664588,1
TRUE,0.407883725,1
TRUE,0.550870432,1
TRUE,0.402980178,1
TRUE,0.007184432,1
TRUE,0.403485177,1
TRUE,0.499450642,1
TRUE,0.156400539,1
TRUE,0.105381712,1
TRUE,0.010632689,1
TRUE,0.036925804,1
TRUE,0.042341017,1
FALSE,0.587294093,0
TRUE,0.209488057,1
TRUE,0.18678606,1
TRUE,0.505811993,1
TRUE,0.290615769,1
TRUE,0.34324624,1
TRUE,0.430766186,1
FALSE,0.587294093,0
TRUE,0.030807698,1
TRUE,0.355016125,1
TRUE,0.408112298,1
TRUE,0.076522873,1
TRUE,0.223545243,1
TRUE,0.008794659,1
FALSE,0.587294093,0
TRUE,0.091964844,1
TRUE,0.152716218,1
FALSE,0.587294093,0
TRUE,0.16196811,1
TRUE,0.105663843,1
TRUE,0.010531672,1
TRUE,0.005419966,1
TRUE,0.023412084,1
TRUE,0.454073058,1
TRUE,0.073725626,1
TRUE,0.257317297,1
TRUE,0.024668388,1
TRUE,0.009735047,1
TRUE,0.056368371,1
TRUE,0.043892634,1
TRUE,0.00013708,1
TRUE,0.075010737,1
TRUE,0.031178314,1
TRUE,0.102234277,1
TRUE,0.009944643,1
TRUE,0.125655236,1
TRUE,0.037838948,1
TRUE,0.132524128,1
TRUE,0.027135928,1
FALSE,0.587294093,0
TRUE,0.050750702,1
TRUE,0.444808966,1
TRUE,0.169480319,1
TRUE,0.029590764,1
TRUE,0.023363403,1
TRUE,0.070631494,1
TRUE,0.160340839,1
TRUE,0.29116726,1
TRUE,0.031259546,1
TRUE,0.062895454,1
TRUE,0.004656618,1
TRUE,0.236237241,1
TRUE,0.016629792,1
TRUE,0.069205007,1
TRUE,0.018719426,1
TRUE,0.441870803,1
TRUE,0.198788359,1
FALSE,0.587294093,0
TRUE,0.260266232,1
TRUE,0.029099493,1
TRUE,0.097554626,1
TRUE,0.418516526,1
TRUE,0.179237625,1
TRUE,0.491841066,1
TRUE,0.027651723,1
TRUE,0.17003842,1
TRUE,0.375774324,1
TRUE,0.467761157,1
TRUE,0.266328924,1
TRUE,0.1677835,1
TRUE,0.17165974,1
TRUE,0.014020065,1
TRUE,0.188922323,1
TRUE,0.366225369,1
TRUE,0.021113294,1
TRUE,0.061765256,1
TRUE,0.299028816,1
TRUE,0.009923839,1
TRUE,0.242986572,1
TRUE,0.27731125,1
TRUE,0.065069531,1
TRUE,0.074017869,1
TRUE,0.195521456,1
TRUE,0.008597967,1
TRUE,0.079886837,1
FALSE,0.587294093,0
TRUE,0.278373786,1
TRUE,0.09052604,1
TRUE,0.08110679,1
TRUE,0.526051661,1
TRUE,0.0033252,1
TRUE,0.053354769,1
TRUE,0.092455824,1
TRUE,0.010550529,1
TRUE,0.191113613,1
FALSE,0.587294093,0
TRUE,0.009457388,1
TRUE,0.184512812,1
TRUE,0.034076365,1
TRUE,0.153706052,1
TRUE,0.377112114,1
TRUE,0.142874594,1
TRUE,0.56197848,1
TRUE,0.007642299,1
TRUE,0.255408881,1
TRUE,0.052189958,1
TRUE,0.029501143,1
TRUE,0.088095953,1
TRUE,0.010680923,1
TRUE,0.084482607,1
TRUE,0.020691243,1
TRUE,0.01640637,1
FALSE,0.587294093,0
TRUE,0.01938467,1
TRUE,0.126322816,1
TRUE,0.336323678,1
TRUE,0.328761474,1
TRUE,0.002728224,1
TRUE,0.047277271,1
FALSE,0.587294093,0
TRUE,0.506683524,1
TRUE,0.003308244,1
TRUE,0.042255441,1
FALSE,0.587294093,0
TRUE,0.030018498,1
TRUE,0.447838136,1
TRUE,0.132149895,1
TRUE,0.079632326,1
TRUE,0.027723643,1
TRUE,0.540525962,1
TRUE,0.129568556,1
TRUE,0.103526005,1
TRUE,0.034418738,1
TRUE,0.261101762,1
TRUE,0.534658969,1
TRUE,0.266906432,1
TRUE,0.025838098,1
TRUE,0.189100096,1
TRUE,0.127286866,1
TRUE,0.363485497,1
TRUE,0.00296394,1
TRUE,0.143598361,1
TRUE,0.107952964,1
TRUE,0.016504994,1
TRUE,0.528046877,1
TRUE,0.05811377,1
TRUE,0.365342589,1
FALSE,0.587294093,0
TRUE,0.000804459,1
TRUE,0.178124391,1
TRUE,0.574907095,1
TRUE,0.180392918,1
TRUE,0.051347085,1
FALSE,0.587294093,0
TRUE,0.074287535,1
TRUE,0.148310445,1
TRUE,0.014681606,1
TRUE,0.073153739,1
TRUE,0.165022959,1
TRUE,0.060745144,1
TRUE,0.080135878,1
FALSE,0.587294093,0
TRUE,0.026019766,1
FALSE,0.587294093,0
TRUE,0.089718565,1
TRUE,0.545246369,1
TRUE,0.037519222,1
TRUE,0.248288823,1
TRUE,0.131192983,1
TRUE,0.22878275,1
TRUE,0.020005804,1
TRUE,0.16735212,1
TRUE,0.109998441,1
TRUE,0.081789889,1
TRUE,0.110729093,1
TRUE,0.01881002,1
TRUE,0.026088808,1
TRUE,0.031968677,1
TRUE,0.13363303,1
TRUE,0.062514344,1
TRUE,0.224238891,1
TRUE,0.012463742,1
TRUE,0.092133608,1
TRUE,0.451154473,1
TRUE,0.064876861,1
FALSE,0.587294093,0
TRUE,0.123109271,1
TRUE,0.327880183,1
TRUE,0.343371802,1
TRUE,0.083583461,1
FALSE,0.587294093,0
TRUE,0.011042731,1
TRUE,0.122173034,1
TRUE,0.006610192,1
TRUE,0.040882156,1
TRUE,0.057249572,1
TRUE,0.016337492,1
TRUE,0.46794347,1
TRUE,0.082027402,1
TRUE,0.140026174,1
TRUE,0.154673182,1
TRUE,0.089923695,1
TRUE,0.212466691,1
TRUE,0.161977511,1
TRUE,0.196630419,1
TRUE,0.009058575,1
TRUE,0.036953955,1
TRUE,0.145840544,1
FALSE,0.587294093,0
TRUE,0.005104783,1
TRUE,0.257889282,1
TRUE,0.133983123,1
TRUE,0.270621254,1
TRUE,0.033944988,1
TRUE,0.103755141,1
TRUE,0.010922021,1
TRUE,0.029708825,1
TRUE,0.057321946,1
TRUE,0.172866991,1
TRUE,0.479531292,1
TRUE,0.153680778,1
TRUE,0.004734563,1
TRUE,0.116725371,1
TRUE,0.288836495,1
TRUE,0.001297382,1
TRUE,0.077825703,1
TRUE,0.035480598,1
TRUE,0.228513748,1
TRUE,0.065702856,1
TRUE,0.137696194,1
TRUE,0.076982461,1
TRUE,0.202963374,1
TRUE,0.007498992,1
TRUE,0.175355094,1
TRUE,0.027382854,1
TRUE,0.119405169,1
TRUE,0.47116284,1
TRUE,0.1062514,1
TRUE,0.175172159,1
TRUE,0.03354349,1
TRUE,0.004911618,1
TRUE,0.349302779,1
TRUE,0.069669518,1
TRUE,0.042181196,1
TRUE,0.015470256,1
TRUE,0.177013048,1
TRUE,0.180619657,1
TRUE,0.13324351,1
TRUE,0.171284201,1
TRUE,0.003232348,1
FALSE,0.587294093,0
TRUE,0.009788738,1
TRUE,0.044758602,1
TRUE,0.17718658,1
FALSE,0.587294093,0
TRUE,0.271937234,1
TRUE,0.245055617,1
TRUE,0.335355614,1
TRUE,0.012219838,1
TRUE,0.224130398,1
TRUE,0.267704347,1
TRUE,0.123472131,1
TRUE,0.071901038,1
TRUE,0.046651165,1
TRUE,0.142118826,1
TRUE,0.360001799,1
TRUE,0.118799836,1
TRUE,0.266867926,1
TRUE,0.005176126,1
TRUE,0.217762032,1
TRUE,0.330336317,1
TRUE,0.041265035,1
TRUE,0.042104751,1
TRUE,0.018974055,1
TRUE,0.112784024,1
TRUE,0.007629174,1
TRUE,0.475849312,1
TRUE,0.064076734,1
TRUE,0.256229411,1
TRUE,0.277585284,1
TRUE,0.066396368,1
TRUE,0.019715423,1
TRUE,0.028660156,1
TRUE,0.038178672,1
TRUE,0.278129495,1
FALSE,0.587294093,0
TRUE,0.000514485,1
TRUE,0.207345509,1
TRUE,0.013090278,1
TRUE,0.053236612,1
TRUE,0.152854259,1
TRUE,0.066123616,1
TRUE,0.038929235,1
TRUE,0.063777442,1
TRUE,0.00589086,1
TRUE,0.03314993,1
TRUE,0.248102267,1
TRUE,0.098911596,1
FALSE,0.587294093,0
TRUE,0.045826416,1
TRUE,0.213483314,1
FALSE,0.587294093,0
TRUE,0.157853386,1
TRUE,0.003398171,1
FALSE,0.587294093,0
TRUE,0.131692653,1
TRUE,0.077963073,1
TRUE,0.207434173,1
TRUE,0.106458504,1
FALSE,0.587294093,0
TRUE,0.522481753,1
TRUE,0.063774977,1
TRUE,0.143500762,1
TRUE,0.026199848,1
TRUE,0.001455161,1
TRUE,0.04046815,1
TRUE,0.499554114,1
TRUE,0.035618185,1
TRUE,0.107865627,1
TRUE,0.559578723,1
TRUE,0.03361126,1
TRUE,0.040696562,1
TRUE,0.06033433,1
TRUE,0.234165787,1
TRUE,0.151692258,1
TRUE,0.007473026,1
TRUE,0.069491057,1
TRUE,0.010491128,1
FALSE,0.587294093,0
TRUE,0.347351457,1
TRUE,0.029565079,1
TRUE,0.298998393,1
TRUE,0.03206656,1
TRUE,0.077616339,1
FALSE,0.587294093,0
TRUE,0.114189629,1
TRUE,0.10127338,1
FALSE,0.587294093,0
TRUE,0.578198825,1
TRUE,0.01645369,1
TRUE,0.009866441,1
TRUE,0.21953571,1
TRUE,0.072615073,1
TRUE,0.105329977,1
TRUE,0.253464833,1
TRUE,0.270148956,1
TRUE,0.010513669,1
TRUE,0.043188583,1
TRUE,0.123255172,1
TRUE,0.072109502,1
TRUE,0.006994973,1
TRUE,0.163177732,1
TRUE,0.224899189,1
TRUE,0.093748437,1
TRUE,0.061392714,1
TRUE,0.080528757,1
TRUE,0.057474638,1
TRUE,0.303957698,1
FALSE,0.587294093,0
TRUE,0.099053121,1
TRUE,0.029288908,1
FALSE,0.587294093,0
TRUE,0.01859193,1
TRUE,0.082135531,1
TRUE,0.054495522,1
TRUE,0.085856653,1
TRUE,0.135573686,1
TRUE,0.031691652,1
TRUE,0.025923899,1
TRUE,0.105112662,1
TRUE,0.016748902,1
TRUE,0.456996206,1
TRUE,0.094876364,1
TRUE,0.121711842,1
TRUE,0.226471811,1
TRUE,0.042037843,1
TRUE,0.005270292,1
TRUE,0.006325896,1
TRUE,0.11315043,1
TRUE,0.259436389,1
TRUE,0.010541677,1
TRUE,0.022900253,1
TRUE,0.184812264,1
TRUE,0.032047333,1
TRUE,0.071894448,1
TRUE,0.153802686,1
TRUE,0.014105489,1
TRUE,0.438096459,1
TRUE,0.073798474,1
TRUE,0.070440895,1
TRUE,0.006610538,1
TRUE,0.0976613,1
TRUE,0.188557118,1
TRUE,0.071407535,1
TRUE,0.009711618,1
TRUE,0.0234861,1
TRUE,0.011972325,1
TRUE,0.026370655,1
TRUE,0.086430842,1
TRUE,0.125816247,1
TRUE,0.103145989,1
TRUE,0.133997922,1
TRUE,0.135238878,1
TRUE,0.029722806,1
TRUE,0.002239499,1
TRUE,0.087759058,1
TRUE,0.089360361,1
TRUE,0.327819875,1
TRUE,0.050905115,1
TRUE,0.049354396,1
TRUE,0.047429905,1
TRUE,0.302620278,1
TRUE,0.021922676,1
TRUE,0.013280159,1
TRUE,0.007008063,1
TRUE,0.007350413,1
TRUE,0.522140747,1
TRUE,0.548423113,1
TRUE,0.130332504,1
TRUE,0.012524732,1
FALSE,0.587294093,0
TRUE,0.064506063,1
TRUE,0.257215074,1
TRUE,0.412532392,1
TRUE,0.056500594,1
FALSE,0.587294093,0
TRUE,0.028694936,1
TRUE,0.194162915,1
TRUE,0.06181421,1
TRUE,0.497602368,1
TRUE,0.403505551,1
TRUE,0.341077192,1
TRUE,0.04920059,1
TRUE,0.116687481,1
TRUE,0.121714808,1
TRUE,0.042127891,1
TRUE,0.062151871,1
TRUE,0.059006882,1
TRUE,0.047544583,1
TRUE,0.40062105,1
TRUE,0.021753898,1
FALSE,0.587294093,0
TRUE,0.133649417,1
FALSE,0.587294093,0
TRUE,0.00294758,1
TRUE,0.051890309,1
TRUE,0.021181436,1
TRUE,0.140232519,1
TRUE,0.005858728,1
FALSE,0.587294093,0
TRUE,0.525005579,1
TRUE,0.253152973,1
TRUE,0.037046941,1
TRUE,0.460240578,1
TRUE,0.013453786,1
TRUE,0.025676255,1
TRUE,0.032981203,1
TRUE,0.094531933,1
TRUE,0.014160279,1
TRUE,0.264945329,1
FALSE,0.587294093,0
TRUE,0.185846635,1
TRUE,0.025579757,1
TRUE,0.339237582,1
TRUE,0.011869401,1
TRUE,0.024119952,1
TRUE,0.235306606,1
TRUE,0.082108662,1
TRUE,0.007712018,1
TRUE,0.09765488,1
TRUE,0.029474869,1
TRUE,0.178329249,1
TRUE,0.277780733,1
TRUE,0.053928281,1
TRUE,0.549801138,1
TRUE,0.026215644,1
TRUE,0.226424648,1
TRUE,0.183716742,1
TRUE,0.040849247,1
TRUE,0.068722495,1
TRUE,0.025885565,1
TRUE,0.125704986,1
TRUE,0.100987983,1
TRUE,0.013268594,1
TRUE,0.000986174,1
TRUE,0.177365202,1
TRUE,0.049429856,1
TRUE,0.230373773,1
TRUE,0.292538246,1
TRUE,0.002810798,1
TRUE,0.182290267,1
TRUE,0.014888705,1
TRUE,0.284411719,1
TRUE,0.044155129,1
TRUE,0.282767018,1
TRUE,0.076635222,1
TRUE,0.099487263,1
FALSE,0.587294093,0
TRUE,0.003271477,1
TRUE,0.174619979,1
TRUE,0.03188106,1
TRUE,0.003071428,1
TRUE,0.251204856,1
TRUE,0.167984549,1
FALSE,0.587294093,0
TRUE,0.06424527,1
TRUE,0.16783223,1
TRUE,0.307563467,1
TRUE,0.03153975,1
TRUE,0.015862101,1
TRUE,0.261951306,1
TRUE,0.093461549,1
TRUE,0.044536293,1
TRUE,0.021108236,1
TRUE,0.073530622,1
TRUE,0.03879091,1
TRUE,0.015937725,1
TRUE,0.514863039,1
FALSE,0.587294093,0
TRUE,0.277228031,1
TRUE,0.055660357,1
FALSE,0.587294093,0
TRUE,0.146564476,1
TRUE,0.16195585,1
TRUE,0.437782905,1
TRUE,0.063295298,1
TRUE,0.106284671,1
TRUE,0.092333714,1
TRUE,0.062896797,1
TRUE,0.242607676,1
TRUE,0.046480558,1
TRUE,0.191540842,1
TRUE,0.033840295,1
TRUE,0.113514855,1
TRUE,0.021671946,1
TRUE,0.248604276,1
TRUE,0.106978532,1
TRUE,0.418985944,1
TRUE,0.341144496,1
TRUE,0.0505517,1
TRUE,0.017706629,1
TRUE,0.006711131,1
