x0,x1,pre_19,true_h,pre_22,pre_20,pre_21
-0.541909916,0.730505353,0.60782075,0.630299293,0.69543207,0.63750666,0.6664757
-0.86690694,-0.464341603,0.60695213,0.619377681,0.69499034,0.6370825,0.66623557
-0.745795756,-0.721698197,0.60063004,0.610925719,0.6876577,0.63204455,0.6604634
0.800785406,-0.942097014,0.60003173,0.577383865,0.68744665,0.6323886,0.66222733
0.395408812,0.075912222,0.6145275,0.684948724,0.70251346,0.6438259,0.6732637
0.737709397,0.115869559,0.6108514,0.651907523,0.69855624,0.64061445,0.6702329
0.580411873,0.039202294,0.6101562,0.670018942,0.6972605,0.63941854,0.66895795
0.151329708,-0.54357471,0.6110037,0.671699495,0.69876635,0.640936,0.67050683
0.06198695,0.583234927,0.61333305,0.66955088,0.7015506,0.6428965,0.6721059
-0.788825645,-0.358835438,0.60935014,0.636339186,0.69758,0.63934386,0.6688872
0.562835511,0.311349184,0.6068039,0.663741365,0.69258803,0.6362466,0.66512114
-0.872546998,-0.665563214,0.60538447,0.601284829,0.6930752,0.63572264,0.664651
-0.103139073,-0.638638405,0.6093228,0.66334535,0.69812554,0.6402491,0.6695888
-0.379464284,-0.290062198,0.61328596,0.679319578,0.7017882,0.6428258,0.6724667
-0.487648307,0.509710437,0.6077314,0.656818109,0.6938666,0.6372757,0.6666586
0.484542719,-0.934701047,0.5997972,0.608533441,0.6852621,0.6304418,0.65879256
0.67814372,-0.342134723,0.6127354,0.650337166,0.70062643,0.64213043,0.67169017
0.961630521,-0.914378496,0.5957863,0.560878984,0.68174547,0.62815386,0.6567036
0.499155848,-0.713484232,0.6067301,0.635766139,0.6943681,0.6368311,0.6665172
0.586733188,-0.460300964,0.60572416,0.652030427,0.69303364,0.63565075,0.66535026
0.140359232,0.642865321,0.6116986,0.662145793,0.6985694,0.6416471,0.67022836
0.373695577,0.624868685,0.60538226,0.654154899,0.69191945,0.6354708,0.66442007
0.500383612,0.828082635,0.60239345,0.621785236,0.68555886,0.63202864,0.6597055
-0.479251784,0.799809466,0.6022096,0.62699317,0.68722725,0.632223,0.6608372
-0.855533882,0.674364084,0.6068542,0.602609678,0.691966,0.63691837,0.6658639
0.574803706,-0.410200442,0.605844,0.656731242,0.69259065,0.636253,0.6653985
-0.822318842,-0.386792573,0.6101057,0.630416513,0.6987978,0.6405248,0.67078197
-0.091991684,-0.129011292,0.61402506,0.696779867,0.7021742,0.64335555,0.67297286
0.240129655,0.113164627,0.6144186,0.692840122,0.70263606,0.6437585,0.6734715
0.810344775,0.707587617,0.602352,0.604825791,0.6864169,0.6318283,0.6605093
-0.628704374,-0.816986941,0.6013802,0.612020466,0.68776023,0.63279617,0.6602484
0.917629555,0.44233734,0.6029379,0.613938364,0.6875847,0.6329629,0.66074157
0.848087051,0.267985342,0.6051996,0.63316076,0.6908835,0.6350614,0.6638766
0.787607897,-0.140766536,0.6051791,0.645219231,0.6918647,0.63532335,0.6643495
-0.75504265,-0.828037962,0.5998155,0.597432194,0.6868926,0.6313702,0.6594872
0.845667375,-0.452044644,0.6012902,0.62307732,0.6872386,0.6317671,0.6606328
0.392114191,-0.571295128,0.60358715,0.658254327,0.6904968,0.63452226,0.66343296
0.629373507,-0.934815309,0.59588736,0.596368637,0.68170744,0.6275345,0.6558428
0.79726016,-0.834186418,0.5933208,0.591801625,0.677365,0.6246953,0.6525296
-0.64414344,-0.521033363,0.60831547,0.641499408,0.6963482,0.638835,0.6678249
0.195668434,0.279876689,0.6140792,0.688854926,0.702519,0.64366794,0.6733106
0.283997314,-0.477673211,0.6126325,0.672501645,0.7004737,0.6419421,0.6718565
-0.88057463,0.077649812,0.6059953,0.633923118,0.69324565,0.6366466,0.66675323
-0.531175334,0.254440444,0.61405116,0.669309733,0.7020528,0.6434539,0.6730534
-0.505100111,-0.174168881,0.6102432,0.674468662,0.69883657,0.6402117,0.67027116
-0.368707982,0.650888556,0.5994783,0.651747778,0.68473744,0.62944275,0.6584237
0.17334212,0.343217882,0.61360806,0.686171145,0.70207036,0.64314604,0.67284995
0.785695041,0.951845839,0.5963507,0.577779281,0.6780249,0.6263882,0.6539651
0.05878795,-0.825429484,0.60279846,0.641628257,0.6919334,0.634501,0.6641175
0.118373521,0.615816139,0.60402566,0.665442746,0.68995625,0.634112,0.6636232
-0.328336536,-0.118151995,0.6142757,0.688411818,0.7025273,0.6435793,0.6732661
0.415504185,0.612153953,0.60754895,0.652744515,0.6937162,0.63716686,0.6658571
0.552329506,0.237897531,0.61069137,0.668074664,0.6983692,0.64082825,0.66954416
0.263756898,-0.676955756,0.604584,0.654340743,0.6922308,0.6347954,0.6646508
-0.107351003,-0.892848556,0.60375315,0.631766574,0.6925195,0.6351248,0.6643312
0.448846823,0.314129005,0.61252606,0.673232182,0.69988585,0.6419659,0.6711926
-0.325225402,-0.466732626,0.60785484,0.671259948,0.6963442,0.6385755,0.6676416
-0.06066482,-0.385650518,0.6137136,0.685780092,0.70195603,0.6432527,0.6728101
-0.616688616,-0.590223406,0.61216456,0.638118667,0.7006899,0.6420256,0.6716633
-0.351900991,0.976503678,0.6045326,0.610900203,0.68745786,0.63401335,0.6626502
0.640265012,-0.74168814,0.59679854,0.619927637,0.6823171,0.6277741,0.6561613
0.585761088,-0.604189952,0.610182,0.6397565,0.69804066,0.6399951,0.66921866
0.055539496,0.700387005,0.60239345,0.657144876,0.685132,0.63141876,0.6603864
0.556286317,0.001919385,0.6099433,0.672448521,0.69711703,0.639389,0.6689603
-0.889581019,0.34775007,0.6049881,0.623639369,0.6910903,0.6348244,0.6643634
0.705947833,-0.83058364,0.61013263,0.602494712,0.698035,0.63981146,0.66955996
-0.652098309,0.14576381,0.6131661,0.661029136,0.7009966,0.64246017,0.67183614
-0.430049159,0.278197079,0.6140744,0.676421121,0.70231926,0.64354455,0.6730104
0.606415916,-0.497570065,0.6028418,0.647224551,0.6888669,0.6334052,0.66218185
0.547991902,-0.121191183,0.60747325,0.671984333,0.69482946,0.63765365,0.66693985
-0.610225093,0.073254249,0.614237,0.666733371,0.7024934,0.64358467,0.6733128
-0.203974199,-0.939220443,0.6007525,0.622746955,0.6868774,0.63190484,0.65998906
0.479526213,-0.872644763,0.6041933,0.617498133,0.69303733,0.6353621,0.6648127
0.56134806,-0.441896348,0.6074753,0.655769809,0.6947038,0.63727266,0.66625786
-0.003660312,-0.016701098,0.6143458,0.698944464,0.7025049,0.6436552,0.6732909
0.168149878,0.466544752,0.6140995,0.677808995,0.7022286,0.6434097,0.67297465
0.654582114,-0.394306174,0.60458845,0.649766743,0.6908583,0.63485605,0.6639339
0.055684357,-0.524059116,0.6092121,0.675120026,0.6975441,0.6390791,0.6686883
-0.42761,0.807606434,0.6017746,0.629687095,0.68576884,0.6321509,0.6609676
-0.412951458,-0.187805016,0.6143415,0.681218343,0.70271057,0.64374423,0.67341256
0.434053343,-0.97718899,0.60509133,0.605888061,0.692614,0.63518894,0.66424376
0.959583723,0.496425773,0.6015371,0.604077738,0.68516827,0.6312671,0.6590184
0.979407826,-0.005257321,0.6049104,0.61998756,0.69088453,0.63469714,0.6636624
0.204549149,-0.219575531,0.61111647,0.691146013,0.69799274,0.6402846,0.66966546
0.821838779,-0.307362968,0.6123547,0.634839022,0.6999835,0.64201814,0.6712742
-0.394490012,-0.08161836,0.6141012,0.684933901,0.70215744,0.64340675,0.67314214
0.968520413,-0.563515652,0.59676194,0.597443739,0.6807666,0.6281263,0.65590745
0.805365722,-0.033189387,0.60840774,0.644447521,0.69539297,0.6383924,0.6675167
0.512430097,0.251809388,0.60920763,0.671060138,0.6963189,0.6394778,0.66814506
-0.86309626,0.921945556,0.6041258,0.572631832,0.68523115,0.63296133,0.66119885
0.398848446,-0.408730049,0.61147064,0.671047743,0.69940776,0.64089906,0.67044884
0.65064756,0.285650897,0.61425054,0.656216322,0.7022909,0.64367384,0.67300063
0.12104129,-0.548851237,0.6116088,0.671908214,0.6995009,0.64100504,0.67055666
0.696660332,0.687897762,0.6002906,0.620044011,0.68240654,0.62990105,0.6578821
-0.655631453,-0.580820406,0.60270035,0.635052207,0.691157,0.6340756,0.6634835
-0.509248309,-0.421437632,0.6140269,0.661817534,0.70211506,0.64358115,0.67312145
0.092671151,-0.097990434,0.6141092,0.697382521,0.70241207,0.6433934,0.67311275
-0.039213004,-0.329495519,0.61334413,0.689415895,0.7015313,0.64294684,0.67275715
0.013719219,-0.600372304,0.6141379,0.668160517,0.70234865,0.6434344,0.67316806
-0.650855599,-0.123489813,0.61256766,0.661658781,0.70054805,0.6421409,0.6718081
0.430311925,0.867217953,0.59940207,0.621697359,0.68512213,0.63050675,0.6576396
-0.10368914,-0.995161614,0.5994804,0.616754203,0.6859471,0.6318848,0.65970105
-0.777255979,0.154932206,0.60908294,0.64618864,0.69676906,0.6391075,0.6685713
0.965363864,0.318005968,0.6027209,0.614295407,0.6878699,0.6324408,0.66155857
0.759682261,0.870992312,0.598194,0.591487018,0.6824122,0.6283076,0.6569919
-0.848517101,0.52195513,0.6100085,0.617423717,0.69846636,0.64028025,0.669845
0.72389597,-0.522978269,0.6068261,0.632649384,0.69429606,0.6375084,0.6665948
0.0835667,-0.535552397,0.60879225,0.673765993,0.69689965,0.6391627,0.6682496
0.046142364,0.9628219,0.5981374,0.622325606,0.6772456,0.62740827,0.6545354
-0.106572488,-0.418299832,0.61371607,0.682878037,0.701886,0.64321285,0.67275167
0.8548876,-0.994171623,0.5963497,0.563803945,0.6828605,0.6294797,0.65801096
-0.580412704,-0.244395209,0.6087426,0.66516281,0.6969238,0.63912934,0.6686427
0.533618324,0.44164892,0.6061141,0.658281429,0.69218916,0.63570946,0.66448957
-0.941022102,-0.551250344,0.6033521,0.602406753,0.6923961,0.6349905,0.66465396
0.692697462,0.566297235,0.6066031,0.632412921,0.6913575,0.6358503,0.664385
0.819526223,0.516636076,0.6013887,0.621596284,0.6859381,0.6313851,0.6590476
-0.110715994,-0.081489337,0.6138293,0.697320764,0.7019822,0.6434583,0.6729265
0.724146704,0.39236868,0.6058963,0.642145636,0.69138587,0.6354156,0.66433984
0.075378894,0.492020377,0.6044185,0.677654164,0.68948114,0.634311,0.66204137
0.244836963,0.98412969,0.5968948,0.614648636,0.67683464,0.6265661,0.6545226
0.854351268,-0.069771389,0.6080208,0.637631042,0.6947554,0.6379438,0.66696143
-0.103582619,-0.605184437,0.6052294,0.666796988,0.6930826,0.63563037,0.6649999
-0.066224278,0.75696744,0.6000082,0.650300562,0.68146515,0.62994987,0.657089
0.967736832,0.147582444,0.6024511,0.620062906,0.68770784,0.6327066,0.66139895
-0.664723728,0.89647759,0.59748447,0.598194897,0.67720294,0.6273463,0.6545828
0.222819027,-0.500819844,0.6137942,0.673204552,0.7018799,0.64320815,0.6726931
-0.851305143,0.521249084,0.6051569,0.61711488,0.69001085,0.63481253,0.6640136
-0.111997639,0.359614483,0.61392957,0.686684246,0.7019814,0.64310384,0.6727968
-0.746199612,0.556343108,0.6008892,0.627231938,0.6838652,0.6304274,0.6591717
-0.432518244,-0.012148063,0.61436534,0.682802313,0.70265067,0.6437025,0.673348
0.093176708,-0.973544808,0.60303,0.620204278,0.69168764,0.6346312,0.6634368
0.212539992,-0.92515307,0.60723567,0.624513313,0.6956142,0.63775426,0.66769063
0.543164027,-0.700169354,0.6098426,0.633620246,0.69782853,0.6395351,0.6691229
0.800603163,-0.273019505,0.6084825,0.639169511,0.6959396,0.6379756,0.66791624
-0.237805076,0.51711436,0.60958517,0.671230782,0.69564915,0.6391545,0.66797173
-0.108136045,-0.038035005,0.6138837,0.697822883,0.702108,0.6433296,0.67303634
0.347820828,-0.122777988,0.61250675,0.687183327,0.6999559,0.64181936,0.67129827
-0.458739926,-0.818759862,0.6063539,0.626097791,0.6948207,0.6370711,0.66658944
0.389750567,0.648789079,0.6002543,0.650670736,0.68388575,0.63024044,0.65793747
0.772973761,0.710193597,0.5991778,0.609034494,0.6837433,0.62994856,0.65824085
-0.107999629,0.824553799,0.6030304,0.641086067,0.6866339,0.63303345,0.6610215
0.724280246,-0.255842368,0.6061422,0.649272938,0.6934191,0.6359868,0.6648051
-0.188980945,0.726288385,0.6057068,0.651453977,0.69004345,0.6353672,0.6639963
-0.832279482,-0.222402817,0.60852075,0.637044053,0.69593155,0.6385056,0.6677698
0.958294868,0.046185182,0.60686255,0.623002208,0.69298965,0.63633263,0.6661629
0.7401767,-0.066367277,0.6092462,0.65234565,0.6963049,0.63892394,0.6684225
-0.038196786,-0.397591544,0.61423683,0.685169036,0.7024788,0.6434969,0.67331123
-0.366617332,-0.370091359,0.6143724,0.675657198,0.7025503,0.64371145,0.6733557
0.50500893,0.169008677,0.61241394,0.674625745,0.69963706,0.6413786,0.6705514
-0.920871684,-0.456224592,0.60172194,0.612524926,0.69042045,0.63373315,0.663313
0.379586887,-0.339384715,0.6085422,0.676680553,0.6959846,0.6382958,0.66823274
0.776200974,0.06604873,0.6115461,0.647909827,0.6995084,0.6408198,0.67021817
-0.237089325,0.985184861,0.60317296,0.614775868,0.68438566,0.6326415,0.6607178
-0.046882909,-0.490266904,0.60559297,0.678095324,0.69416964,0.636855,0.6658885
-0.265569174,-0.340639251,0.6139371,0.682858435,0.7021591,0.6433948,0.67311156
-0.525200435,-0.644692312,0.6120007,0.641093216,0.6999892,0.6419705,0.6716925
-0.884129621,0.911855666,0.59891766,0.571327206,0.678025,0.6284649,0.65605414
-0.434588757,0.171608983,0.6142172,0.680153291,0.7023971,0.64378315,0.6733018
0.37655873,0.469717963,0.61443883,0.668010505,0.702633,0.6436856,0.6733705
-0.386920531,0.572200208,0.6102063,0.658502131,0.6969573,0.63959044,0.66895497
-0.774590581,-0.378693362,0.6059767,0.636944755,0.6931852,0.63621765,0.6651913
0.479328735,0.724464956,0.59982336,0.636053157,0.68140084,0.62925875,0.6568937
-0.722396156,-0.796165178,0.5999859,0.604947048,0.6878659,0.6320963,0.661294
-0.155335409,-0.902157181,0.6057554,0.629455869,0.69321555,0.63602084,0.664492
0.799170283,0.816540966,0.5965041,0.593733932,0.6768072,0.62630427,0.6538171
-0.830970337,-0.136414408,0.61005735,0.639679811,0.69810814,0.6401857,0.6695797
0.676701076,0.042973718,0.60852945,0.659931765,0.6951217,0.63774794,0.66667545
-0.927197749,0.738892886,0.6072688,0.586340415,0.69418395,0.63690877,0.66625243
0.495833403,-0.312731659,0.61223865,0.669580467,0.70009375,0.6418212,0.67161536
-0.934512651,0.975294218,0.59831274,0.556431315,0.6767426,0.6274237,0.6546254
0.058501225,0.556951308,0.6139018,0.672099023,0.7017794,0.64328593,0.6727402
-0.705351244,-0.080697874,0.611024,0.656290656,0.69926846,0.6411489,0.67110354
-0.951685867,-0.139370442,0.61336523,0.622638794,0.70166284,0.64307225,0.6724563
0.855952755,0.805378821,0.5967393,0.588129145,0.6788237,0.6261764,0.6552112
0.091412156,0.005376623,0.61443484,0.698237772,0.70255125,0.64376354,0.6734068
0.787135042,0.17599021,0.60524195,0.644379967,0.69105494,0.6350944,0.6643288
-0.819031364,-0.559692529,0.60225046,0.618068515,0.68977493,0.6331183,0.66193444
0.217239956,-0.793603859,0.606257,0.642253312,0.6941603,0.63619196,0.66587603
-0.094995575,-0.109143258,0.614026,0.697143156,0.7022841,0.6433193,0.6731198
0.082549283,-0.933231271,0.600528,0.626338497,0.68718356,0.63182545,0.6601883
0.076127668,0.305198536,0.6143037,0.690378593,0.702377,0.6435395,0.6731519
0.550320319,0.682124359,0.6036732,0.634977501,0.6893156,0.63335574,0.66216373
0.984016032,0.33127758,0.6034452,0.610851436,0.6896009,0.63368374,0.66234726
0.608972105,-0.752168195,0.6009302,0.621746421,0.68676907,0.63122565,0.6607884
-0.273092135,-0.442846065,0.6096614,0.675714963,0.6983253,0.6399549,0.669855
-0.504162283,-0.522916971,0.6074108,0.654358331,0.69637144,0.63865715,0.668385
0.870591094,0.469023295,0.602444,0.618544332,0.68870825,0.63271976,0.66240937
-0.233660219,0.258310291,0.61451167,0.688449981,0.7026781,0.64392006,0.6735151
0.655385922,-0.826634694,0.5965917,0.608198237,0.68212837,0.6284276,0.65624726
0.069068333,-0.024323302,0.6144168,0.698501672,0.7027608,0.64383966,0.67348135
0.387770033,0.62537283,0.6067242,0.653227677,0.69292337,0.63599205,0.66506565
0.686264944,-0.037804967,0.6075942,0.658891733,0.6943874,0.63736063,0.6660887
0.000185586,-0.075948352,0.61436224,0.698466212,0.70250446,0.6436844,0.673375
-0.085452863,0.151814563,0.6142689,0.696323323,0.70252264,0.6435695,0.67326134
0.637589991,-0.660550528,0.6058958,0.629075845,0.69355834,0.63734674,0.6665553
-0.416662889,0.209762861,0.6135741,0.680213539,0.7018119,0.6429704,0.67257047
0.825313242,-0.697117007,0.5987015,0.604087207,0.6840789,0.6292719,0.6575488
0.743433974,0.189057621,0.61406535,0.649402833,0.70206976,0.6434449,0.67298895
-0.919870578,0.54830311,0.6045705,0.605623228,0.68914676,0.6337192,0.66286796
0.279817612,-0.087974487,0.6138224,0.691493087,0.7011856,0.6427035,0.67220646
-0.158174795,0.98959994,0.60315347,0.616505298,0.68694675,0.63241005,0.66090024
0.393873459,0.462438047,0.6022712,0.667463477,0.6858881,0.63161707,0.6603164
-0.888200201,-0.964975148,0.598689,0.563742874,0.6830286,0.63080525,0.6571007
0.46858256,0.602069319,0.60237914,0.64992092,0.68589354,0.6317278,0.6598994
0.228229696,0.938301275,0.6047975,0.62206561,0.6898604,0.63462865,0.6626732
0.881354882,-0.764751319,0.6000868,0.589576188,0.68632483,0.6321191,0.66091436
-0.329140531,-0.635287001,0.60176724,0.655643664,0.6906295,0.63444275,0.66339946
-0.614516451,0.885833013,0.6035661,0.60444852,0.68716735,0.63382745,0.662075
-0.318696243,0.806815539,0.60688716,0.636219101,0.6907648,0.6361921,0.66489124
0.350140276,-0.021218339,0.61443555,0.688301367,0.7025574,0.6437121,0.67329687
-0.461059838,-0.021338776,0.61434144,0.680602809,0.70248836,0.6436628,0.6732421
-0.609564848,-0.806679985,0.5992364,0.615121673,0.68617576,0.6305204,0.6589248
0.303491407,-0.129215604,0.6099971,0.689528042,0.697644,0.64004385,0.6692338
0.32600737,0.928449016,0.59817886,0.619288062,0.6782678,0.62752765,0.65670824
0.036786484,-0.036004545,0.6143668,0.698738546,0.702553,0.64357203,0.6733269
0.424618748,0.202988822,0.6141993,0.67988226,0.7021353,0.6435416,0.6730091
-0.162026368,0.319069465,0.61438537,0.687870501,0.7024071,0.64385164,0.6732575
0.675388329,-0.827568431,0.60344064,0.606060894,0.69005847,0.6334918,0.6625709
0.80380367,0.521083369,0.60213464,0.623222939,0.68627614,0.6315391,0.6604449
0.005641936,0.067364147,0.6143278,0.698570853,0.70258933,0.6437665,0.67328537
0.04355445,0.701689356,0.6091506,0.657092442,0.6967034,0.638133,0.6678338
-0.054880973,0.122458038,0.6141879,0.697398402,0.7025097,0.64352256,0.67328876
-0.362222469,-0.970906425,0.60441166,0.611169771,0.69219077,0.63503563,0.6638155
0.122137949,-0.639377578,0.6097812,0.66291227,0.6988801,0.6405795,0.67026114
0.633774483,0.036341575,0.606868,0.664632315,0.6941838,0.63668853,0.66649145
0.388725302,-0.828849421,0.60804945,0.629449412,0.6963043,0.6383144,0.6675175
0.024336652,-0.344445145,0.6121924,0.688629567,0.7002057,0.64195526,0.67138976
0.004696082,0.794282676,0.6013861,0.645964437,0.6856192,0.6311541,0.659821
0.529463526,0.771478368,0.60408896,0.626512682,0.690639,0.63374436,0.6633192
-0.367988625,0.995688499,0.6073634,0.607138191,0.6928846,0.63711154,0.6656493
-0.728883015,-0.599355203,0.6066917,0.625340118,0.6944642,0.6376429,0.66617
-0.293213706,0.193357078,0.6141374,0.688274454,0.7025095,0.6435767,0.6731446
0.361987414,-0.230624533,0.61433995,0.683058159,0.70263493,0.643669,0.67335546
-0.358044264,0.988413501,0.6034266,0.608783809,0.68455434,0.6328001,0.66098183
0.949339506,-0.480990324,0.5943173,0.606699239,0.67894787,0.6258305,0.6542311
0.035393162,0.075188145,0.6142183,0.698366885,0.7024843,0.643449,0.6732369
0.948572562,0.787093152,0.597225,0.578069808,0.6803486,0.6276838,0.65588754
-0.558079436,-0.094991313,0.60947704,0.671523041,0.69690967,0.6394873,0.6688861
-0.5110578,0.524481042,0.6094423,0.653652114,0.69647336,0.6391608,0.6684085
0.519094511,0.549848379,0.6034511,0.650755363,0.6885427,0.63307303,0.661704
-0.511311689,-0.003706143,0.6145163,0.676495744,0.70271033,0.6438777,0.67352104
-0.69099144,-0.505837397,0.61119497,0.637746104,0.69939435,0.6413204,0.6708396
-0.201876226,-0.636732324,0.6106365,0.661053696,0.6991644,0.6409394,0.67033255
-0.456406761,-0.296962716,0.6137678,0.673539121,0.70220333,0.6431784,0.6729275
-0.437196587,-0.160565672,0.6134844,0.680271889,0.7019645,0.64311564,0.67290866
0.158227781,0.773925123,0.6005852,0.646522702,0.68426406,0.6305741,0.65913254
-0.959217632,0.040403454,0.6046295,0.62290341,0.69193196,0.6354212,0.6650033
-0.654737067,-0.293758139,0.6063566,0.655393632,0.6943116,0.6366836,0.66624355
0.564382462,0.834177736,0.60287917,0.615731087,0.6893186,0.63309175,0.6621385
-0.263406202,0.997028741,0.6011923,0.611965976,0.68201494,0.63052255,0.6594329
-0.35765884,-0.967244522,0.600195,0.611963477,0.68703365,0.63232845,0.66038847
0.586117039,0.380276049,0.60734904,0.657595465,0.6943959,0.6372893,0.66631055
-0.846350756,-0.909449292,0.6002814,0.576330844,0.68884766,0.6324198,0.66155314
0.004310064,-0.468216473,0.61134183,0.680074379,0.69920254,0.64111245,0.6709052
0.654460281,-0.496765931,0.6017279,0.642406318,0.68762124,0.63155884,0.6604575
0.260392831,0.954272402,0.6035894,0.618503468,0.6882127,0.63306296,0.66172063
-0.977168487,-0.710167935,0.60063684,0.582429551,0.68815655,0.6320945,0.66092986
0.362021472,-0.376579044,0.614208,0.675530909,0.70241314,0.6434762,0.6732305
0.909374633,-0.048765609,0.6047234,0.630138912,0.69112587,0.6347289,0.66421735
0.157191944,-0.529962758,0.61071175,0.672775437,0.69855905,0.6402648,0.66993105
-0.176106823,-0.100209265,0.61432254,0.695392122,0.7025589,0.6436428,0.67332107
0.422073872,-0.07522128,0.6139228,0.683093847,0.7017751,0.64337605,0.6728667
0.383241904,0.863596554,0.5981577,0.625170029,0.6790073,0.62772685,0.65579784
0.338794163,-0.095386253,0.6138655,0.688229822,0.70196396,0.64323443,0.67291105
-0.122535505,-0.552049678,0.61417574,0.671581987,0.70227873,0.6435119,0.67312336
-0.30786433,0.1310723,0.61433446,0.689256017,0.70244926,0.643639,0.6733132
0.323259097,0.690781885,0.6019244,0.649951875,0.6862088,0.6319677,0.65996796
0.803273365,0.542034444,0.59973025,0.621556396,0.6831892,0.62957495,0.65813357
-0.535674104,0.846217801,0.5996361,0.616605179,0.6798834,0.629671,0.6570346
0.186361298,0.678582065,0.6069533,0.657015303,0.6930766,0.63654363,0.6652119
0.377269697,-0.770072157,0.60095394,0.637586456,0.6874276,0.63123554,0.6603984
0.963516446,-0.203302687,0.5978525,0.619179886,0.6816623,0.6284726,0.65690804
0.190147498,-0.066219214,0.61434954,0.695436842,0.70260054,0.6438403,0.6734151
0.200354173,-0.179744775,0.613998,0.692668536,0.7019754,0.6434801,0.67291945
-0.298999708,-0.196385663,0.61373365,0.687878215,0.7018148,0.6431691,0.67264426
0.055040385,0.492167923,0.60746574,0.677866584,0.69212353,0.63690513,0.6659732
0.056973607,0.791826455,0.5974031,0.646018692,0.68093336,0.6270736,0.6554649
0.8009782,0.188809666,0.604739,0.642236062,0.6912924,0.6353107,0.6639252
0.043932804,-0.336904222,0.6142672,0.68895676,0.70249516,0.6435782,0.673219
-0.423922882,-0.874393998,0.6043168,0.621150495,0.69332206,0.6358085,0.665194
-0.188234275,-0.081114636,0.6144456,0.695309008,0.7026286,0.64399856,0.67350614
0.657335247,0.789160313,0.59872323,0.612623084,0.6798424,0.62790847,0.6555781
-0.281025189,-0.383631208,0.61190903,0.679487829,0.70008206,0.641816,0.67129487
-0.483128775,-0.116525998,0.6139086,0.677719756,0.70229393,0.6433672,0.6731981
-0.800818145,0.797124739,0.60763913,0.595867386,0.69370085,0.637753,0.6666601
-0.330349136,-0.448238506,0.6126942,0.672398917,0.70054245,0.64224577,0.6714077
0.742406425,0.590253959,0.6036085,0.624631546,0.68775326,0.6325477,0.6616039
-0.761342415,0.699056272,0.6040534,0.611593341,0.6881545,0.6338729,0.6625271
-0.804009082,-0.966377495,0.59912777,0.573678033,0.686222,0.6312621,0.6595129
-0.596125469,-0.405225602,0.609962,0.65501698,0.6984034,0.64003664,0.66993755
0.102179727,0.102460242,0.6140069,0.697142947,0.7020405,0.6433329,0.67294765
0.958281965,-0.742662469,0.5968585,0.581654335,0.68342525,0.628543,0.6569285
-0.067930994,0.714352923,0.6063816,0.655398527,0.6915525,0.63587254,0.66506046
-0.993146392,0.679546666,0.6058906,0.583236288,0.6921155,0.63619745,0.6647225
0.236596883,-0.426401756,0.6125531,0.678499174,0.70073944,0.6423572,0.6719978
0.508395286,0.668636345,0.60700905,0.639966152,0.69318557,0.6365835,0.6660514
-0.725596988,-0.376801118,0.61416227,0.642938497,0.70224226,0.64361644,0.6731435
0.281279608,-0.217033041,0.6122515,0.688028412,0.70058763,0.6418608,0.67172474
-0.894087999,0.745042635,0.60424376,0.590103293,0.6877949,0.6339147,0.6618479
-0.899986366,0.601036549,0.60443807,0.603777215,0.69044465,0.6341379,0.66354066
-0.692003772,-0.745835442,0.60102284,0.614135362,0.6866606,0.6328295,0.66046673
-0.93201405,-0.841948249,0.600705,0.573878068,0.68795884,0.6326772,0.66162014
0.657130562,-0.161913897,0.6077743,0.660074854,0.69458705,0.63727915,0.66665125
-0.927777312,-0.128593004,0.6090077,0.626372014,0.6968371,0.6393405,0.66849446
0.213930283,-0.058832715,0.6136682,0.694682146,0.70205647,0.64314413,0.673093
-0.160490175,-0.414641482,0.6118874,0.681909702,0.7005456,0.6420109,0.6714469
0.269936653,-0.39190494,0.61274093,0.679461735,0.70088464,0.6424227,0.67211854
0.214348642,0.495225293,0.61425835,0.673985536,0.7018305,0.64355505,0.6727441
0.265369288,0.500830569,0.608261,0.671457897,0.6944641,0.63790846,0.6674981
0.630181763,-0.17325467,0.6127861,0.662628532,0.7014963,0.64301795,0.67293924
0.229661603,0.29644053,0.6101744,0.686791085,0.69705063,0.6391793,0.66846764
-0.51525649,-0.061178415,0.6141394,0.675838284,0.7023726,0.64340484,0.6731124
0.599288045,-0.093635811,0.61401385,0.667552875,0.7021585,0.6433238,0.6730041
-0.226257799,0.076522159,0.6143897,0.694003359,0.7026056,0.6437161,0.67335904
-0.963664125,-0.992322931,0.5967231,0.550286285,0.68163526,0.6292757,0.655641
0.779705878,0.236768702,0.60644054,0.643297791,0.6924559,0.63559407,0.6652465
-0.913663293,-0.177625845,0.6050916,0.627231935,0.69185346,0.6358354,0.66453046
-0.493582536,-0.258818733,0.61002666,0.672351636,0.6984499,0.6402722,0.66989493
-0.393406466,-0.269069592,0.61417264,0.679401282,0.70254546,0.6435737,0.6732725
-0.253207962,0.774906826,0.5984735,0.643250013,0.68169713,0.62864184,0.657038
0.178358701,0.194331786,0.61366564,0.692917362,0.7014989,0.6428855,0.67231077
-0.472469052,-0.656621092,0.60939,0.644072016,0.6979343,0.63984096,0.6691427
-0.500623453,0.895067176,0.6001961,0.612860103,0.68456864,0.6302021,0.65897715
-0.129149886,0.556674929,0.60643137,0.671011983,0.6925841,0.635907,0.6650919
0.569755631,-0.237084874,0.6136346,0.666475906,0.7014045,0.6431102,0.6724345
0.321144185,0.186061713,0.6141339,0.687037421,0.70232034,0.64351326,0.6730905
0.995900383,-0.95700812,0.5973847,0.550676523,0.6824176,0.62938374,0.657621
0.326666283,0.801451921,0.6043599,0.636496121,0.68839943,0.63397247,0.6619617
0.349748887,-0.545931968,0.6124494,0.663190367,0.70052475,0.64200556,0.67153054
0.340274193,-0.609223446,0.6110031,0.657694385,0.6995443,0.6411075,0.67057276
-0.591826966,-0.297557574,0.611252,0.661663998,0.6992375,0.6410727,0.6708608
-0.267540577,0.750642596,0.6063884,0.645630621,0.6915162,0.636034,0.6650505
-0.122035178,0.465905555,0.6091831,0.678994317,0.6951357,0.6384259,0.66769814
-0.002320951,-0.198780049,0.61387914,0.695525703,0.7022195,0.6432856,0.67307574
-0.534256326,-0.21624979,0.61239094,0.670540166,0.70048326,0.6421987,0.67188096
-0.082104961,0.486352884,0.61410654,0.678034238,0.70176846,0.64359057,0.6728477
-0.757108462,-0.298255852,0.6141463,0.643445035,0.7024049,0.64353794,0.6732541
0.362326124,0.501428885,0.6069735,0.666319267,0.6929057,0.63682413,0.66528594
0.993893469,0.348097243,0.6064587,0.608491741,0.6926878,0.6362807,0.66483057
0.034871967,-0.189000456,0.61320484,0.695750192,0.7017736,0.64292264,0.6727405
-0.877542834,0.154659111,0.60882187,0.632928664,0.6973389,0.6389325,0.6690635
0.73061243,-0.976664699,0.601062,0.58036039,0.68663573,0.6313741,0.6593096
-0.292005211,-0.878585562,0.6017722,0.627949893,0.6890295,0.6327633,0.6612177
-0.052288928,0.762590839,0.60135466,0.649740443,0.68700105,0.63138944,0.6607547
0.467386057,0.828309981,0.6087093,0.624242825,0.6941182,0.6377407,0.6668507
-0.469492227,-0.981496566,0.6004028,0.602831681,0.6871963,0.6318446,0.65963334
0.257131747,-0.856449831,0.6069224,0.632484015,0.6961759,0.6378313,0.6677387
0.920107026,-0.895334093,0.5932764,0.56882926,0.67763394,0.6252767,0.6532763
-0.869619693,-0.14725991,0.6092635,0.63420189,0.69697744,0.6390016,0.66887623
-0.840403276,0.902318063,0.596292,0.577986716,0.67635846,0.62595296,0.6535969
-0.332113198,0.242549192,0.61438847,0.684348074,0.70256823,0.6438736,0.6734092
-0.113169451,0.258847901,0.61164665,0.69203161,0.6996618,0.64135826,0.6709297
-0.396138274,-0.845612821,0.6022663,0.626788716,0.6910371,0.63464665,0.6639937
-0.121123522,-0.424788777,0.61344886,0.682128651,0.7013233,0.64295155,0.67245907
0.509984351,0.892979511,0.5955267,0.612421502,0.674735,0.62487984,0.65241665
0.708149315,-0.042067987,0.61291397,0.656355251,0.70090103,0.6422563,0.67227846
0.044037352,-0.129995033,0.6142596,0.697326041,0.7026212,0.64368796,0.67351335
0.000713146,0.73401139,0.605179,0.653446835,0.69181454,0.6354294,0.66421217
-0.570216999,-0.458187228,0.61223197,0.653748329,0.70013577,0.64172035,0.6714736
-0.294407725,-0.760810227,0.60367066,0.643176586,0.6922787,0.6348902,0.6641995
-0.833893627,-0.415949408,0.6078958,0.62707037,0.6959023,0.63823104,0.66802573
0.692723787,-0.264250422,0.61287946,0.652555382,0.70133054,0.6425408,0.6723671
0.442509719,0.010703187,0.61422914,0.682059333,0.7025877,0.64348555,0.6733195
-0.190121432,0.470253404,0.6121905,0.676848371,0.6988769,0.64132154,0.6700676
-0.31810447,0.40788707,0.61169547,0.675979358,0.6984195,0.64095366,0.67027926
-0.924406912,-0.601364975,0.6007358,0.600394436,0.6860579,0.6320568,0.6600137
-0.537691427,-0.944952741,0.59920233,0.602960603,0.68647856,0.6308075,0.65931064
0.961522767,0.301715452,0.6038829,0.615640413,0.6901537,0.63469315,0.6630138
-0.540780997,-0.416990195,0.61220247,0.659391352,0.7005319,0.64193445,0.67131984
0.872693794,-0.49622649,0.60080856,0.616235029,0.68641347,0.6315043,0.65967685
-0.832523142,-0.975872712,0.6000707,0.569028225,0.6864693,0.6319712,0.6590466
0.053347724,-0.978537494,0.5986283,0.619901211,0.686341,0.6318646,0.6602852
-0.482850408,-0.807157143,0.6017364,0.62579756,0.68891233,0.63310295,0.66135776
0.146891628,0.263476833,0.6141914,0.691064512,0.70222497,0.643539,0.6730535
-0.782378341,-0.373611015,0.61353064,0.636284122,0.7015425,0.6432052,0.6727169
0.015212519,0.230669549,0.61435324,0.694316457,0.7026006,0.6436788,0.6733535
0.772561931,0.967750814,0.59456617,0.57705272,0.6761575,0.62475705,0.651923
-0.090179035,-0.549651389,0.6098615,0.672382057,0.6993166,0.64059496,0.6704847
-0.504824282,0.493585137,0.60928965,0.656746828,0.6963238,0.63934886,0.6684757
-0.870618588,0.010495197,0.6139613,0.635776426,0.70210785,0.64358854,0.6730649
-0.941542353,0.087664175,0.60885787,0.625051754,0.6966845,0.6391722,0.6687883
0.690192248,0.384132045,0.6062338,0.646528631,0.6909889,0.6357027,0.66407233
0.411755362,-0.649744994,0.6104811,0.649137105,0.6986607,0.6404568,0.6700769
-0.599033788,0.177743422,0.61237836,0.665676325,0.69955444,0.64180267,0.67121494
-0.547038698,0.902241758,0.5965383,0.608165098,0.67767346,0.62639374,0.6542806
0.484962797,0.854304586,0.60141456,0.619541491,0.6848269,0.63113904,0.65896595
0.915044692,-0.994533023,0.5957516,0.556299873,0.68284255,0.627429,0.6566522
0.80097978,-0.660360295,0.6063914,0.610881068,0.6937856,0.63664037,0.6662408
0.102504933,0.582640374,0.6029068,0.669051271,0.685043,0.63181055,0.66098845
0.066420512,0.309291388,0.61453104,0.690280974,0.70258075,0.64393634,0.67333776
0.374058383,0.108417687,0.61437696,0.685842885,0.7025009,0.6436109,0.67328966
0.549751746,0.826714172,0.6064974,0.617943739,0.6939898,0.6363535,0.6653458
-0.829713838,-0.167314626,0.6126753,0.639096477,0.70058715,0.6427636,0.67238885
-0.288307818,0.89720561,0.6025545,0.625527576,0.6849253,0.6326514,0.66079015
0.231887269,-0.180999966,0.61403,0.691450277,0.7024402,0.6434935,0.6731194
0.676655233,-0.590240491,0.6080355,0.631960607,0.6957162,0.63861084,0.6680081
-0.419224215,-0.607683577,0.6045038,0.652936117,0.6930681,0.6350511,0.66446006
0.487225868,-0.545614917,0.6023327,0.653748188,0.68870467,0.6330236,0.6616156
-0.108490857,0.187036304,0.6144747,0.694897063,0.7026059,0.64379317,0.67339694
0.317388725,0.069122786,0.61422384,0.689811681,0.70247585,0.6435616,0.6731183
-0.531462063,-0.883835558,0.6014602,0.611953119,0.68979126,0.632805,0.66190827
-0.144955654,0.06326489,0.6142743,0.696787862,0.70241135,0.6435208,0.67323005
0.109259549,0.019372626,0.61425084,0.697895034,0.70197695,0.64346296,0.67298716
0.471183362,0.437828298,0.61394423,0.663742589,0.70089823,0.6434519,0.6723963
-0.564541039,-0.766477587,0.60331255,0.624114297,0.69157904,0.63493073,0.66343814
0.375529464,-0.986049522,0.5997405,0.608163235,0.6878681,0.632166,0.6613556
0.303396892,-0.86085178,0.60850376,0.629841623,0.6954944,0.63805544,0.66793466
0.084457809,-0.374299824,0.60923845,0.686223684,0.6973449,0.6392049,0.6685563
0.672830554,-0.63190618,0.6097953,0.628356093,0.6954348,0.6385993,0.668346
0.632350312,0.352154399,0.61275613,0.654664489,0.70053244,0.6423436,0.6713116
0.752630115,0.021349475,0.6078997,0.651152808,0.6942202,0.6374298,0.66677517
-0.570435232,0.633622015,0.60035133,0.638261885,0.6839216,0.6304281,0.65823156
0.561285594,0.283294315,0.6109134,0.665271801,0.69849175,0.6406088,0.6696533
0.0005143,0.663182674,0.6111952,0.661580314,0.6982075,0.6406318,0.6694782
0.065318278,-0.977028895,0.606334,0.620019753,0.69419926,0.63659424,0.6656211
-0.93405509,0.566050906,0.610944,0.60214529,0.69896317,0.6407535,0.66988945
-0.00541761,0.126195937,0.6140264,0.697577406,0.70211697,0.64338046,0.6729781
-0.701712926,-0.384664509,0.60879755,0.645200972,0.6977008,0.6392753,0.66958004
0.601912348,0.204052379,0.6047849,0.664553807,0.6884032,0.6337361,0.6622652
0.798163038,0.400915599,0.6025265,0.632628356,0.68775916,0.63292956,0.6613397
0.037521788,-0.111279469,0.6140255,0.697766105,0.7022975,0.6433917,0.6730518
-0.39158763,-0.249384133,0.61437845,0.680390001,0.7024409,0.6437612,0.67332536
-0.949517797,0.34016269,0.6078415,0.615506799,0.6953154,0.63788545,0.6677669
-0.339538074,0.835948946,0.60569024,0.631340752,0.69142044,0.63623095,0.6643325
0.160508751,0.021689407,0.61420935,0.696681705,0.7024143,0.6437329,0.6731831
0.212833027,-0.898584306,0.60249925,0.628297558,0.6896771,0.6334845,0.6619461
-0.403465758,0.163855744,0.6140232,0.682596333,0.701896,0.64345413,0.67302555
0.777808905,0.909927185,0.5951145,0.584343244,0.67529887,0.6250476,0.65344906
0.198994346,-0.176543324,0.61443764,0.692814331,0.70254666,0.6437629,0.6733578
-0.900424271,0.732879199,0.60235375,0.590590779,0.6871853,0.6324696,0.6605808
0.281994847,0.410111742,0.6095219,0.677658679,0.69690824,0.6392197,0.6689542
-0.796288487,0.038490978,0.6116149,0.645589088,0.69893837,0.6410708,0.6707013
-0.138613225,0.778893816,0.61219376,0.646369731,0.6996287,0.64219224,0.6710786
-0.821372757,0.580062779,0.6062203,0.615981589,0.69296104,0.6364513,0.66595006
0.781737235,0.117535335,0.61011815,0.646447424,0.6970851,0.6398941,0.66895753
0.785973256,-0.128959364,0.60541177,0.645683709,0.69255,0.6360579,0.6645969
-0.316944677,-0.590346643,0.61253244,0.660823935,0.7004026,0.64212155,0.67133397
-0.266203714,-0.507014842,0.61188984,0.67089777,0.70027936,0.6417733,0.6713133
0.899356081,-0.996796962,0.6005361,0.557968292,0.6889038,0.63219965,0.66198486
-0.876796902,-0.218989759,0.60834336,0.63113303,0.69602287,0.63859123,0.6678793
0.298221444,0.950880366,0.603183,0.617370384,0.6897243,0.63382107,0.6621929
0.785359266,-0.809079375,0.6037951,0.59626369,0.69106203,0.63440114,0.6645052
-0.387778976,-0.365971156,0.6139358,0.674565919,0.70226085,0.6434278,0.67311674
-0.870823223,-0.767445574,0.6040046,0.590632859,0.6918861,0.6347622,0.6633546
0.464861385,-0.588620612,0.6050752,0.651505955,0.6922166,0.635634,0.6644981
-0.929157158,0.385168608,0.61183244,0.615938329,0.6998739,0.6415353,0.6712033
-0.783221798,0.810252075,0.60101295,0.596372056,0.68147284,0.63018954,0.6585011
-0.516358264,-0.971380138,0.5959025,0.600842103,0.68240404,0.62895435,0.6569058
-0.693529828,0.01102063,0.6126052,0.658174237,0.7010235,0.6424601,0.67217994
0.000258422,-0.663996453,0.6120104,0.661491021,0.7004581,0.6417784,0.67119175
-0.561451922,0.322423332,0.61240464,0.663288273,0.7006866,0.6418852,0.67163587
0.550825864,0.900659263,0.5991438,0.608065921,0.6813861,0.6287508,0.65687114
0.711611797,0.781540271,0.596448,0.607868309,0.67717373,0.6260922,0.65345824
0.575765969,-0.587325365,0.608267,0.642296887,0.69585615,0.63807416,0.66750765
-0.877141854,-0.47292283,0.6036656,0.617376223,0.6920742,0.63536114,0.66448903
-0.110246574,-0.245730302,0.6137509,0.692660942,0.7021637,0.64330035,0.67299235
0.163587529,0.021685732,0.61416036,0.696594829,0.7021464,0.6434944,0.6730206
-0.558839412,0.336842188,0.6145336,0.662743018,0.7022962,0.64382017,0.6731333
-0.992593358,0.912140969,0.6026436,0.556937201,0.6845189,0.6333874,0.6608355
0.1271502,-0.099331423,0.61422026,0.696699087,0.70252615,0.6436078,0.6733725
-0.875169166,-0.952487146,0.59786665,0.56705921,0.6851461,0.6306608,0.6592863
-0.574732677,-0.479050057,0.60601693,0.651731067,0.6945433,0.63722706,0.6667319
0.594543037,0.327006629,0.6076272,0.65987867,0.6947099,0.6372895,0.6666291
-0.709465698,-0.746345516,0.6045829,0.612201317,0.69266576,0.635615,0.66412354
0.467494702,-0.495494123,0.6065455,0.659577589,0.69412464,0.6370847,0.66651046
-0.764773411,-0.505361237,0.6025884,0.629278727,0.6892694,0.6335132,0.662167
0.560859686,-0.857486178,0.6053349,0.613007434,0.6929786,0.63562495,0.66540086
-0.720008422,-0.470171319,0.6102477,0.637257415,0.6981071,0.64017886,0.66955215
-0.144459583,-0.852486514,0.599803,0.63661024,0.68645823,0.6309523,0.6592229
0.965000764,0.079911438,0.5980394,0.621668063,0.6820794,0.62834597,0.65722644
0.5296953,-0.164942521,0.6116849,0.67258933,0.69862366,0.64102113,0.67056566
-0.619594698,0.39983034,0.6088738,0.653039484,0.69551444,0.63869053,0.66706896
-0.280629786,-0.534790727,0.6102732,0.66781658,0.6988216,0.64077884,0.6703366
0.723809142,0.009766109,0.6072795,0.654655045,0.6923136,0.63638926,0.66507465
-0.532839031,0.264051633,0.6097876,0.668744947,0.6977458,0.6392515,0.66872966
-0.998839209,0.636152586,0.6014156,0.586581486,0.6851297,0.6320771,0.6611382
0.380210112,0.297393202,0.61375153,0.678905894,0.70175546,0.6433001,0.6724661
0.760547482,0.697815926,0.60514355,0.611818327,0.68979204,0.6351986,0.66319114
-0.194466676,0.295916242,0.6143568,0.688100474,0.70258176,0.64374983,0.67328906
-0.924693295,-0.815793749,0.599345,0.577977932,0.68444216,0.63141197,0.65870154
0.960827693,0.078072938,0.6052402,0.622315485,0.6917589,0.6352226,0.66423523
-0.005328382,0.363167231,0.61256164,0.687538601,0.6999611,0.6418665,0.67098296
-0.749604082,0.311140918,0.61217713,0.643722968,0.70079553,0.6422427,0.67181253
-0.026315849,-0.571058589,0.60595137,0.670992376,0.69391274,0.63589877,0.66603464
-0.82613717,0.222260975,0.6115312,0.637860756,0.6996679,0.6414533,0.67114466
-0.759583036,-0.610183697,0.6001272,0.620761228,0.68659186,0.6326379,0.6605917
0.290627214,-0.791485339,0.6027203,0.639536488,0.6912699,0.6348844,0.66360784
-0.365754987,-0.228441343,0.61422145,0.682909645,0.7025201,0.6434472,0.6732442
0.025466654,-0.405322843,0.6138873,0.684706949,0.7020981,0.6432556,0.6729538
-0.326881476,0.001938835,0.61345494,0.689696001,0.70169544,0.6428312,0.67248285
-0.028594802,0.100062446,0.6141679,0.6980244,0.70242375,0.6435829,0.6731402
-0.612753448,-0.22005745,0.61403084,0.662898125,0.7023071,0.64338666,0.6730113
-0.054600466,-0.222096576,0.6144034,0.694414689,0.702601,0.64374214,0.6733666
-0.551626298,0.40743248,0.6139473,0.659064384,0.70208824,0.6431348,0.6728713
0.799695062,-0.673710484,0.6046391,0.609679298,0.6911174,0.63438284,0.66351235
0.213736793,0.72279247,0.607379,0.651054778,0.6924336,0.63655704,0.66584855
0.164605561,-0.696024358,0.61152554,0.655674657,0.6992834,0.6411958,0.67083246
0.799205484,0.612972278,0.601672,0.615724594,0.6852014,0.6318194,0.659572
0.918901546,0.118227581,0.6083365,0.62785742,0.69524235,0.63790315,0.667855
-0.672677137,0.479221484,0.6045109,0.641840197,0.6901507,0.63430905,0.66427064
-0.548013766,-0.883158978,0.602246,0.610679163,0.6904364,0.6343198,0.66374004
-0.830231721,-0.13077216,0.6136372,0.6398985,0.7013528,0.64301026,0.67241853
-0.660463388,0.780661474,0.6040731,0.613329493,0.690401,0.6343262,0.6629941
0.304118481,-0.38726015,0.61143416,0.678103899,0.69962025,0.64165026,0.67116374
0.147505808,-0.4713645,0.6108218,0.677978124,0.6999179,0.641536,0.67119235
0.364518211,-0.565446697,0.6127191,0.660523295,0.7005011,0.6420729,0.67169267
0.068405434,0.584279551,0.6138158,0.669378782,0.7014366,0.6432523,0.67248607
-0.795866046,0.671063586,0.6043177,0.61041661,0.6900488,0.63448733,0.66337353
0.547069795,-0.955628274,0.59593,0.60066897,0.6795447,0.6265966,0.6541007
0.835513644,-0.410801242,0.605578,0.627192017,0.6917829,0.63571817,0.66464984
-0.552483949,-0.629425706,0.60411453,0.640296228,0.69218,0.6361284,0.66500974
-0.385455283,0.346154808,0.6100132,0.67590867,0.6964427,0.63928246,0.66799164
0.637008882,0.519141174,0.6047559,0.642390802,0.6901215,0.63425213,0.66354614
-0.917719455,-0.232973853,0.60973513,0.624872171,0.69755065,0.6397968,0.6690945
0.264459724,-0.481411816,0.61140674,0.67310127,0.69959444,0.64138407,0.6712269
-0.452516672,-0.310373568,0.6136115,0.673151182,0.7021634,0.64311445,0.67298394
0.953849392,-0.536057108,0.6094513,0.60182072,0.6974489,0.63893086,0.6686836
0.903131887,0.659071548,0.6039013,0.597859045,0.6879991,0.63335025,0.6623644
-0.166265505,0.582163084,0.6017482,0.667666014,0.6865429,0.6315855,0.66030544
0.122002797,0.586835747,0.60738516,0.668275303,0.69274193,0.6371821,0.6658407
-0.724232554,-0.765081504,0.60531217,0.608425831,0.693329,0.6360406,0.6648465
-0.587039106,0.603842394,0.605826,0.639670219,0.6906511,0.63612515,0.66494566
-0.588292535,0.35197187,0.6131351,0.659090788,0.70109904,0.6427866,0.67215824
-0.134032393,0.245085895,0.6139528,0.692185412,0.70235544,0.64334685,0.6730942
-0.449731304,0.747604327,0.60362643,0.635531413,0.6891085,0.63389325,0.66244996
0.321024833,-0.631456817,0.61123526,0.656474268,0.6994601,0.64092696,0.6705302
-0.530417231,-0.578085271,0.60246265,0.64720766,0.6899154,0.6337669,0.6629515
0.801032783,0.780743242,0.59881365,0.597770044,0.6821926,0.6286762,0.65682566
-0.573354983,-0.39834989,0.60718524,0.65765502,0.6956313,0.63797826,0.66804606
0.559014221,-0.599258696,0.61291945,0.642686369,0.701178,0.6425797,0.6722343
-0.697624121,0.605407228,0.6011955,0.628262557,0.6868157,0.63133883,0.6602549
0.039837169,0.794213157,0.6058335,0.645847002,0.69110966,0.6357565,0.6642476
0.451169761,0.696393137,0.5997504,0.641329352,0.68221194,0.62936074,0.6577169
-0.366745968,0.265213054,0.6141903,0.681300014,0.70239824,0.6435675,0.6731355
0.789419582,-0.269545358,0.60664773,0.64074277,0.6939092,0.6365283,0.66690785
-0.305759008,0.453598874,0.6135147,0.673307925,0.7009914,0.6427458,0.6720421
0.609631204,-0.520213104,0.605796,0.645047427,0.6928263,0.63598853,0.66568905
0.555452531,0.380902966,0.60946363,0.660439819,0.69634026,0.6395141,0.66813964
-0.652760898,0.179582065,0.6103743,0.660049291,0.69832915,0.6403912,0.6700924
-0.77287522,0.858946735,0.60289073,0.591532797,0.6877064,0.6332116,0.6613315
-0.832852841,-0.105834139,0.605639,0.640021801,0.6938108,0.6370069,0.6668114
0.584474273,0.675606758,0.60433424,0.632608024,0.68941444,0.63377804,0.6622595
-0.277814879,-0.950077899,0.6036992,0.618396099,0.6914646,0.63466215,0.6631319
0.697825414,0.971035072,0.5957735,0.584568607,0.6755597,0.6252086,0.6525731
-0.404142866,0.402905154,0.6105931,0.671087699,0.6975391,0.64013964,0.6695494
-0.664427028,0.100288438,0.6141555,0.660612674,0.70241964,0.643507,0.67332155
-0.810180648,0.916793786,0.6004856,0.579690817,0.6773431,0.62988955,0.65698266
-0.672825437,-0.522994515,0.6055714,0.638314215,0.69324565,0.63634634,0.66596645
0.557786764,0.290456976,0.60802007,0.665255657,0.69459474,0.6376395,0.66660225
-0.113326416,0.58348881,0.60799736,0.668773254,0.69355655,0.63774943,0.6662723
0.864161332,0.275724866,0.6026901,0.630654364,0.6881609,0.632607,0.6611244
0.529990464,-0.592688677,0.60909575,0.645862485,0.6967215,0.63861775,0.66879815
0.37744016,-0.827934588,0.59605527,0.630249476,0.68152225,0.62742996,0.6558517
-0.458859259,0.594222039,0.6094179,0.651417901,0.6958599,0.6392867,0.6682933
0.69754779,0.517545285,0.60255134,0.636067426,0.6873217,0.63225776,0.6607684
0.866606608,0.588958162,0.5985043,0.609337918,0.6825143,0.6292878,0.65792125
-0.394265101,-0.84598847,0.60189223,0.626854933,0.6886497,0.6331448,0.66085476
-0.217463559,-0.056256912,0.6142968,0.694575539,0.7026497,0.64362925,0.6734148
0.340364069,-0.989214471,0.5954929,0.609603477,0.6817182,0.6271054,0.65554047
-0.343562152,0.272538325,0.61392856,0.682367806,0.7022426,0.64324,0.6729275
0.167431568,0.771273673,0.5991249,0.646611582,0.6816528,0.62836534,0.656761
0.974777569,-0.585104523,0.5950449,0.594690143,0.679739,0.6260622,0.65428436
-0.315107921,0.335676355,0.61390436,0.680692986,0.70187837,0.6433931,0.6727072
0.363476146,0.526511884,0.61162686,0.664105897,0.69937897,0.6412201,0.67053115
-0.873869036,0.710477481,0.60356593,0.596485338,0.68659055,0.63305,0.661463
0.467379499,0.107683123,0.6123355,0.679157407,0.7002476,0.64186305,0.67108333
0.567743491,-0.023404721,0.607409,0.671321241,0.69396734,0.6372084,0.6668761
0.708850381,0.529342826,0.608713,0.63382554,0.69493103,0.63846964,0.66736984
0.457642709,0.695724901,0.6051153,0.640932457,0.69191355,0.6354479,0.6644495
-0.528160869,-0.047076706,0.6141212,0.674830511,0.7022331,0.64346534,0.67301404
0.045315459,-0.646911802,0.60326475,0.663175249,0.6913498,0.63425606,0.6633889
-0.099274958,-0.896059866,0.6036125,0.63144477,0.6929265,0.63548636,0.66449505
-0.375549418,0.474977116,0.6130837,0.667659125,0.70124084,0.6426039,0.6723082
0.306534562,-0.718661214,0.61003983,0.647619386,0.6984149,0.6406282,0.66995573
0.390777134,-0.70788889,0.6029052,0.64411749,0.68892527,0.6328844,0.66209954
0.390947659,-0.72576038,0.6116278,0.642047189,0.6997402,0.6410996,0.670659
0.837106191,0.603428906,0.5986515,0.61185705,0.6822891,0.62896883,0.6566244
0.276382153,-0.964263435,0.5974047,0.616361687,0.6839954,0.6293181,0.6576712
0.847464108,-0.019981749,0.6109814,0.638922711,0.698148,0.64061415,0.6702117
0.068832745,-0.499862998,0.6046452,0.677075446,0.693492,0.6361308,0.66545075
0.25713149,-0.8024312,0.60642624,0.639608503,0.69415885,0.63659036,0.6658595
-0.667729309,0.474389675,0.61145407,0.642742598,0.69896674,0.6412308,0.6708795
-0.385901157,-0.843244919,0.60513234,0.627729987,0.69300026,0.6359482,0.664799
-0.77841881,0.809167864,0.6014935,0.597062483,0.6834042,0.6311734,0.6592876
0.804583114,0.872106873,0.6039297,0.586174356,0.68769884,0.6328711,0.6617624
0.623938472,-0.837684556,0.5988945,0.609860962,0.68708855,0.63080794,0.66007
0.960977429,-0.056618894,0.6012249,0.62251792,0.68630034,0.63178736,0.66056114
-0.164061233,-0.95610999,0.60153383,0.62140002,0.689806,0.63334525,0.662422
-0.866634605,-0.191700891,0.6100932,0.633419065,0.6976254,0.63996494,0.669023
0.261431239,-0.873332327,0.60250854,0.630003814,0.68933237,0.6330714,0.6619029
0.888815385,0.744654363,0.5983675,0.59083983,0.6806881,0.627999,0.65664846
0.686285871,0.921579933,0.5993894,0.5926302,0.6828029,0.629306,0.6586111
-0.802604879,-0.075651182,0.6101315,0.644432843,0.69747514,0.64000076,0.6692993
-0.384607289,0.952408002,0.6077745,0.612612352,0.69218785,0.636763,0.66595984
0.806627941,0.081923166,0.608182,0.643832001,0.69452125,0.6379356,0.66680723
-0.038747186,0.126218388,0.6143124,0.69744857,0.7025394,0.6437242,0.6733254
-0.426591852,-0.37346569,0.61082804,0.671440682,0.6991088,0.6406918,0.67032063
-0.757283583,0.247574659,0.61034954,0.645652462,0.6983305,0.6399943,0.6696372
0.272428045,-0.760096423,0.6004013,0.644266447,0.68743885,0.6312054,0.6605583
-0.414591103,0.447050967,0.6138977,0.667233651,0.70189154,0.643298,0.6724651
-0.567116,-0.815608715,0.6022126,0.617854543,0.6904205,0.6340257,0.6633494
0.11895651,-0.151501549,0.61437273,0.695735742,0.7025053,0.6436522,0.6733121
0.495011461,0.4739629,0.6070406,0.659115103,0.6942401,0.63673663,0.666423
-0.221662378,-0.300577179,0.61235875,0.686889011,0.7006959,0.642304,0.67180866
-0.862904556,-0.547290959,0.6002512,0.613445466,0.6868985,0.63135475,0.66057426
0.255584811,-0.214387345,0.6145569,0.689314164,0.7027822,0.64381635,0.673452
0.245812696,0.304405879,0.6105594,0.68572178,0.6982339,0.64022005,0.66928774
0.509150551,-0.769390824,0.6084132,0.628419705,0.69602495,0.6383985,0.66793597
0.157554536,0.362465923,0.6123433,0.685454558,0.69937193,0.6417656,0.6709186
0.849919896,0.147157007,0.6042256,0.636895411,0.690718,0.6340314,0.66351414
0.024252241,-0.756688176,0.6073993,0.650643702,0.6954459,0.63797843,0.6673429
-0.366561182,0.646654453,0.6126678,0.652324211,0.7006497,0.6421875,0.6714395
0.768743765,0.940431221,0.59840536,0.581252697,0.67939377,0.6277015,0.65649015
0.571744526,0.331187695,0.60830903,0.661847848,0.69582474,0.6383454,0.66794187
0.277915182,0.217601212,0.61315626,0.688168993,0.7003741,0.642351,0.67157596
-0.396705334,0.859667261,0.60636914,0.624878646,0.6909032,0.63642126,0.66481423
0.758922801,0.740866988,0.5963615,0.607287224,0.68058383,0.6267486,0.655124
0.832741882,-0.546320758,0.6108129,0.617461768,0.69780487,0.6401098,0.66937846
-0.702240672,0.534522757,0.60447943,0.634127959,0.6912212,0.6343146,0.6636196
-0.079643384,0.772263957,0.6054439,0.648243238,0.68922764,0.63527054,0.663657
-0.58200951,-0.47165102,0.60923725,0.651618397,0.69778967,0.63940287,0.6690392
-0.481710347,0.564479921,0.60690373,0.652474804,0.69306177,0.63702255,0.6659888
0.441018432,0.140057902,0.6140094,0.680510768,0.7021112,0.64372396,0.67293155
0.388356642,0.910865444,0.6009924,0.618344495,0.68322885,0.6305188,0.65925545
0.147233427,0.242064912,0.61436117,0.691991513,0.702284,0.64364684,0.67312026
0.502436682,0.225339326,0.613952,0.672973044,0.70158774,0.6432369,0.6725344
-0.397902339,0.350845623,0.61432856,0.674809524,0.70254296,0.6438559,0.6733084
-0.092334406,0.406802515,0.61013377,0.683930352,0.6966944,0.6394873,0.6687043
-0.402562238,-0.446464095,0.60723263,0.668097761,0.6954722,0.6379569,0.6674249
-0.33910597,-0.072717011,0.61392206,0.688539544,0.7022191,0.64320475,0.6729462
0.771786593,0.349542592,0.60666955,0.63898342,0.6925415,0.63649523,0.66487414
-0.733470644,0.825244371,0.6024199,0.600181372,0.6867762,0.6323477,0.6608318
0.821666043,-0.905722673,0.59546834,0.5797948,0.6794435,0.62552583,0.6545384
-0.181412709,0.171431394,0.61000127,0.693547976,0.6973679,0.63991135,0.6695472
-0.428611167,-0.269315212,0.6141956,0.676936892,0.702499,0.64356023,0.67323786
0.779002949,-0.143442014,0.61295706,0.646245963,0.7012452,0.6426391,0.67226696
-0.846620022,0.045131126,0.6109804,0.638906131,0.69921887,0.6405403,0.67007834
0.801755312,0.981268072,0.5955637,0.571860742,0.67408216,0.6245035,0.6520024
-0.271276322,0.963603587,0.6000675,0.616675214,0.68131924,0.63025457,0.6578514
-0.930695378,0.022997526,0.6095954,0.627201263,0.69770247,0.63968945,0.6693284
-0.894222828,0.841103666,0.6008864,0.578953173,0.6826242,0.6310926,0.6585363
-0.319272118,-0.463167915,0.6060252,0.671860298,0.6952851,0.6370165,0.6666543
0.264435701,-0.72844377,0.60058165,0.648419756,0.6875255,0.63218653,0.6605246
-0.427966335,-0.538726393,0.6078285,0.658809992,0.6971647,0.6387211,0.66879714
0.926145477,0.319145907,0.59894955,0.619961813,0.68294376,0.62926805,0.65790683
-0.522193294,-0.421159603,0.6060575,0.66073323,0.69448286,0.637124,0.6662623
-0.080268967,-0.684120228,0.6039802,0.658720871,0.6915028,0.63435185,0.6633372
0.665211849,0.174368506,0.60397196,0.658848709,0.6903298,0.6345204,0.663762
0.447798446,-0.549717213,0.60979354,0.656398958,0.6975836,0.63943744,0.6692619
0.055917397,0.659209157,0.60744756,0.661756323,0.6934898,0.6370964,0.6664134
-0.636042506,-0.235881528,0.6133652,0.659897195,0.70154274,0.64308685,0.67251986
0.429547732,-0.478699484,0.6124062,0.66374615,0.7001095,0.6416993,0.6711616
0.975960925,0.550896713,0.6010403,0.597413477,0.68427527,0.6305372,0.6589631
-0.69501951,0.027216134,0.61389,0.657953148,0.70229715,0.6432937,0.6732091
0.062118581,0.727310035,0.60898197,0.65393176,0.69524497,0.638362,0.6678954
0.004432873,-0.868122675,0.60201645,0.636128604,0.689007,0.6328308,0.6615657
-0.088191745,-0.934314623,0.60349894,0.626104712,0.69068277,0.63410914,0.66268396
0.221395293,0.401486174,0.6116363,0.680843146,0.6995023,0.64171124,0.67052996
0.694795989,-0.328599277,0.606556,0.649217609,0.692878,0.6361673,0.6655536
0.333292815,-0.097557544,0.6127705,0.688511921,0.7009151,0.6424323,0.6720089
-0.413439729,-0.820105532,0.6037907,0.629024145,0.6917388,0.6351923,0.66410756
-0.821450062,0.326597684,0.61399317,0.633922716,0.70201844,0.6432708,0.67287165
-0.211857243,-0.953432848,0.59962153,0.620402287,0.68786544,0.63241595,0.66145134
-0.322868948,0.702298818,0.61086756,0.648670141,0.6963149,0.63995713,0.66827565
0.226802716,-0.320318082,0.61364776,0.685639813,0.70139146,0.6428961,0.6724616
0.418308811,0.378526106,0.6137951,0.67170872,0.70127046,0.6431224,0.6723397
0.595782184,-0.660304519,0.6049005,0.633169412,0.6921522,0.6355997,0.66460013
0.202399948,-0.85031767,0.6022919,0.635306204,0.6883746,0.63263714,0.6607931
0.760525123,0.609777155,0.6026578,0.620688595,0.68666995,0.63213456,0.6600051
0.488180487,0.461509356,0.60918176,0.660630013,0.6967391,0.639154,0.6681975
-0.128480046,0.025794546,0.6142728,0.697471232,0.70253253,0.6436245,0.67327946
-0.070560419,0.378179553,0.6127537,0.686158061,0.7003888,0.6423047,0.671574
-0.11113123,0.353121067,0.61171156,0.687098219,0.6986091,0.64125663,0.67071086
-0.456532358,0.068588493,0.6143018,0.680594756,0.70257866,0.643757,0.6733682
-0.690428944,-0.843970697,0.5989337,0.602438446,0.68588305,0.6309011,0.65844345
0.912953873,-0.961946422,0.60283625,0.561018913,0.68962055,0.6329808,0.66171145
-0.508966687,-0.104854143,0.6107967,0.675769907,0.69873613,0.6400662,0.6698388
0.331128011,-0.939910719,0.60265404,0.617372821,0.6905293,0.6343748,0.66317433
0.466686844,-0.939410675,0.5974806,0.60915436,0.68488055,0.63000935,0.65823364
0.521668885,-0.89660434,0.5931093,0.611003757,0.67888194,0.6256849,0.6535684
-0.880530062,0.984456569,0.60118544,0.562025284,0.6831832,0.63097966,0.660058
0.499304661,-0.718659588,0.607548,0.635165589,0.69460225,0.6375937,0.6670629
-0.583131099,0.209027664,0.6129347,0.666234042,0.7009419,0.6426947,0.67232966
-0.130260605,0.131335796,0.61426103,0.695986814,0.7025377,0.64357287,0.67323613
0.545099337,0.579562835,0.60985655,0.645793332,0.69688004,0.63956046,0.6682261
-0.487249087,0.786152696,0.6013563,0.628085851,0.68376404,0.6314599,0.6590558
0.80668681,-0.295737395,0.60785025,0.637358507,0.69447005,0.63782334,0.6670561
-0.515767964,0.424424699,0.6074389,0.661056104,0.6953236,0.6375573,0.6667505
0.120961394,-0.033867649,0.61420524,0.69759276,0.7024404,0.6435254,0.67325795
0.303393323,0.410451756,0.61354333,0.676574833,0.70096654,0.6429561,0.6719093
-0.265327108,-0.942164147,0.6042869,0.620080222,0.69319487,0.6354514,0.6650191
-0.237084079,-0.82883859,0.6027194,0.636962029,0.6914894,0.6346354,0.6638721
0.462561578,-0.824191306,0.60964006,0.625124615,0.69807345,0.63953716,0.66911566
0.604758622,0.170259302,0.60821533,0.6653197,0.69546515,0.6377296,0.6673421
0.682197609,-0.169632435,0.60302526,0.657100343,0.6885197,0.6330842,0.66213536
-0.16851543,0.06544137,0.6143355,0.696120534,0.70254123,0.64370054,0.6732924
-0.305268146,-0.846633965,0.6037117,0.6316659,0.69127935,0.63456357,0.6629772
-0.776464173,-0.776141153,0.6007329,0.601211248,0.6888571,0.6331278,0.6617787
0.925659562,0.785307615,0.598013,0.581385251,0.6796134,0.6273691,0.65476644
0.220145531,0.555384195,0.6023375,0.668471239,0.68589807,0.6319701,0.6607711
-0.282778538,0.928131711,0.59609234,0.621374405,0.6759822,0.62542444,0.65298134
0.194899424,0.11408931,0.6115277,0.694528057,0.698799,0.64104056,0.6702842
0.350696168,-0.15737256,0.6141926,0.686179042,0.7024043,0.6434227,0.67322546
0.673761126,0.468904282,0.603274,0.642508258,0.6891362,0.6325079,0.66170186
0.190433629,0.41787465,0.6112488,0.680785518,0.69931704,0.64105254,0.67052835
0.429535583,0.402365187,0.6102076,0.669350614,0.6974028,0.6398654,0.6688978
0.383349763,0.114008327,0.61407495,0.68513333,0.70233893,0.6433607,0.6729519
0.442001293,-0.121242135,0.61158895,0.680855251,0.6994022,0.641167,0.6707595
-0.366183025,0.279979597,0.6119112,0.680649852,0.70006543,0.6414016,0.670833
-0.457963149,0.867862385,0.60053337,0.619704907,0.6804114,0.6304152,0.6569772
0.412315697,-0.611847797,0.6039889,0.652990502,0.6900991,0.6341717,0.66288275
0.476985984,0.724349372,0.60324115,0.636244628,0.6884266,0.63284284,0.6613691
0.237949619,-0.430647546,0.6096756,0.678136207,0.69715786,0.63925856,0.66865486
0.784713887,-0.993841476,0.59556645,0.572018157,0.6805646,0.626385,0.6546487
0.321888887,0.216168938,0.6120038,0.685957139,0.70038944,0.64167106,0.67160267
0.267662573,-0.46228236,0.6086526,0.674478163,0.6960426,0.6384151,0.6677325
0.333118157,-0.901797681,0.6030124,0.622710662,0.68923014,0.6330013,0.6623332
-0.687482757,-0.142180924,0.61214054,0.657208838,0.7004424,0.6420768,0.6719253
-0.973397964,0.396460597,0.6051742,0.608819754,0.6903713,0.63527876,0.6640582
0.213942981,-0.396081398,0.612154,0.681486417,0.6998817,0.6417209,0.671042
0.221473865,0.407792098,0.61137366,0.680406011,0.698508,0.6409077,0.67023903
-0.217436281,0.212145033,0.6100326,0.690953358,0.69668365,0.63954383,0.6690494
0.324732118,0.135279558,0.6133416,0.688240878,0.701213,0.6427356,0.6720966
-0.717125696,-0.116897582,0.61061746,0.654332767,0.699149,0.640654,0.6704351
-0.510685431,-0.813450605,0.600207,0.622843412,0.6887001,0.63286835,0.66127104
0.348886447,0.259724777,0.61105025,0.682635123,0.6978895,0.6402818,0.66919255
0.872144817,0.325351361,0.6035907,0.627219505,0.68980575,0.6337583,0.66253513
0.867687108,0.004148786,0.6043968,0.63618892,0.69023615,0.6344859,0.66300875
0.854580282,-0.313734111,0.6058303,0.63018647,0.69177365,0.63524765,0.6643434
0.688987823,0.650654321,0.6036868,0.624749595,0.6887261,0.6341073,0.662354
0.891486007,0.228668701,0.60167557,0.628746556,0.686725,0.63167465,0.6606301
-0.224836726,-0.012134398,0.61435187,0.694554393,0.70251733,0.64365816,0.6733047
0.302972998,-0.536445138,0.6054495,0.666581276,0.69279075,0.63575107,0.6648337
0.542605241,-0.193040128,0.6130747,0.670582818,0.70092314,0.6425043,0.6719463
-0.53709638,-0.492582782,0.61166334,0.654073048,0.7003525,0.6415692,0.6710485
-0.716269351,0.604653898,0.6045316,0.62626701,0.68919086,0.6349756,0.6640375
0.188274403,0.170451439,0.6140516,0.693357134,0.70220345,0.64353794,0.672957
-0.734809473,-0.491569054,0.60874933,0.633911714,0.69692117,0.6390231,0.66856116
0.988322985,0.952056497,0.5948989,0.552364742,0.6716696,0.62365365,0.6500351
-0.672915155,-0.136826659,0.6140449,0.658961945,0.7024389,0.643534,0.6732948
0.512110365,-0.70296892,0.6039118,0.635908724,0.69136924,0.6340079,0.6639734
0.116110034,-0.821499691,0.6089509,0.641343323,0.69678146,0.6390854,0.6684632
0.276474509,0.136492591,0.6141951,0.69071292,0.70248437,0.6435621,0.67321414
-0.452911109,-0.699112277,0.6034478,0.640899093,0.6907462,0.63538694,0.66338944
0.092575514,0.519438636,0.61125064,0.675065342,0.6985284,0.6406656,0.66998595
-0.976063347,0.454703786,0.60665995,0.604665813,0.6920604,0.63608116,0.6658279
-0.91034329,-0.311344675,0.61366814,0.622597522,0.70207435,0.6430296,0.6728448
0.567128762,0.654451848,0.60015064,0.636424025,0.6829386,0.6293122,0.65783864
0.730811344,0.621322968,0.60336363,0.623028272,0.6872897,0.6325236,0.66115534
-0.76916343,0.015327119,0.6128679,0.649126048,0.70114094,0.6424047,0.6720093
-0.993668534,0.731854718,0.60129786,0.577803744,0.6820089,0.6306311,0.65893275
0.376656316,0.483977978,0.6065505,0.666869748,0.69305515,0.63657844,0.6656161
0.491302981,-0.0029409,0.61343217,0.678194704,0.7012636,0.6427508,0.6723313
-0.535722227,0.745593869,0.60337484,0.629071085,0.6857832,0.63338065,0.66110075
-0.931316075,-0.210782516,0.61434084,0.623678784,0.70237696,0.64375687,0.67331
-0.658594807,-0.672669961,0.6061863,0.6256736,0.6946327,0.6367213,0.6662347
0.785344013,0.732801123,0.6026422,0.605096223,0.6873919,0.63235754,0.66122353
0.056296847,-0.113128583,0.6142674,0.697576303,0.7026878,0.6437366,0.6734107
0.460176454,0.242884242,0.60977226,0.675709627,0.69748724,0.6395045,0.66910714
0.289123674,-0.776058651,0.6114942,0.641542471,0.6989921,0.6412654,0.6705883
-0.760542639,-0.119410498,0.6136453,0.649058163,0.7016654,0.6431343,0.6726764
-0.273487153,0.716207702,0.603398,0.649458697,0.69054735,0.6335143,0.6622336
0.9405051,-0.143817395,0.60569555,0.624189288,0.6924087,0.63572407,0.6648583
-0.609020207,-0.385632634,0.608592,0.655013314,0.6962334,0.6390287,0.6684443
-0.089253091,-0.031853848,0.6139514,0.698185782,0.70219284,0.64353985,0.6729774
-0.042354359,-0.835128698,0.60420895,0.640470844,0.69349676,0.6354735,0.66573286
0.678367159,-0.717015306,0.60348356,0.61882419,0.68988186,0.63440955,0.6629156
0.483077452,0.501428546,0.610119,0.657870779,0.6975647,0.6399973,0.6688322
0.060605855,0.643298706,0.60931337,0.663427476,0.69666123,0.639343,0.6682571
0.642037772,0.308971609,0.6133541,0.65599183,0.70160335,0.6427907,0.6724547
-0.329964883,-0.448031822,0.60956836,0.672435813,0.6978178,0.63990575,0.6691193
0.111915816,0.00382113,0.6141077,0.697875249,0.7022789,0.643417,0.67314154
0.947275601,0.520774012,0.6000357,0.603979798,0.6828926,0.6289373,0.6585792
-0.586729019,0.949766886,0.6042838,0.598136698,0.6879466,0.63457656,0.66277426
-0.357442712,0.851219357,0.604623,0.628329913,0.68965775,0.6343838,0.6635528
-0.367597003,0.700197208,0.6043416,0.64640896,0.6895268,0.6342345,0.6622898
0.138333044,0.970751794,0.59770614,0.619814937,0.6793783,0.62766606,0.6563793
0.197678289,0.642355018,0.6097249,0.660598171,0.6964239,0.63924444,0.6681005
0.853454634,-0.777253517,0.6019734,0.59172639,0.6887022,0.6331692,0.6613529
-0.665471475,-0.57879037,0.602422,0.634207702,0.69034654,0.63358444,0.6623947
0.821662454,-0.858298005,0.598881,0.585890111,0.6853284,0.63051486,0.6595526
0.918192085,-0.247206183,0.60285646,0.624270881,0.68908036,0.6329167,0.6626854
-0.56455008,0.801999525,0.60830307,0.619782014,0.6950341,0.63820374,0.66715765
0.392072531,0.566124313,0.60695297,0.658741126,0.6916085,0.6358621,0.6648814
0.194817461,0.703574157,0.60699075,0.653920984,0.6936157,0.63645536,0.66615766
0.51623147,-0.417024985,0.60571414,0.661531256,0.69201195,0.6356645,0.66474617
0.207725942,0.631586513,0.6081613,0.661395092,0.69437736,0.637898,0.66654986
-0.663432941,0.287138582,0.614028,0.654769883,0.7020903,0.64353156,0.67304474
0.332913663,0.777628217,0.60018206,0.639166948,0.68003136,0.6287185,0.6568265
0.67133195,-0.16811514,0.61217976,0.658351622,0.7001077,0.64175737,0.67119116
-0.046888547,-0.498916045,0.6139756,0.677370479,0.70237386,0.6434256,0.6730844
-0.866215327,0.36560774,0.60491,0.625848343,0.6909519,0.6348875,0.6642709
0.720609995,0.383270114,0.605663,0.643122993,0.69123715,0.63485765,0.66415304
-0.098388224,0.780256565,0.602266,0.646968599,0.6850702,0.63234794,0.6605947
0.764802374,-0.74192273,0.5978956,0.60648884,0.6842624,0.62949026,0.6579443
-0.026471857,-0.830643935,0.6041571,0.641156813,0.6912765,0.63507456,0.6639762
0.178948682,-0.180307795,0.6135163,0.693354309,0.7016736,0.6430096,0.6726649
0.030502502,-0.030532159,0.61455476,0.698807284,0.70265037,0.6438111,0.67349637
0.552549881,-0.075737828,0.60553,0.672314933,0.6920978,0.6352365,0.6648816
0.344083173,0.993851688,0.5975171,0.60870943,0.6772701,0.6268989,0.6545352
-0.492587113,-0.339666401,0.60947794,0.668379358,0.69809204,0.6398651,0.66936165
0.505155923,0.250664295,0.6116853,0.671729643,0.6990335,0.6411688,0.67039675
0.604886054,-0.349849727,0.60827106,0.657584046,0.69517785,0.63806736,0.6673065
0.846980683,-0.91323453,0.5997009,0.57575725,0.68688,0.63043463,0.6594563
0.980599505,0.951674525,0.59588397,0.553466018,0.6788067,0.6268795,0.65473527
0.537702588,0.203858406,0.60340303,0.670666865,0.69008476,0.6335387,0.66357505
-0.16124092,0.850453314,0.6084539,0.636477549,0.6950478,0.637997,0.66710573
0.918778494,-0.40184735,0.60457826,0.616404514,0.69188833,0.6348751,0.66459274
0.467536823,-0.488452284,0.6063178,0.660145846,0.6939677,0.6369286,0.6661484
-0.101676757,0.298499421,0.6143727,0.690335575,0.7024635,0.6436499,0.6733152
-0.380468061,0.861011957,0.60257196,0.625684116,0.68646705,0.6325525,0.6607257
-0.963882718,0.613511769,0.6065612,0.593729902,0.6925133,0.6363154,0.66520554
0.818071859,-0.053618764,0.6086233,0.642645507,0.6956624,0.63788193,0.6677547
0.785036038,-0.985989471,0.6084376,0.573094559,0.69581395,0.63811046,0.6680069
-0.208978582,-0.017677447,0.61464024,0.695137565,0.70274836,0.6438854,0.673551
0.408974562,-0.803962374,0.6043813,0.631378717,0.6926886,0.6355188,0.6650008
0.838650349,0.149040534,0.6110725,0.638367664,0.6981365,0.6406055,0.66942066
-0.080515343,0.813088277,0.60463923,0.643008807,0.6897186,0.63414735,0.66222864
0.834308744,0.180484546,0.6061664,0.638120483,0.6922021,0.6360034,0.66451347
0.635019618,-0.419987726,0.60806227,0.650117346,0.6954607,0.6380605,0.6674977
0.685594679,-0.995660356,0.5977324,0.582270652,0.68340415,0.62856025,0.65781385
0.030347512,0.353390047,0.6101393,0.688064196,0.6958313,0.6394604,0.6682236
-0.110930318,-0.601797077,0.6090644,0.667006421,0.697633,0.6391658,0.66883105
-0.286599329,0.974533129,0.60386854,0.614387649,0.6862136,0.6336521,0.6622992
-0.997049379,-0.242364242,0.60134536,0.612777464,0.6890156,0.63353837,0.6625948
-0.674557301,-0.760050826,0.60715467,0.614322312,0.69526196,0.637814,0.66693217
0.331072429,-0.25579972,0.61320186,0.683842428,0.70045733,0.64239633,0.6719408
-0.919841992,0.6741204,0.60415584,0.594095083,0.6909084,0.63446605,0.6639746
0.095186372,0.178295309,0.614274,0.695410015,0.7025284,0.6436797,0.6732428
0.028962247,-0.573446318,0.6137141,0.670750941,0.7018431,0.64313495,0.6726959
0.953322058,-0.223562688,0.61222726,0.620023528,0.6993317,0.641541,0.6708324
0.188061988,0.440040205,0.61369467,0.679245411,0.7017308,0.6431787,0.67249453
0.706452076,0.557870789,0.606869,0.631640899,0.69216156,0.6364681,0.6649752
-0.800718886,0.85854517,0.6014643,0.588352649,0.68332386,0.631967,0.659957
0.671431759,-0.463687129,0.6040596,0.643151,0.6900193,0.6342203,0.6629283
-0.746020732,-0.960195307,0.59896386,0.581024302,0.6855566,0.6305619,0.658337
-0.298646003,0.702194626,0.6022033,0.649903888,0.68466973,0.6319822,0.66035944
0.61035093,0.906194245,0.60757226,0.602081787,0.69232905,0.6366798,0.6655536
0.528767757,-0.534026207,0.6110136,0.651326083,0.6996179,0.6411161,0.67103165
0.14459738,-0.25498677,0.61149555,0.69150266,0.69934076,0.64113593,0.67077905
-0.358923986,-0.231317495,0.61418647,0.68321941,0.70257884,0.6437692,0.673306
-0.366188561,-0.400258344,0.61236894,0.673723796,0.7006743,0.6423332,0.6717264
-0.568605398,-0.994909101,0.5990377,0.593159481,0.68663996,0.631089,0.65978885
0.99304182,-0.428091363,0.60128665,0.603915052,0.6867544,0.6316993,0.6606566
-0.738692335,-0.625958788,0.60017014,0.621677508,0.6871402,0.6316361,0.6603384
0.605513874,-0.164614423,0.60968155,0.665400895,0.6973789,0.6395032,0.6688653
-0.140742209,0.879202088,0.60024047,0.633023309,0.682857,0.6299633,0.65792406
-0.20146565,-0.760654963,0.60932887,0.646911682,0.6982583,0.6399484,0.6695804
0.47862782,0.932307992,0.6041665,0.609307144,0.68993145,0.63389486,0.66235584
0.239964699,0.842381603,0.6013109,0.635053407,0.6811795,0.6303545,0.658054
-0.180565721,-0.498129042,0.60806763,0.674867087,0.696663,0.63852125,0.66808546
0.419964909,0.593220183,0.6020487,0.654304435,0.68489194,0.63103443,0.6604558
0.433661477,0.659627307,0.6007945,0.646589432,0.6816553,0.6292587,0.6582777
0.031413482,0.341687849,0.6139781,0.688758468,0.70194894,0.64346164,0.67289984
0.18921152,0.197498149,0.6140836,0.692464528,0.70170194,0.6430643,0.67256945
0.145232775,0.10362436,0.61446106,0.696194453,0.7026114,0.6437155,0.6734195
-0.483103721,-0.893432242,0.60168636,0.614406359,0.6879225,0.6330037,0.660555
-0.548909056,-0.090363386,0.61377585,0.672447803,0.7021859,0.6432562,0.6730752
0.448332247,-0.750678121,0.6048344,0.635265422,0.69219464,0.6353458,0.6644107
0.600576548,0.571159984,0.6044211,0.641457762,0.68959147,0.6338095,0.6622277
-0.982109776,-0.225262898,0.6078537,0.615661596,0.6959942,0.6386796,0.6675981
-0.149013763,0.10170935,0.6143107,0.696131857,0.70249254,0.643739,0.67321813
-0.982649825,-0.477294238,0.60155344,0.602104802,0.6889182,0.63281953,0.66117024
-0.166127014,0.003703968,0.61425066,0.696561676,0.7025879,0.6435636,0.6732672
0.781067621,-0.657514271,0.5979314,0.613578907,0.6830821,0.6289656,0.6572215
0.113322626,-0.346846299,0.613201,0.687433283,0.70121384,0.64251345,0.67210835
-0.927100605,-0.682729456,0.6044677,0.59223496,0.6919721,0.6349372,0.6633524
0.826987932,0.926642863,0.6003431,0.576390755,0.6852866,0.6306168,0.658733
0.772357656,-0.107649727,0.6140215,0.647806621,0.702325,0.6436005,0.6731754
-0.807553807,-0.553999327,0.60090595,0.620003751,0.68840194,0.63262075,0.6613813
-0.956817302,-0.863201127,0.5974083,0.56794858,0.68231124,0.63047886,0.657425
-0.233118571,0.229030655,0.61420196,0.689700824,0.7022937,0.6436095,0.67311615
-0.266728797,-0.901733132,0.6001636,0.625827308,0.6883472,0.6325718,0.6611622
-0.789389941,0.024320412,0.6085786,0.646544374,0.6962883,0.63866013,0.66804636
-0.171277574,0.741154233,0.6110932,0.650198128,0.69692546,0.6409317,0.6693715
0.41669127,0.702250705,0.6091605,0.643073722,0.695632,0.6389545,0.6678934
0.363499297,0.079689459,0.61428493,0.686974766,0.7022293,0.64364403,0.6730445
0.885177238,-0.044092534,0.6086484,0.633602932,0.6957229,0.6388243,0.66754556
-0.574329309,0.903219885,0.5993997,0.605709374,0.6827881,0.62919456,0.6576961
-0.376603613,0.052142187,0.6143414,0.686453984,0.70251364,0.6437227,0.6733636
0.040111258,-0.186196796,0.61428493,0.695807512,0.702465,0.64357847,0.67323303
-0.793986397,0.66983568,0.60507315,0.610770362,0.68995726,0.63484544,0.6633327
-0.275617247,0.307112652,0.6141078,0.684249384,0.70245135,0.64335436,0.673263
0.311829595,0.350658145,0.61392903,0.67999332,0.70203257,0.64337283,0.6728187
-0.159799632,-0.750424471,0.60031664,0.64938368,0.6871798,0.6315605,0.6601035
0.073722438,0.215980956,0.61365616,0.694434248,0.70162106,0.6428157,0.67249113
-0.470522363,-0.776731828,0.6020314,0.630504237,0.69010603,0.63428,0.66255224
-0.427093476,0.839504602,0.6008436,0.625599711,0.68141115,0.6304799,0.6579316
0.846251663,-0.423261051,0.61029685,0.624965442,0.6976756,0.64008147,0.6694525
-0.340442266,0.948246733,0.60475254,0.615677772,0.6889814,0.6341226,0.6623458
-0.656160934,0.550712622,0.6072954,0.63770697,0.69322103,0.6366796,0.6663271
-0.189259607,-0.640056766,0.61063844,0.661110731,0.6990482,0.6408044,0.6701991
-0.629298798,-0.450633027,0.60963374,0.648538871,0.6977742,0.63964474,0.6697969
-0.408558099,-0.72220703,0.601749,0.641330542,0.6895884,0.63340586,0.66212493
0.260407503,-0.074693431,0.61445373,0.692587049,0.70232224,0.64364886,0.6731951
-0.982224171,-0.66806041,0.601011,0.585943987,0.68742776,0.63280463,0.6608872
0.082039357,0.189208465,0.6142999,0.695263939,0.7026619,0.64366686,0.67334974
0.889654463,0.799436159,0.60459226,0.58451645,0.6909223,0.6350926,0.66388464
-0.245953605,-0.852525055,0.60149777,0.633459654,0.6894599,0.6339219,0.662783
-0.340299175,0.093934187,0.6145663,0.68816555,0.70277387,0.64391047,0.6735498
0.687934312,0.659760347,0.5983797,0.623931547,0.6826712,0.628613,0.65712076
-0.196867264,0.846359045,0.6015848,0.636015405,0.68595064,0.63189787,0.6603005
-0.839509889,0.869891132,0.6049237,0.582262804,0.689688,0.63543814,0.66361135
-0.638312553,0.964473603,0.59936285,0.591346002,0.67874587,0.62952167,0.6573363
-0.394191907,0.181971659,0.61376184,0.682692959,0.7019752,0.64333,0.67282844
-0.384319944,0.820061255,0.6024682,0.630859102,0.6864939,0.63298965,0.660857
0.824212966,0.477767634,0.6024363,0.624005519,0.6867674,0.6323302,0.66056395
-0.32647997,0.862831134,0.60736215,0.6284299,0.69215524,0.63692075,0.6652464
-0.331789939,-0.883766298,0.5996601,0.625290849,0.6863935,0.6310373,0.6597434
0.413197057,-0.553216667,0.61082786,0.658530125,0.69917303,0.6411341,0.67062265
-0.518845421,-0.582137385,0.60159653,0.647809885,0.6887673,0.63341695,0.6617555
-0.699155943,0.617497262,0.60489875,0.626934827,0.6916938,0.63495475,0.6642727
-0.11553266,-0.764486806,0.605158,0.648644204,0.6939338,0.63684416,0.66636795
0.328245136,0.808740399,0.5977142,0.635480936,0.68140143,0.62775606,0.6562723
-0.597193461,-0.800673361,0.6053203,0.617014853,0.69274956,0.6359672,0.66496384
-0.968304427,-0.299136227,0.6089555,0.614753169,0.69634134,0.6385497,0.66788715
0.625994189,0.183228826,0.6115194,0.662769746,0.69906723,0.64127284,0.6706928
0.845055194,-0.280293286,0.600158,0.633032968,0.68586,0.63086545,0.66010994
0.387778111,-0.417844506,0.6104409,0.671146264,0.6982566,0.64038277,0.6702677
-0.613139744,0.571580522,0.6071061,0.640197837,0.6937711,0.6363645,0.6656938
0.334453107,-0.252923834,0.61409885,0.683775167,0.70235413,0.64342374,0.67312324
0.542043533,0.703815835,0.6004171,0.633311143,0.6832457,0.63005465,0.6588058
-0.937176841,0.885259623,0.59978,0.567851363,0.68343234,0.6301479,0.65807426
0.043088345,0.217837109,0.6144736,0.694675012,0.7026693,0.6437938,0.6733988
0.172769903,0.41909032,0.614234,0.681245038,0.70216775,0.6436468,0.67294383
-0.977114207,-0.157158874,0.6126758,0.618425322,0.7008097,0.6422214,0.6719511
-0.71092446,0.061868281,0.6092155,0.655863488,0.697326,0.6393789,0.66941893
-0.101564875,0.601774075,0.6076577,0.667174677,0.69328374,0.63701934,0.66607887
0.645289652,-0.269316599,0.60957587,0.657530768,0.6969065,0.6389849,0.668172
-0.257318521,0.946798279,0.59948075,0.619726253,0.6777671,0.6283533,0.65577275
-0.704309768,0.528293573,0.6101939,0.634422119,0.6976388,0.6397728,0.6692986
0.389161282,0.305616544,0.61176604,0.677901388,0.6995991,0.6415316,0.6704118
-0.83928869,-0.008441841,0.6139525,0.640051238,0.7023327,0.6434648,0.6731038
-0.082995873,-0.087800437,0.6139891,0.697695789,0.7023239,0.6433495,0.67318195
-0.485533406,0.157596331,0.6135444,0.676569663,0.701448,0.6434266,0.67264575
0.983323842,-0.505796501,0.59683883,0.599900222,0.67980474,0.6279441,0.6565026
0.26074743,-0.470758973,0.61150265,0.67411952,0.7002876,0.64175624,0.6713984
-0.007169329,0.997511486,0.60042655,0.617218293,0.68380773,0.630162,0.6587302
0.027917654,0.041391183,0.61411035,0.698752254,0.70242834,0.6434462,0.67311347
-0.636599693,0.226511707,0.6131646,0.660196151,0.70122457,0.6427638,0.6722124
-0.847521332,-0.745853847,0.60013413,0.596025847,0.6861453,0.6316947,0.6591168
0.566301375,-0.576094439,0.61346936,0.644216644,0.7015096,0.6428744,0.67251855
-0.907280614,0.890783447,0.60007197,0.57107821,0.679538,0.6301601,0.6580787
-0.944311299,-0.225668472,0.6094827,0.621276708,0.6974133,0.6397368,0.6693138
0.585510264,0.05502896,0.6135315,0.669396474,0.7011935,0.6428703,0.67225236
0.001952926,0.917629359,0.59944713,0.629138798,0.6841878,0.6296668,0.6586672
0.128468073,-0.31659986,0.6121517,0.688844385,0.7008599,0.64199644,0.6719347
0.663613405,0.031763412,0.6140647,0.661449653,0.70227784,0.6435267,0.67289174
-0.229759068,-0.964857646,0.60380137,0.618093902,0.6915185,0.63442254,0.663209
0.190998038,0.543919892,0.61085176,0.670528825,0.69758976,0.6402305,0.6691074
-0.023603833,-0.751587813,0.60293525,0.651272184,0.6906242,0.6340659,0.6631716
0.690711238,-0.082054,0.60839504,0.657951335,0.6951808,0.63820475,0.66714734
0.940553703,0.799117159,0.6071226,0.577786337,0.6934236,0.6362267,0.6656586
0.068138716,-0.043281013,0.6143538,0.698400914,0.7025532,0.64369607,0.6733306
0.238392208,-0.046259521,0.61460644,0.693836596,0.70267123,0.64387715,0.6734913
0.271823115,0.823594201,0.6007804,0.636244821,0.6844029,0.63068235,0.66014487
-0.082191294,0.714588163,0.60885286,0.655195636,0.69600093,0.6387152,0.6681409
0.268249015,0.394002189,0.61404526,0.67939889,0.7020872,0.6434739,0.6728713
0.125413859,0.184508654,0.61436707,0.694634855,0.7025786,0.6436741,0.673309
0.740800318,-0.517610442,0.60492414,0.631134895,0.6927512,0.63560206,0.66506666
-0.718998897,0.365376767,0.6129569,0.644387581,0.7009605,0.64248097,0.6720133
-0.250555573,-0.944271471,0.60021013,0.620362814,0.68848777,0.63105273,0.66040874
-0.146129862,0.824547873,0.600804,0.640310803,0.68514466,0.6305581,0.659291
0.831557327,-0.175051294,0.60529244,0.63864038,0.69229114,0.6349981,0.66495264
0.902378946,0.83521125,0.59799933,0.578607659,0.68127155,0.62884897,0.65661514
-0.958612659,-0.43288074,0.6055629,0.608695007,0.6948383,0.63683313,0.6674172
-0.768400287,-0.763520656,0.599891,0.603612527,0.6866122,0.63121074,0.65930307
0.024713355,0.671393049,0.60572416,0.660624373,0.6914138,0.63564414,0.66498643
0.166183709,-0.728773099,0.6023586,0.651819004,0.6898578,0.63288546,0.6619808
-0.830918213,0.564186849,0.6063247,0.616165961,0.6921363,0.63622004,0.6654939
-0.048145035,0.846009487,0.6018696,0.638966214,0.6855303,0.6320655,0.6605746
-0.99370921,0.234849021,0.6115701,0.613562002,0.6987917,0.64099824,0.67033875
-0.517643703,-0.23219399,0.6143343,0.671406118,0.70256716,0.6437645,0.6733372
0.379894082,-0.454104349,0.6133371,0.669005007,0.7017593,0.64290243,0.67254186
-0.483529484,0.162001676,0.61437935,0.676614824,0.70251185,0.6436292,0.673422
-0.680018915,0.507855508,0.6064936,0.638783101,0.6923285,0.6358893,0.6647911
-0.626927513,-0.329106812,0.61416274,0.656510806,0.70260364,0.643561,0.6733047
0.854092403,0.057521221,0.6020532,0.637790598,0.68498826,0.6313457,0.6593923
-0.329833343,0.520859527,0.6101324,0.666538061,0.6978216,0.63973755,0.66918546
-0.896641765,-0.720687076,0.6008574,0.592403677,0.68693674,0.6322873,0.6600636
0.524137309,-0.767731992,0.6010523,0.627404387,0.68783325,0.6319953,0.6608836
-0.614979242,-0.316223413,0.6099413,0.658413557,0.6983821,0.6403003,0.66957307
0.03305295,-0.986968337,0.5986812,0.618754109,0.6847449,0.63037497,0.6584048
0.631346166,0.91659409,0.59491706,0.598702606,0.67728835,0.6252631,0.65269077
0.179809754,-0.330459318,0.6121063,0.68671267,0.699627,0.64152473,0.67081803
0.997805718,-0.127534889,0.60137403,0.61592343,0.6874026,0.6322045,0.6610588
0.977499343,0.82675056,0.59870595,0.569483692,0.6817556,0.6286373,0.65694445
-0.651140326,-0.596123044,0.6033824,0.63408913,0.69112915,0.6346802,0.66313696
0.35044759,-0.698264272,0.6049375,0.647623504,0.693056,0.6353541,0.6649704
0.1997705,0.411300091,0.61442167,0.680939408,0.702604,0.64373285,0.6733394
-0.208055712,-0.754413861,0.60633725,0.647458305,0.69447947,0.63720423,0.6659642
0.297320456,0.425749351,0.61075723,0.675801966,0.6977481,0.64014655,0.66888416
-0.157859707,0.342299385,0.6141769,0.686665147,0.70250976,0.64355373,0.6733375
0.019633545,-0.537187229,0.60753816,0.674174096,0.6961338,0.6386842,0.66824687
0.5451002,0.82924221,0.6056521,0.618013759,0.6900813,0.6349701,0.66342115
-0.46924377,-0.947377823,0.59933275,0.607828957,0.6850311,0.6308306,0.65851897
0.597624774,-0.525807275,0.6052174,0.645744714,0.6911409,0.6352145,0.66441625
-0.758571263,-0.3717027,0.60813594,0.639322276,0.69541854,0.63814765,0.6672319
0.523208663,0.166740791,0.6067741,0.673113595,0.69360036,0.6362361,0.66623867
0.390568276,0.063525587,0.6141156,0.685422505,0.70226395,0.64340174,0.673146
