x0,x1,true_h,pre_35
1.618649448,1.672299642,4.963248732,0.50080013
0.756477838,1.199408832,3.155295501,0.44672915
0.354416597,1.208670483,2.771757562,0.43073526
-1.019338061,1.029965606,1.040593151,0.33268428
-0.251068366,0.324918313,0.39876826,0.32547927
1.602882099,0.902936983,3.408756065,0.45356208
-0.567066494,1.150683752,1.73430101,0.37118137
0.972246687,-1.039405769,-1.10656485,0.283982
0.800799726,-0.876788382,-0.952777038,0.27960193
-0.438004796,1.057473077,1.676941357,0.37204328
0.602218062,0.226724764,1.05566759,0.35949627
-1.049076066,0.603987564,0.158899062,0.31610426
-0.419764664,0.60634598,0.792927296,0.3433198
1.272488885,-1.126750797,-0.981012709,0.27937895
-1.716712282,-0.963828547,-3.644369376,0.21054782
1.715672806,-0.990305806,-0.264938806,0.3049181
-0.634477347,-0.836517428,-2.307512203,0.23726009
1.154640103,-0.378406249,0.397827605,0.32763833
-0.298914733,-1.364714923,-3.028344579,0.2205868
-1.394793516,1.560745435,1.726697354,0.37186706
1.114649837,-0.827005941,-0.539362045,0.29460698
0.36837051,1.423674935,3.21572038,0.43722084
-0.193949185,-0.394897903,-0.98374499,0.27573574
-1.382270758,0.453176005,-0.475918749,0.28429073
1.182403142,-1.40440032,-1.626397497,0.25922668
-0.353646874,0.097688958,-0.158268957,0.28993866
-1.624431139,0.291464405,-1.041502329,0.2748002
-1.572948949,0.484815582,-0.603317786,0.2838617
0.256147743,0.738053861,1.732255465,0.37831047
1.359504987,-1.666500474,-1.97349596,0.24482848
1.193473711,1.366357152,3.926188015,0.47027624
-0.296047456,-1.741111511,-3.778270478,0.21324244
1.34227316,-1.158015408,-0.973757655,0.28479713
-1.322002829,0.136142535,-1.049717758,0.2691479
0.184045237,0.386101684,0.956248604,0.35016745
1.482661267,-0.097387051,1.287887164,0.36374557
-1.536768411,0.016738242,-1.503291927,0.25934637
-0.106813142,-0.149554322,-0.405921787,0.29441094
-1.13926391,-0.581948752,-2.303161415,0.2367812
0.784302267,-1.652280832,-2.520259398,0.23655765
-0.466731876,1.701344724,2.935957571,0.4321232
1.375741385,0.780388495,2.936518376,0.44056258
0.567661753,-0.467938136,-0.36821452,0.3005518
-0.75678986,-1.594043056,-3.944875972,0.19949174
-1.652483123,1.60871287,1.564942616,0.3661542
-1.511634647,-0.743013272,-2.997661191,0.2174961
0.305387814,-0.292531301,-0.279674789,0.30189016
1.249234887,0.596395543,2.442025974,0.4211564
-0.47605304,-1.315559203,-3.107171446,0.21341057
-0.64160647,-0.250265123,-1.142136716,0.2636535
1.150843631,0.185316217,1.521476064,0.37221417
0.752189198,0.324911165,1.402011528,0.3661378
-1.201348105,-1.223395198,-3.6481385,0.21272671
-1.249354573,1.49669266,1.744030748,0.36339736
0.614264508,-0.81267871,-1.011092911,0.2709865
0.053679658,1.158323716,2.37032709,0.39454174
1.123037889,0.970248965,3.063535819,0.43416873
1.111768837,0.746021821,2.603812479,0.41645
-0.915484978,-0.882210868,-2.679906714,0.22763643
-0.177861538,-0.027361418,-0.232584374,0.29914087
-1.4027866,0.659630701,-0.083525197,0.29571614
-0.89461176,0.912266788,0.929921816,0.3455314
1.738915064,1.220058503,4.179032069,0.47969508
-0.412327288,1.546535149,2.680743011,0.41746128
0.036996948,-0.870001992,-1.703007036,0.25325036
0.750869909,0.448952081,1.648774072,0.38033256
1.573718747,-0.430631114,0.712456518,0.34415513
1.555749379,0.381882048,2.319513475,0.41018513
-0.764353286,0.186133299,-0.392086689,0.28808144
0.592906797,0.420842815,1.434592427,0.36672536
-0.289170162,0.383458978,0.477747793,0.31785345
-0.571392987,-0.87032563,-2.312044247,0.2294669
0.778609692,-0.391102482,-0.003595272,0.3017501
0.371313617,0.952399344,2.276112304,0.40761617
-1.352711193,-1.295906882,-3.944524957,0.20024326
-1.69689663,-1.413793795,-4.524484221,0.1936385
0.876883858,-1.336221077,-1.795558296,0.25677156
0.04690277,-1.14021323,-2.23352369,0.23897772
0.78110179,1.230248064,3.241597919,0.44517133
-1.001137426,-0.14509287,-1.291323167,0.26616102
0.856877805,1.019963567,2.896804938,0.4378639
-1.347912944,0.608112619,-0.131687705,0.3057229
1.630070382,0.057948134,1.74596665,0.3868314
1.011250164,-0.591345144,-0.171440124,0.30094454
-0.40137496,1.001673719,1.601972477,0.36904925
-1.143866458,0.281763067,-0.580340325,0.288537
-0.544207573,-0.154435156,-0.853077884,0.2767302
-1.489401218,-1.714198337,-4.917797893,0.18613006
-1.517533388,-1.129090985,-3.775715359,0.20336133
1.030524845,1.327600105,3.685725056,0.46248794
0.692728384,-1.606975863,-2.521223341,0.23726487
0.19037229,-0.409535775,-0.628699259,0.2805827
1.534246545,-1.023729285,-0.513212024,0.30409965
-0.150050968,-0.876571926,-1.903194821,0.24780622
0.300064757,1.663336966,3.626738689,0.45311826
-1.178500162,1.309012589,1.439525016,0.35610524
0.301775849,-1.073541293,-1.845306737,0.24879538
0.666675442,-0.583346349,-0.500017257,0.29082295
-1.286054548,1.593756047,1.901457546,0.3767059
-1.129456575,1.584696419,2.039936262,0.38253158
-0.858420059,0.149294151,-0.559831757,0.28517485
0.530437241,-0.901342422,-1.272247602,0.26699638
-0.72201428,-0.547690501,-1.817395283,0.2445894
0.187556201,-0.769698204,-1.351840208,0.26538023
-0.525861753,-1.68976699,-3.905395732,0.20152956
0.782266652,1.389645699,3.561558049,0.45040628
-0.094484676,0.293869556,0.493254436,0.32457733
-0.509104774,-1.472743946,-3.454592666,0.2122206
-1.236854078,-0.417809632,-2.072473342,0.24053754
-1.633474771,-0.904279117,-3.442033004,0.2118829
-1.013667054,1.507864748,2.002062443,0.3793412
-1.253005144,-0.326270215,-1.905545574,0.23750518
-0.835452567,0.012520275,-0.810412018,0.27829733
0.759106392,-0.763363655,-0.767620919,0.28818807
-0.91876137,-0.979997383,-2.878756136,0.2189031
1.01209702,1.47366296,3.95942294,0.47826418
0.462071108,-0.803404519,-1.14473793,0.27897832
-1.30137556,1.293785224,1.286194887,0.356518
-0.537715269,-1.013701325,-2.565117919,0.235992
0.298104159,-1.717333284,-3.13656241,0.22397378
1.462362324,-0.525738376,0.410885572,0.33612877
-0.932221265,1.407786975,1.883352686,0.3764338
1.520032078,1.249103315,4.018238708,0.482424
-0.719000107,0.954615728,1.19023135,0.35419703
0.319093605,-0.85938946,-1.399685316,0.26901048
0.350024794,-0.663798499,-0.977572203,0.28090703
1.304363695,-0.15352672,0.997310256,0.35382897
-1.165233695,-0.518553164,-2.202340022,0.23929188
-0.814526218,1.097513879,1.380501541,0.3635246
0.016097732,0.239070923,0.494239578,0.31454203
-1.585431026,0.144705431,-1.296020163,0.2643669
-0.841600185,-1.358046313,-3.557692811,0.20878835
0.421598243,1.497648098,3.416894438,0.44018757
-0.720769027,1.175584151,1.630399275,0.37633967
0.448249678,0.652264286,1.752778249,0.3741806
-1.654169213,-1.347260084,-4.348689381,0.19329463
-0.151496342,0.407501246,0.66350615,0.33796075
1.285218162,1.006006192,3.297230546,0.44679767
0.285014199,-0.994830291,-1.704646383,0.25477684
-1.091309525,-1.246401621,-3.584112768,0.20737155
-0.602631221,-1.43344735,-3.469525921,0.2046558
-0.153378431,0.071430085,-0.010518262,0.3179003
-1.290227491,0.446594778,-0.397037935,0.28559732
0.882868304,1.659175636,4.201219576,0.47503796
-0.455986983,1.535018756,2.614050529,0.4201272
-1.212994505,1.230342259,1.247690012,0.35201672
0.97363589,0.752637393,2.478910675,0.4174875
-0.302718746,0.126804057,-0.049110632,0.3104905
0.176753548,1.206066306,2.58888616,0.4160354
-0.754896164,-0.716817828,-2.188531821,0.23518494
1.339345939,-1.482048699,-1.624751458,0.2582906
0.548148054,0.301830507,1.151809068,0.36207607
0.636743317,0.819688215,2.276119747,0.40693745
0.929315708,-1.461297904,-1.993280099,0.25054476
1.335652467,0.535188705,2.406029877,0.41824105
-1.390629886,1.164504345,0.938378804,0.34033337
-0.525712889,-0.336467669,-1.198648227,0.2732015
0.362764241,-0.455383929,-0.548003617,0.28615272
0.852058326,0.072438045,0.996934416,0.3522009
0.627082483,-1.361234599,-2.095386714,0.24390623
1.038158905,1.203353548,3.444866001,0.45868683
0.432181886,1.318387816,3.068957517,0.43138433
1.271388215,0.564468313,2.400324842,0.40529972
1.059495371,-0.406925449,0.245644472,0.32046974
-0.849340774,-0.117889374,-1.085119523,0.26660582
-0.154085783,0.772821237,1.391556691,0.36298156
0.072420784,-0.952316909,-1.832213034,0.24945113
1.039584946,-0.930847464,-0.822109983,0.28782132
1.455988352,-1.110891256,-0.76579416,0.29585844
-0.09805888,1.705672218,3.313285556,0.4418375
-1.337727248,0.453811399,-0.430104449,0.2885748
-0.767894872,-0.061121265,-0.890137403,0.2691472
-1.073027821,-0.450407862,-1.973843544,0.24276489
-0.215407837,-0.005220033,-0.225847904,0.2986654
0.11718603,0.124310396,0.365806823,0.3307943
-1.604683782,1.171245093,0.737806405,0.3283335
1.518421112,1.367619422,4.253659957,0.47688177
-0.711984846,0.379417134,0.046849422,0.31386262
-1.520262833,-1.470033562,-4.460329958,0.19083211
0.678697661,0.390491301,1.459680263,0.37658945
1.330623235,-0.125843977,1.078935281,0.3525235
1.515985615,1.503041278,4.522068172,0.486779
-1.706043016,-0.020304952,-1.74665292,0.24273567
1.449545599,-0.685643574,0.078258452,0.3141353
-0.713323189,0.322515956,-0.068291278,0.30287743
-0.547617221,-0.47912556,-1.505868341,0.25435048
0.749605435,-1.232704247,-1.715803059,0.25884125
-1.175199623,-1.637997624,-4.451194871,0.19000567
-0.018450746,-0.031102836,-0.080656418,0.31932116
0.517493186,0.284280431,1.086054048,0.36067295
0.89622553,1.325645413,3.547516355,0.44661853
-0.905918682,-1.722564831,-4.351048345,0.19866818
-1.36146695,0.50944179,-0.342583369,0.28603312
1.125100586,1.351634301,3.828369187,0.4655526
-1.195557561,0.334983706,-0.525590148,0.2879408
0.089495289,0.356987784,0.803470856,0.34189233
-0.79547227,-1.331541432,-3.458555134,0.21126443
0.876230167,-0.553778305,-0.231326444,0.31363583
0.909933964,0.018256804,0.946447571,0.34457928
-0.052784948,0.299137201,0.545489453,0.3293536
-0.833485095,1.071060739,1.308636382,0.3463242
0.698961412,0.197329895,1.093621203,0.3594447
0.975812041,-0.845905167,-0.715998293,0.2896306
0.385637496,-1.333309418,-2.280981341,0.23542637
-0.105252764,-1.393289237,-2.891831238,0.22662307
1.158650734,-1.391384343,-1.624117951,0.26633316
-0.862549634,0.713995223,0.565440812,0.31990957
-0.43939337,1.577953284,2.716513198,0.41557226
-1.208542027,1.361028724,1.513515421,0.3636888
1.101224553,-1.158789858,-1.216355163,0.27393758
1.516815255,0.650533421,2.817882096,0.42734677
-1.329824836,-1.608019383,-4.545863601,0.19039653
-0.716063031,1.497180825,2.278298619,0.40444097
0.713000287,-1.3033628,-1.893725314,0.24875107
-1.218329391,-1.288496771,-3.795322933,0.20467567
-0.586226529,-0.03495642,-0.65613937,0.28372824
-0.605180345,-0.903589314,-2.412358974,0.23819308
-0.180616942,1.530995498,2.881374055,0.4263356
-0.165161597,-1.022163998,-2.209489592,0.24267638
1.317677373,1.275499629,3.868676631,0.47294047
-0.135070854,-1.387389535,-2.909849924,0.21680373
1.331769592,-1.72815376,-2.124537927,0.24883372
0.217016425,0.964159323,2.145335072,0.39637902
-0.08439489,0.566983418,1.049571946,0.35139245
0.091867443,-1.276155306,-2.46044317,0.2394894
-0.213106266,-1.40881609,-3.030738445,0.21758434
-0.305229128,-0.46732938,-1.239887887,0.2699642
1.612989114,0.959071683,3.53113248,0.45565405
-0.881925834,-1.189956771,-3.261839375,0.21798287
-0.554841493,1.135385076,1.715928659,0.37706283
0.40427628,-0.583257952,-0.762239625,0.28183717
1.364114001,0.011393946,1.386901892,0.362071
-0.00772607,-1.247421356,-2.502568783,0.2383487
1.353207522,-0.403585889,0.546035745,0.33820304
0.650163375,0.311037811,1.272238996,0.36238524
1.445319145,-0.568037989,0.309243168,0.33363345
0.57085843,-0.872134502,-1.173410574,0.27239975
-0.624740053,0.456286967,0.287833881,0.32846558
-1.306998345,1.175664018,1.044329692,0.34005132
1.392011609,0.013140465,1.41829254,0.36342627
-1.377137984,-0.724181053,-2.82550009,0.22273292
1.281120434,-1.042809524,-0.804498615,0.28207627
-0.262033743,-0.220609536,-0.703252815,0.28307772
0.051683255,-1.74634396,-3.441004665,0.21626556
1.116420779,-0.053682888,1.009055002,0.3584564
-0.907726666,-1.462331294,-3.832389255,0.20112681
0.349401985,-0.631718853,-0.914035722,0.28330767
-1.657354732,0.137793536,-1.38176766,0.25620383
-1.452721851,1.118411632,0.784101412,0.3288492
0.038563917,-0.37752405,-0.716484183,0.2874299
1.027897473,0.871041825,2.769981122,0.42604035
1.707119645,-1.206838283,-0.706556921,0.29364562
-1.143916616,0.980503829,0.817091042,0.33407453
-0.690679053,-0.412269359,-1.515217771,0.2621068
1.074648235,1.661288976,4.397226187,0.48532853
0.382450362,-0.915510924,-1.448571486,0.26091284
-0.843617787,1.333046231,1.822474674,0.38313788
0.731532001,-0.438334289,-0.145136578,0.30670768
-0.31184911,-1.15250449,-2.61685809,0.23013635
0.464420505,-0.136530849,0.191358807,0.3177591
-0.202219187,1.091512465,1.980805742,0.3950978
0.133951082,-0.944704228,-1.755457375,0.24622357
-0.953261321,-0.956824285,-2.86690989,0.22512357
-0.621937577,0.695837391,0.769737205,0.33940688
0.525212914,1.182544184,2.890301281,0.42475268
-1.537311719,-1.519961107,-4.577233934,0.1879071
0.82429937,-0.655615745,-0.48693212,0.28602064
-1.005774859,-1.595762749,-4.197300356,0.20261931
-1.343807885,-0.305718185,-1.955244256,0.24228232
-1.289378237,-1.177681681,-3.644741598,0.20353726
0.620064462,1.414597843,3.449260149,0.45497936
1.192720398,-1.153451455,-1.114182512,0.27913153
1.411950327,1.26308242,3.938115168,0.47874624
-1.435897872,-1.327789265,-4.091476402,0.19444397
1.544337634,-0.465650294,0.613037047,0.33523175
-1.306012926,-1.305547456,-3.917107837,0.19969814
-0.633148443,0.625008551,0.61686866,0.33577642
-0.729709326,-0.133490526,-0.996690377,0.2717387
-1.687874695,0.415496059,-0.856882576,0.27274323
0.150929103,-0.779215729,-1.407502355,0.2651376
-0.755092214,0.327955107,-0.099182001,0.2993791
-1.342973174,-0.00528069,-1.353534554,0.25406796
-0.534545228,-0.299329616,-1.133204459,0.279852
1.463840743,-1.527602805,-1.591364868,0.2658062
1.493059389,-0.533596467,0.425866454,0.32801348
-1.645015874,1.337883282,1.03075069,0.33900437
-1.230897995,-1.621771875,-4.474441744,0.19175157
0.832105394,0.51617356,1.864452513,0.39459816
0.571179875,0.55311211,1.677404095,0.38184077
1.245128133,0.154620207,1.554368547,0.3789022
-0.308797337,0.337236669,0.365676002,0.32457012
1.026035993,1.512045664,4.050127321,0.46841997
0.304750657,0.370450857,1.045652371,0.35303086
-1.612375234,-1.655890594,-4.924156422,0.18587877
-1.644162103,-0.011929255,-1.668020613,0.25106627
-1.616489516,1.513072535,1.409655554,0.3519666
-0.959028902,1.38777782,1.816526738,0.3769633
0.670249853,-1.712256984,-2.754264116,0.23658118
1.599581123,-0.193020953,1.213539217,0.36390257
-1.41300998,-0.371104917,-2.155219814,0.2333411
1.504035868,-1.713984141,-1.923932414,0.25587696
1.249355253,-0.098141905,1.053071444,0.35809055
0.386031103,0.462836559,1.311704222,0.3595755
-0.56738789,0.167592823,-0.232202243,0.2927056
-1.346041092,0.892426662,0.438812233,0.31817788
-0.066504615,-0.587410921,-1.241326458,0.26846793
-0.035197188,-1.330704311,-2.69660581,0.23205578
-0.186522879,-1.417503084,-3.021529048,0.21827097
0.733690965,-0.608010369,-0.482329772,0.3024389
-0.968318035,0.188825782,-0.590666471,0.27922407
0.908425036,-1.417281014,-1.926136993,0.24946564
-0.396603056,0.385881922,0.375160788,0.3298251
0.171997878,1.245171777,2.662341433,0.3996375
1.411493166,-0.86842,-0.325346834,0.31312323
1.528965309,-0.382840855,0.763283599,0.34510505
-0.654053697,0.992814933,1.33157617,0.3576288
-0.754870714,-0.397987603,-1.550845921,0.25414532
-0.307893844,0.166020701,0.024147558,0.3093022
-0.889614417,0.59759576,0.305577103,0.31908166
-0.152829313,-1.721449864,-3.595729041,0.2107476
1.266166165,-1.50098233,-1.735798495,0.25838158
1.626769364,0.183825234,1.994419831,0.39718518
0.981794206,0.399924982,1.781644171,0.38691962
-0.707329899,-1.30983816,-3.32700622,0.2147694
-1.561778087,-0.944220999,-3.450220085,0.207869
-0.74315635,-1.173600664,-3.090357678,0.2159814
0.210702331,0.819011121,1.848724574,0.38389826
-1.588300937,-0.346752808,-2.281806554,0.23037048
0.914703129,-0.957351238,-0.999999348,0.2778662
-1.295530515,-0.236690303,-1.768911121,0.23912203
-0.513492314,-1.60320183,-3.719895974,0.20192279
-0.975388574,0.701246493,0.427104413,0.31804425
-1.414422222,0.827369608,0.240316994,0.3123021
1.590458818,0.85728784,3.305034499,0.4503732
-1.672169596,0.381885581,-0.908398433,0.27467063
1.25093228,0.298981653,1.848895586,0.38582894
-1.074595813,0.30668217,-0.461231473,0.27982947
0.449099754,-1.09228338,-1.735467006,0.2520581
-0.468498237,-1.245783529,-2.960065294,0.21864294
-1.479642714,-0.610044155,-2.699731024,0.2298851
0.936953577,-0.509370891,-0.081788204,0.29918334
1.351192177,-0.41828987,0.514612438,0.33447525
0.41394586,0.84926559,2.112477041,0.39472255
-0.609040997,0.777795093,0.94654919,0.3443983
0.806117077,-1.414356923,-2.02259677,0.25477138
-1.094595308,-0.173161671,-1.440918649,0.26514235
0.2026857,-0.981003028,-1.759320357,0.25198984
-0.956859556,-1.252430669,-3.461720894,0.20809184
-1.058372889,1.438974152,1.819575414,0.3782486
-1.418518824,0.302992999,-0.812532826,0.27825987
-1.319926864,-0.51533315,-2.350593163,0.22324298
-1.126881059,-0.733185477,-2.593252013,0.22941591
1.168040918,1.493968577,4.155978072,0.48161602
0.829039718,1.290369561,3.409778841,0.44562382
0.285153451,1.684459487,3.654072425,0.4569118
0.899268506,0.754196786,2.407662079,0.40957
-1.170081065,1.552088894,1.934096724,0.38133958
-0.942564453,-1.156174913,-3.25491428,0.2142189
-0.860677504,1.533671683,2.206665862,0.38448492
-0.933565196,-0.519918779,-1.973402755,0.24232575
-0.614461885,0.947353298,1.280244712,0.35088784
0.733069868,1.457571419,3.648212707,0.4619846
0.751193381,0.710248812,2.171691006,0.40455374
0.212851327,-0.410322604,-0.60779388,0.2894169
0.825012409,0.81827916,2.461570728,0.41200125
-0.410780517,0.814901493,1.21902247,0.3496269
-0.932742695,-0.936997449,-2.806737592,0.22910976
-0.204155157,-0.904064408,-2.012283973,0.24367471
-1.045925805,0.897458535,0.748991264,0.34235942
-0.03448216,0.599950576,1.165418992,0.34925678
1.536238211,-1.591427728,-1.646617244,0.26091132
-0.056969278,1.506865512,2.956761746,0.41801733
1.008790505,-0.730508235,-0.452225966,0.30085748
-1.357269766,0.676921679,-0.003426408,0.29767305
-0.642950868,-1.704740311,-4.052431489,0.1968752
0.667782214,1.70237852,4.072539255,0.4657856
1.318516521,0.649101231,2.616718983,0.41411582
-0.955969555,1.547509698,2.139049842,0.386493
-1.286112306,-0.009458657,-1.30502962,0.2553562
-0.471877613,0.762814616,1.053751618,0.34593397
-0.111374389,-1.416302073,-2.943978536,0.21701825
1.312910545,-0.55098359,0.210943365,0.33215573
1.313918892,0.98632652,3.286571932,0.44089237
-0.42292876,-0.737008779,-1.896946317,0.24295834
0.876100423,0.356094784,1.58828999,0.3758062
0.630279656,-0.064938195,0.500403266,0.33879882
-0.229791146,1.351438188,2.473085231,0.41406202
-1.598652398,-0.184054314,-1.966761026,0.23516181
-0.323610737,-0.546546326,-1.416703389,0.2638666
0.338343599,-0.454354514,-0.57036543,0.29394993
-1.537279168,-1.515051054,-4.567381276,0.18766832
-0.241867225,-0.265874482,-0.77361619,0.28002533
-0.65919269,0.474106641,0.289020592,0.30889967
-0.618747941,-0.485814233,-1.590376406,0.25420794
1.503043879,0.717604122,2.938252122,0.42168912
-1.476722596,-0.844942503,-3.166607603,0.2149612
-0.984414987,0.623257696,0.262100406,0.32325646
-1.527929661,1.229770136,0.931610612,0.3370166
0.503115717,1.540552437,3.58422059,0.46384558
0.503896518,-1.449180867,-2.394465216,0.23748249
0.864693349,1.04880998,2.962313309,0.41790247
1.325704766,-0.048548339,1.228608089,0.367076
-1.513159479,-0.464790223,-2.442739924,0.22798945
-1.526218568,-1.107684808,-3.741588184,0.20212908
-0.490457212,-0.538913675,-1.568284561,0.25387177
0.851799873,1.360548478,3.572896828,0.45951056
-1.631951461,-0.347053831,-2.326059124,0.23194335
1.129661843,0.753393388,2.636448618,0.4237476
0.13301995,0.602829394,1.338678739,0.36657345
0.174909402,-1.298632631,-2.422355861,0.23185486
0.367497395,0.033237769,0.433972933,0.32562578
-0.530958964,-1.536163381,-3.603285726,0.21248592
-0.002778017,-0.649739748,-1.302257514,0.26449102
1.641371697,-1.43881252,-1.236253342,0.2766493
0.202347405,-0.912358039,-1.622368672,0.24949533
0.854002955,0.043241464,0.940485884,0.35267848
-1.067880921,1.370070073,1.672259225,0.36079454
-0.046106775,-1.454275633,-2.954658042,0.21617754
-0.756168014,-0.547510988,-1.851189991,0.24511817
-1.015170638,-0.101044933,-1.217260504,0.26549336
0.76576092,0.450174278,1.666109476,0.38325125
-0.672654435,-0.021963467,-0.716581369,0.2803939
-0.676143909,1.705963079,2.735782248,0.40293676
0.052490813,-0.50667962,-0.960868427,0.27813527
-0.592604361,0.613300864,0.633997366,0.3349953
1.705072936,-0.579212707,0.546647521,0.3408551
0.866243641,1.027032304,2.920308248,0.43719587
-0.829486129,0.204330168,-0.420825792,0.29444972
0.411617445,0.631765405,1.675148256,0.3825208
-0.937570716,0.338229803,-0.261111111,0.2889406
-0.600879122,1.056783252,1.512687382,0.36563575
-0.046816196,-0.898768513,-1.844353222,0.24899979
-0.27506739,1.589534039,2.904000688,0.4248851
1.344485705,0.851420309,3.047326322,0.44242182
-1.03353069,1.483698371,1.933866052,0.38251707
-0.336046511,-1.343386218,-3.022818947,0.21873869
-1.115155454,1.063884387,1.01261332,0.34094152
0.594251928,-0.066963046,0.460325836,0.32655615
-0.360897113,1.252002901,2.143108688,0.3955381
-0.892187013,-1.023311106,-2.938809225,0.21789904
0.348922004,-0.635856895,-0.922791785,0.28162414
-0.435835665,0.464798933,0.493762201,0.32645562
-0.861580916,-0.106936828,-1.075454572,0.26850656
1.661669817,0.14492155,1.951512918,0.39941537
-1.66972141,-0.616417929,-2.902557268,0.21693483
-0.607313248,0.176803586,-0.253706076,0.2995559
-0.391015562,-1.709397826,-3.809811214,0.20041656
-0.750263527,-0.86910272,-2.488468968,0.2318538
-1.084971247,-0.170920727,-1.426812701,0.26155338
-0.318807904,0.479703102,0.640598301,0.33295533
1.071991741,1.481148808,4.034289357,0.4645692
-0.226836855,-0.477121391,-1.181079638,0.26306272
-1.384687231,-1.134636088,-3.653959407,0.20445034
0.684636674,-0.765748074,-0.846859474,0.29175165
1.11500622,1.038173938,3.191354095,0.44634962
0.297021656,-0.473804904,-0.650588153,0.2940745
1.665002993,-0.22758982,1.209823353,0.35613564
1.114938758,0.731906737,2.578752232,0.41594216
0.203129042,-1.524617754,-2.846106465,0.23282734
-1.372699822,-0.769527302,-2.911754427,0.21780433
-1.521695904,-1.612262133,-4.746220171,0.18780404
-0.275487714,-1.296158473,-2.867804659,0.22175446
-1.447842736,0.535933732,-0.375975271,0.2832364
-0.791261891,-0.61137743,-2.01401675,0.23940462
-1.567305255,1.100421385,0.633537516,0.32375488
-0.878868408,1.526923478,2.174978548,0.39409944
-1.408893018,0.928480433,0.448067848,0.31967717
0.184060409,-1.269455114,-2.354849819,0.23768567
0.062612188,-0.286941219,-0.511270251,0.2953603
-1.169208483,1.333312155,1.497415828,0.35337687
-1.371211364,0.436933627,-0.497344111,0.28951722
0.837399411,0.016129163,0.869657737,0.34356844
0.420417152,1.373692602,3.167802356,0.43754205
0.716732472,0.699941717,2.116615905,0.39536306
-0.636441248,1.195456226,1.754471205,0.38343266
1.007594247,-1.39012087,-1.772647494,0.25420842
0.694675491,1.100329799,2.895335089,0.4344747
-0.372025305,1.178042113,1.984058921,0.38617447
-0.990539898,1.111361949,1.232184,0.35474366
0.348056825,-1.40165406,-2.455251295,0.23659553
-1.133219861,-0.361292695,-1.855805251,0.24086797
1.183909948,-0.874891939,-0.56587393,0.2940493
0.408661514,1.579571264,3.567804042,0.44823426
-0.575261956,-0.065022904,-0.705307764,0.27534264
-0.180578087,-0.504413083,-1.189404253,0.26067322
-1.484227345,-1.073080409,-3.630388163,0.20577677
1.41385436,-0.285390697,0.843072966,0.35284922
1.028720455,-0.135403248,0.757913959,0.3434804
-0.744983654,-0.580400118,-1.90578389,0.24869871
0.144809792,1.192417699,2.529645191,0.4101447
0.33728953,0.29710626,0.931502051,0.35840717
-0.301396793,0.622752832,0.944108871,0.34632015
-1.370852779,-0.621415718,-2.613684215,0.22389282
-0.725489652,0.725406712,0.725323772,0.32393536
1.339190822,-1.646289639,-1.953388457,0.25581574
0.656695988,-0.3810889,-0.105481812,0.31163743
0.9830486,1.433830082,3.850708764,0.47096062
-1.09830367,-0.759781785,-2.61786724,0.23073229
-1.404560261,-0.756006709,-2.91657368,0.2130292
-0.133761486,-0.92285322,-1.979467926,0.23916651
-0.890606515,-1.251879556,-3.394365628,0.20983025
-1.538885166,0.252489245,-1.033906677,0.27217212
-0.513395436,1.248820944,1.984246452,0.37558395
-1.548774629,0.572326462,-0.404121705,0.28773764
1.528601818,-0.80327532,-0.077948821,0.31622785
-1.517815917,-1.271484649,-4.060785215,0.20158686
1.547745158,0.894572377,3.336889912,0.44346955
-1.256629389,0.407664679,-0.441300031,0.28825828
0.810146092,1.679428654,4.1690034,0.4860801
1.568483484,-1.579949928,-1.591416372,0.26284492
-1.715443224,0.532292287,-0.650858651,0.2780737
1.021816707,-1.742657294,-2.46349788,0.23443705
-0.215623594,-0.739752161,-1.695127916,0.25270706
0.133880342,-1.564337712,-2.994795082,0.21637481
0.796969568,-0.44246327,-0.087956972,0.3128966
1.307495566,-0.115772304,1.075950959,0.3560448
0.154406213,1.537009332,3.228424876,0.43516073
-0.385103643,0.477495622,0.569887601,0.31472394
-1.000970808,-1.692846257,-4.386663321,0.19287881
0.924246497,-0.993736627,-1.063226757,0.2774493
0.96583364,-0.850246095,-0.73465855,0.2932945
-1.547162409,-1.271723576,-4.090609561,0.19395034
1.186121488,-0.504232475,0.177656539,0.3180496
1.231126053,-0.291626015,0.647874022,0.32887596
-0.438229341,-0.446418567,-1.331066475,0.26462555
0.021903383,-0.174929368,-0.327955352,0.28844443
1.500246459,-0.147339163,1.205568133,0.3587207
-0.270953154,-0.053933639,-0.378820432,0.30224034
1.337449199,-0.083377314,1.170694572,0.35727254
0.649916744,-0.507134183,-0.364351621,0.2930108
1.553254951,0.122985375,1.799225701,0.3958149
0.64485106,-1.107577757,-1.570304455,0.26586714
1.190914065,1.503845657,4.19860538,0.47991577
-0.989390464,-0.530294898,-2.049980259,0.23768342
1.412995287,1.058520902,3.530037091,0.464955
1.514397304,0.880406726,3.275210755,0.4437859
-0.429257849,1.391523148,2.353788447,0.40899104
-1.478023961,0.604900807,-0.268222347,0.28865156
-0.953449579,1.111639921,1.269830263,0.3588763
0.272756712,-0.959809503,-1.646862293,0.2510817
0.342643819,0.408750407,1.160144633,0.35797685
-0.609835772,-0.996842715,-2.603521201,0.22165921
0.964449053,0.536373598,2.037196249,0.4059343
0.21251183,-0.355662512,-0.498813193,0.2916531
-0.928852765,-0.157284598,-1.243421961,0.26898292
1.548095527,-0.678071465,0.191952598,0.32567665
0.322070699,-1.23545854,-2.14884638,0.24649446
0.515142122,-0.344128812,-0.173115502,0.30834022
0.930490889,-0.84189183,-0.753292771,0.2926591
0.453476112,0.664259989,1.781996091,0.3852385
-0.099243257,1.613149638,3.127056019,0.4236954
0.658210329,-0.860684925,-1.063159521,0.27450654
-1.372708121,1.396261958,1.419815794,0.34814587
-0.891737634,0.886523991,0.881310348,0.33661675
-1.341956357,0.827147439,0.312338522,0.3105856
1.460440935,1.605562155,4.671565244,0.5040318
1.202894495,-0.043346791,1.116200913,0.3645497
0.077802382,-1.651311986,-3.22482159,0.22278489
0.452464292,1.268240101,2.988944494,0.42276067
0.259416913,1.051448417,2.362313746,0.40857682
-0.846760273,-1.44163705,-3.730034373,0.20560433
-1.181551252,-1.240868095,-3.663287443,0.20402369
0.97563052,-0.251519433,0.472591655,0.32955
1.490282494,-0.801322503,-0.112362511,0.31864473
1.730504278,-1.47388921,-1.217274142,0.27520502
0.554695285,-1.237043558,-1.919391831,0.24508302
-0.342093482,-1.518095686,-3.378284854,0.20892026
0.579147726,-0.497545119,-0.415942512,0.29663485
0.916777986,1.169439657,3.255657301,0.45390758
-0.617079638,0.726973127,0.836866616,0.34141165
-0.94538988,0.08061297,-0.78416394,0.27540654
-1.150688874,0.219276317,-0.712136241,0.28544614
0.004898953,0.932123491,1.869145935,0.3772408
-0.961373931,-1.594878613,-4.151131157,0.19893683
-1.628182109,0.210381838,-1.207418433,0.2651395
0.416767284,1.359926701,3.136620685,0.43363795
-0.894512976,-0.528981017,-1.95247501,0.23795226
1.650996649,1.008982055,3.668960758,0.45924854
0.133877642,-0.9713066,-1.808735558,0.25723884
1.20562441,-0.199969928,0.805684553,0.33994424
-0.320883603,-1.198814904,-2.718513411,0.22553666
-0.736930815,-1.125864835,-2.988660486,0.22095867
-0.101627538,0.359576962,0.617526385,0.3296693
-1.286358013,1.587793152,1.889228292,0.37167206
0.40797091,0.122013894,0.651998698,0.33470267
-0.534866896,0.684728852,0.834590809,0.3439197
1.525106382,1.111198167,3.747502716,0.44788963
0.605114151,-0.94016698,-1.275219809,0.26056775
0.049338341,0.438457825,0.926253991,0.34493762
0.569778513,-0.48100538,-0.392232246,0.30268145
0.668529744,-0.607175297,-0.545820851,0.29502803
-0.493611484,1.319018405,2.144425326,0.3996034
0.251109824,-0.147012212,-0.042914599,0.31253627
1.491297298,-1.177202028,-0.863106758,0.2836198
0.614345443,-0.314269217,-0.01419299,0.30459538
1.474700552,1.710823219,4.89634699,0.49367285
-1.08437637,1.111991023,1.139605676,0.3552384
-1.00119621,-0.492071068,-1.985338345,0.23899153
0.311021686,1.59098406,3.492989807,0.45335498
-1.085172209,0.614431347,0.143690485,0.30305436
-0.011777308,0.279328739,0.546880169,0.33109027
-1.468614081,1.064473641,0.660333201,0.32661936
-0.208055121,-0.599865806,-1.407786732,0.2652281
-0.464451913,1.607940899,2.751429885,0.40872115
-0.56747412,-0.78525237,-2.13797886,0.23664697
0.349155013,-0.829327115,-1.309499218,0.2733475
1.297294333,-0.339068863,0.619156608,0.33563977
-0.524588681,-0.40205562,-1.328699921,0.26317284
1.327952626,0.541958066,2.411868759,0.4123965
0.261116955,-0.69798373,-1.134850505,0.27270016
-0.18996916,-0.914819926,-2.019609013,0.24981838
-1.18713888,-0.304451256,-1.796041391,0.24952808
-1.17073669,-1.429421912,-4.029580515,0.20033753
-0.289728506,0.263161142,0.236593777,0.31789103
0.271488709,0.771344978,1.814178665,0.38094765
0.138234338,-0.615293538,-1.092352739,0.26678815
1.645792079,-1.434314623,-1.222837166,0.27352354
-0.278445635,-1.750353986,-3.779153606,0.20161745
0.833257455,0.938635662,2.710528779,0.42349562
-1.084947769,-1.729535799,-4.544019367,0.191661
1.014129136,0.042906143,1.099941423,0.3606047
1.029447863,-0.603804693,-0.178161522,0.31340998
-1.593195573,1.208739282,0.824282991,0.3384515
0.324605034,-1.547507114,-2.770409194,0.23399058
0.304927904,-1.65174407,-2.998560236,0.22247884
0.593969643,-1.570436096,-2.546902549,0.24095498
-1.647221236,1.493783454,1.340345671,0.3511085
-0.111528261,-1.312129895,-2.735788051,0.22720583
-1.428924105,-0.156253572,-1.74143125,0.24794494
0.785816072,-0.787007157,-0.788198242,0.2820129
-1.718450293,-0.860173112,-3.438796517,0.21476142
1.438739199,-0.767418914,-0.096098629,0.31299153
-0.58773701,-0.242837967,-1.073412943,0.28104544
-1.599591653,-0.526251747,-2.652095147,0.22678778
0.101422688,-1.625527654,-3.14963262,0.21747717
-1.459354319,-0.298068963,-2.055492245,0.2366483
-0.544006548,-0.652142308,-1.848291165,0.25569078
0.172853671,0.559283588,1.291420848,0.35734516
1.403200188,-1.216028214,-1.028856241,0.2738924
-0.87596109,0.64451604,0.413070991,0.32318014
0.464648589,0.132117193,0.728882976,0.3405161
0.15135327,-1.105019708,-2.058686147,0.24600126
1.578710532,-1.314454606,-1.05019868,0.27742016
-0.452230679,-0.271289017,-0.994808713,0.27647012
-0.333574239,-0.292825341,-0.919224921,0.27330175
0.590163169,0.575692812,1.741548792,0.38817233
-0.425579598,0.768837487,1.112095376,0.34229517
-1.177137772,-0.661790842,-2.500719456,0.22536935
1.619744489,1.228514259,4.076773008,0.46700743
-0.238498268,0.456495102,0.674491936,0.34094596
-0.732303583,-0.426625446,-1.585554475,0.25453433
-0.986255732,-1.501921982,-3.990099697,0.20091256
0.153035198,-1.103010721,-2.052986244,0.2486266
-1.517081737,0.926949365,0.336816992,0.3164215
0.209173222,-1.291034289,-2.372895356,0.23991436
-0.616481573,1.141582594,1.666683615,0.37687126
-1.595762127,1.24996311,0.904164093,0.33205765
0.782764992,-1.101766759,-1.420768526,0.26289797
-0.732284212,-1.453310638,-3.638905487,0.21105984
-1.675532189,0.023543494,-1.6284452,0.24874331
-1.231632441,0.693946822,0.156261204,0.30359128
-0.806807612,0.963460501,1.120113389,0.34385362
0.806476527,-0.405818131,-0.005159735,0.31217593
-0.966389044,-0.61203044,-2.190449924,0.23624796
0.718039557,-0.59189155,-0.465743543,0.29101452
1.031710518,-0.67263644,-0.313562363,0.30575845
1.155387867,-0.505429168,0.144529531,0.32334277
-1.05977574,1.51596677,1.972157801,0.3803703
0.476503022,0.169237955,0.814978932,0.35127753
-1.722256843,-0.281844676,-2.285946195,0.22869973
-0.518685929,-0.364060789,-1.246807507,0.260372
-0.447051541,1.014915621,1.582779702,0.37185785
0.870752354,1.165114089,3.200980533,0.4316772
0.839924255,1.424061443,3.68804714,0.4549351
-0.730814837,1.355398067,1.979981296,0.39052626
-0.15795924,-0.601184979,-1.360329198,0.26868454
1.636112108,-0.153045174,1.33002176,0.36769718
-0.03161521,-1.06077197,-2.15315915,0.24140047
1.627470894,1.641866989,4.911204872,0.5124848
1.474820672,0.723206662,2.921233997,0.4321079
1.445737235,0.689701177,2.825139589,0.43260917
-1.30540548,-1.160442449,-3.626290377,0.20703119
0.605906046,-0.727720911,-0.849535777,0.28464186
1.296765224,0.58940914,2.475583503,0.41909623
1.123922581,1.101091852,3.326106285,0.45062557
1.137580333,-0.397217413,0.343145508,0.32825783
-0.928180957,0.455724984,-0.016730988,0.29532278
-0.384645,-0.690839455,-1.76632391,0.24780379
-0.218219596,0.550973041,0.883726487,0.3463291
1.698755409,0.145730806,1.990217021,0.39742997
-0.277555829,1.063626376,1.849696922,0.38445583
0.774690913,-0.83067852,-0.886666127,0.28227147
0.937259673,1.127212985,3.191685642,0.4340971
0.065610922,-1.449029637,-2.832448353,0.22431237
-0.37448502,-0.496926974,-1.368338968,0.25659132
1.640048383,-0.254811838,1.130424707,0.35582745
0.217112194,-0.467294301,-0.717476408,0.2837286
0.792416786,1.207902921,3.208222629,0.4489564
-0.044947016,-1.480720016,-3.006387047,0.21894535
-0.600065396,1.512606871,2.425148345,0.40897182
-0.082586034,0.738673143,1.394760251,0.35572845
-0.686413436,-0.907947173,-2.502307782,0.22870982
0.738747678,0.268254301,1.275256279,0.3606804
1.2823504,-1.048981642,-0.815612883,0.28947672
-1.179644583,0.398976372,-0.381691838,0.2895195
0.107898718,-0.84359095,-1.579283181,0.26107508
0.653823716,0.271180275,1.196184265,0.35841402
-1.123657012,-1.713068081,-4.549793174,0.18709037
-0.220373428,-1.148446603,-2.517266633,0.2335589
-0.972091754,1.635651357,2.29921096,0.39764416
0.4852889,-0.472661197,-0.460033494,0.29709035
1.355017024,1.361893966,4.078804957,0.47555086
0.992417482,1.158047877,3.308513236,0.45109144
-1.526444279,-1.359678993,-4.245802266,0.19551106
0.677822771,1.504632774,3.68708832,0.46343672
-0.041299371,-1.491480219,-3.02425981,0.21950477
0.778738256,1.260131281,3.299000818,0.45539322
1.380524926,-1.612238487,-1.843952048,0.2616794
1.028496723,1.344326379,3.717149481,0.46959698
-0.59762009,1.367049856,2.136479621,0.3907918
0.218824735,-1.689617787,-3.160410838,0.21885373
0.501323548,1.638217008,3.777757564,0.46304378
-0.219474686,0.258144058,0.296813431,0.31835544
0.812918497,1.418973769,3.650866035,0.4657691
1.574023066,0.591086945,2.756196956,0.4194615
-1.233107476,1.514482963,1.79585845,0.3659573
1.087229742,-1.167323195,-1.247416649,0.2698815
-0.358213834,1.38294649,2.407679147,0.40813756
-0.409039677,0.446471163,0.48390265,0.329619
-0.126235487,-0.677824308,-1.481884103,0.25913426
-0.583491976,-0.817822913,-2.219137802,0.23674814
-1.600973775,1.260753779,0.920533782,0.34224457
1.683601649,-1.654507185,-1.625412722,0.26495105
-0.231356599,-0.082465303,-0.396287204,0.29179767
1.592766385,0.241232178,2.075230742,0.40166447
-1.656656221,0.681185095,-0.294286032,0.28762704
1.084700919,0.385569751,1.855840421,0.3932962
-1.438771445,-0.554810477,-2.5483924,0.22563647
1.623937936,0.041166682,1.706271299,0.3872551
-0.810855626,-0.924089791,-2.659035208,0.22806987
0.481558013,-1.592120192,-2.70268237,0.23635975
-1.695887704,0.412328437,-0.87123083,0.26709
0.961961891,0.348187029,1.65833595,0.38274586
0.078838373,-0.637145579,-1.195452785,0.26743105
1.154952818,-1.747987631,-2.341022444,0.24193108
0.826739958,-1.146865784,-1.46699161,0.2720478
-0.498203391,-0.016625593,-0.531454577,0.2891918
-0.900719086,0.876972739,0.853226393,0.33774006
0.393511458,0.259714322,0.912940103,0.3466151
1.349143823,1.30643181,3.962007444,0.47785687
-1.226383591,1.377052109,1.527720627,0.36445197
-0.168584235,1.305368221,2.442152207,0.41161585
1.695721558,1.042699365,3.781120288,0.45705926
-0.376367655,1.399605664,2.422843673,0.4068253
-0.447527404,-0.776251332,-2.000030068,0.24559925
-0.887716009,-0.155907107,-1.199530223,0.2622477
-1.502716923,-0.798581019,-3.099878961,0.21157998
1.530582986,0.877089581,3.284762148,0.44616038
0.289022401,1.391556339,3.072135079,0.43793905
-1.061734368,1.215639355,1.369544343,0.3522626
-0.55531751,-0.809907669,-2.175132847,0.23474006
-0.542004865,1.623129171,2.704253477,0.4041253
1.07143526,-1.628032774,-2.184630288,0.24092105
1.151965593,0.540638989,2.23324357,0.40713808
0.381948578,-1.082467337,-1.782986096,0.2532269
-1.20783981,0.98349153,0.759143251,0.33338585
1.019899506,0.99465272,3.009204946,0.4402047
-1.026762356,-1.248775298,-3.524312952,0.20492032
-0.549093919,-0.642595349,-1.834284616,0.25567457
-0.063739339,0.975442327,1.887145315,0.37974295
-0.904988304,0.735767257,0.56654621,0.330042
-1.703322495,0.722932333,-0.257457829,0.2974491
-0.66692007,-1.564108034,-3.795136138,0.21119362
1.275192192,1.654236924,4.583666041,0.48738185
-1.300523199,0.172468095,-0.955587009,0.2695928
0.035754432,-1.593506035,-3.151257638,0.21530904
1.207654305,1.706956423,4.621567152,0.47792682
-1.284094844,0.402294442,-0.47950596,0.28317332
1.549314703,-1.122295567,-0.695276432,0.29110506
-0.59246541,-0.070131486,-0.732728381,0.28291655
1.634460066,-0.553244436,0.527971194,0.332594
0.681035006,-0.140355728,0.400323549,0.33262706
-0.064655776,0.621857639,1.179059502,0.36340615
-0.756641452,-1.638891521,-4.034424495,0.20621672
-0.612688763,-0.882128667,-2.376946096,0.22994569
-1.007117231,0.381694818,-0.243727596,0.29951718
-1.00981634,0.062353819,-0.885108702,0.28225854
-0.460354556,-0.91286712,-2.286088796,0.24351268
-0.328755266,1.454316708,2.579878151,0.41073114
-0.410692241,-1.477974481,-3.366641204,0.2092538
-0.065451842,0.290911121,0.516370401,0.33192977
-1.121020627,0.116460003,-0.88810062,0.28522858
-0.825653597,-1.440431239,-3.706516075,0.1996389
-1.403423568,-1.4026421,-4.208707768,0.19864844
0.718208152,1.138771286,2.995750723,0.43253672
-0.484715593,-0.016258412,-0.517232417,0.28804016
-1.00065631,-1.414827401,-3.830311112,0.2041821
0.98871193,0.974085964,2.936883858,0.44094822
1.715257362,-0.023078924,1.669099515,0.38584214
-1.51932815,0.56675516,-0.38581783,0.28737664
-0.05698996,1.486293017,2.915596074,0.42366403
0.408202462,-1.667663152,-2.927123842,0.22050366
0.415112,-0.112642943,0.189826114,0.3172625
-0.166634538,1.294930985,2.423227433,0.40978888
-0.89640209,1.33699242,1.77758275,0.37253195
-1.324094352,1.391239586,1.458384821,0.3620552
1.225557789,-1.226899305,-1.228240822,0.27577615
-0.261838669,1.590781939,2.919725208,0.43608135
0.081485721,0.669103337,1.419692394,0.3612288
-0.992201907,0.265027509,-0.46214689,0.29197472
0.821257599,1.651925991,4.12510958,0.48043135
1.316578691,0.976376554,3.269331799,0.44538647
-0.847318345,-1.143369683,-3.134057711,0.21282066
-0.907624628,1.423420122,1.939215615,0.3871304
-0.335635886,0.990800627,1.645965367,0.37495378
0.397065621,0.89181865,2.180702922,0.39580372
1.247939162,-0.887737087,-0.527535011,0.2956853
-0.939876299,0.462354179,-0.015167942,0.30322233
0.305952489,-0.878278357,-1.450604225,0.25933012
1.13314655,0.591288231,2.315723011,0.41851905
1.304388549,-0.419375936,0.465636677,0.32889023
-0.288617807,1.293449726,2.298281644,0.40078408
1.479964404,-1.20344475,-0.926925097,0.28534243
0.818146859,-0.190785609,0.436575641,0.34009236
1.511335543,1.512946572,4.537228687,0.49239916
1.595149773,-0.952390902,-0.309632031,0.30970708
-0.014838754,-1.105044568,-2.22492789,0.2361382
1.650694582,-0.526422533,0.597849516,0.34464183
-1.399038517,-1.125366966,-3.64977245,0.20211054
1.362218567,-0.039762819,1.282692928,0.36959502
-1.647226918,-0.133405263,-1.914037443,0.23685382
0.173771938,-0.10204136,-0.030310782,0.30803025
0.027657844,1.399619941,2.826897726,0.43127054
0.976096971,1.003446686,2.982990343,0.4372854
-1.603349459,-1.180342705,-3.964034869,0.20463176
0.172513313,0.582931411,1.338376135,0.36282307
-1.124554741,1.315798145,1.507041548,0.36356023
-0.898729572,0.868643157,0.838556741,0.33705336
1.440672536,0.4559432,2.352558936,0.41088775
-0.87263955,-1.178448917,-3.229537385,0.21713415
0.817802545,-0.583679996,-0.349557446,0.30298138
0.928627505,0.320749974,1.570127452,0.38371333
1.170536172,-0.679741702,-0.188947232,0.3139753
1.269753927,-0.816687788,-0.363621648,0.29855326
1.357242369,0.773968914,2.905180198,0.43424657
1.440120439,-1.097136513,-0.754152587,0.28331035
0.987065703,-1.603670307,-2.22027491,0.24099304
-1.227668685,1.309380596,1.391092507,0.35801375
-0.414970384,-0.498545525,-1.412061434,0.26065978
1.378234035,-1.087084939,-0.795935842,0.28620577
-1.439268331,0.996259729,0.553251127,0.3189193
0.105022293,-0.744698982,-1.384375672,0.26172563
-0.258308355,-1.527222673,-3.312753701,0.20754576
-0.232439119,-0.182484302,-0.597407722,0.28223312
-0.969741645,0.258378498,-0.452984649,0.29192886
0.444118595,-0.65101473,-0.857910865,0.28346506
0.257468942,-1.557036906,-2.85660487,0.2244788
1.056471884,-0.87032845,-0.684185017,0.29234344
0.521602688,-0.329189964,-0.136777241,0.31381524
-0.59215426,0.182114079,-0.227926102,0.3018646
1.658540908,-1.001880433,-0.345219959,0.31223425
0.944322041,0.814472646,2.573267333,0.42485934
0.061206703,-1.388875933,-2.716545163,0.22360753
-0.443085953,0.507942899,0.572799845,0.32966512
1.033412177,0.784182537,2.601777251,0.41989207
-0.790245176,-1.371392925,-3.533031026,0.2100639
0.371494046,1.348546986,3.068588019,0.43537253
-0.828097401,-0.874014712,-2.576126825,0.22991456
-1.149023147,0.125242314,-0.898538519,0.2826953
-1.269795942,1.257445285,1.245094628,0.35159495
-1.371351372,-1.507061224,-4.38547382,0.19130571
-0.76860098,1.709013294,2.649425608,0.41149995
-1.34649287,0.754006373,0.161519877,0.3023528
0.274304848,-1.50407193,-2.733839012,0.23159778
1.508705667,-1.560982054,-1.613258441,0.2622355
-0.279511452,1.368811303,2.458111155,0.4101498
0.199440237,-0.101777544,-0.004114851,0.30122897
-0.030312916,-0.854828848,-1.739970613,0.25497815
-1.270663062,-1.327711122,-3.926085307,0.19615352
-0.134739254,-1.320254734,-2.775248722,0.2269798
-0.813684246,-0.334168775,-1.482021797,0.2580175
-0.365600069,-1.284056529,-2.933713127,0.22667995
1.524318586,-1.557219305,-1.590120023,0.26862365
0.494549724,0.295041943,1.084633611,0.35386205
0.410132985,0.272365301,0.954863587,0.35250473
1.340606481,0.852645993,3.045898468,0.44587088
-0.476383389,-1.74865572,-3.973694829,0.19475456
-0.880171489,1.454393888,2.028616287,0.39034382
1.716781015,-0.994389625,-0.271998236,0.3080789
-0.107890835,1.423004343,2.738117852,0.42786074
-0.255497098,1.574560102,2.893623106,0.42739326
-0.737370118,0.703864274,0.67035843,0.3312038
0.169832431,-0.466968311,-0.764104191,0.29407802
-1.111818606,0.968155068,0.824491531,0.3369159
0.689281099,-0.599444352,-0.509607606,0.2941236
-0.533766176,1.009266154,1.484766132,0.369835
-1.346310788,-0.183225804,-1.712762396,0.24585992
0.22560101,1.525039317,3.275679643,0.4333302
-1.45420339,-1.736916099,-4.928035589,0.18457675
0.502948263,-0.925907902,-1.348867541,0.2555079
0.287317008,0.597486028,1.482289064,0.35717303
1.476573835,-0.414476282,0.647621271,0.34072977
1.471443943,1.032960569,3.53736508,0.45646337
0.435079734,1.339009866,3.113099466,0.43931767
-1.15955043,1.16404223,1.168534031,0.350336
-1.408375158,1.56185799,1.715340822,0.36091945
0.038424951,0.544850077,1.128125106,0.34369114
0.243396299,0.279109439,0.801615177,0.3434517
1.566082694,-1.17103469,-0.775986686,0.2945725
-1.489299608,-1.460064583,-4.409428775,0.19324292
-1.396723915,1.264961056,1.133198198,0.3490925
-0.221642835,-1.225463691,-2.672570218,0.2220911
0.507148597,0.087080493,0.681309583,0.3296095
-1.282436511,1.028198953,0.773961394,0.32501933
1.521987545,0.340736243,2.203460031,0.41054258
-0.63586785,-0.223674753,-1.083217356,0.26912424
-0.646504799,-0.620950387,-1.888405574,0.24662231
-0.627349487,1.29257245,1.957795413,0.3901184
0.368614107,-0.821563748,-1.274513389,0.26233152
1.148954314,-1.152457008,-1.155959703,0.27163038
1.146364446,-0.720764865,-0.295165283,0.30375904
1.037958518,0.271011766,1.579982049,0.3779382
0.861630268,0.520348878,1.902328024,0.3866855
-1.445574936,-0.224830783,-1.895236502,0.24908152
0.622290915,-0.908241603,-1.194192292,0.26811364
-1.638160475,-1.038059345,-3.714279164,0.20532754
0.9897451,0.134007894,1.257760887,0.36413687
-0.821129054,-0.160578082,-1.142285219,0.26690078
-0.632407263,0.748125826,0.863844389,0.33665735
-0.083463093,0.891081406,1.698699719,0.37774682
-0.556249703,-1.364384508,-3.285018719,0.21275926
0.675885058,1.451157433,3.578199924,0.45723432
-1.10181188,0.487531052,-0.126749777,0.29608983
-0.035892905,0.943585923,1.85127894,0.38347873
-1.433477783,1.011206027,0.58893427,0.32895875
0.376935234,0.050846244,0.478627721,0.32300693
1.093327019,-1.164957142,-1.236587266,0.27496082
-0.457213226,-0.210732763,-0.878678751,0.27271256
1.707055258,-1.335192644,-0.963330031,0.28967872
0.732621528,-0.740273537,-0.747925547,0.28654227
-0.03473664,-0.495442768,-1.025622176,0.275481
-0.638185631,0.073389596,-0.491406438,0.28975293
-0.504293441,1.303666526,2.10303961,0.4012632
1.442853963,0.291228412,2.025310787,0.403008
-0.432969309,1.126339343,1.819709377,0.38996106
1.299410907,0.648132959,2.595676824,0.4229471
0.625508854,-0.986037813,-1.346566771,0.2691024
1.704382347,0.087630024,1.879642395,0.39380136
-0.446807031,-0.6028067,-1.652420432,0.25753024
-1.557262203,-1.383531852,-4.324325906,0.19351746
-0.017849824,-0.644317363,-1.30648455,0.26522446
0.009718788,1.70930056,3.428319909,0.45294097
0.510030275,-0.506243179,-0.502456082,0.2904052
1.326588402,0.737952251,2.802492904,0.4280585
1.639104585,-0.65146207,0.336180445,0.32841235
-0.822532886,-0.092504731,-1.007542347,0.26589167
-0.490285173,0.222722404,-0.044840366,0.3079715
-0.477662117,-1.236820532,-2.951303181,0.22231278
1.042425313,0.097045451,1.236516215,0.36484343
1.042587137,-1.529594802,-2.016602467,0.25135344
0.400349754,-0.154611823,0.091126108,0.316593
-0.992345997,-1.172889794,-3.338125586,0.21249181
0.589401513,1.073862393,2.7371263,0.42848492
1.625448019,-0.443282166,0.738883688,0.34738
1.205666148,-0.083213334,1.039239481,0.3577661
1.305197162,0.732433949,2.770065061,0.42186755
-0.229443901,-0.959478904,-2.148401709,0.24838594
0.178145879,1.191320443,2.560786765,0.41951522
-0.659611684,-0.569098873,-1.79780943,0.2499815
0.506253621,0.637147511,1.780548643,0.3836571
0.037353085,-0.01457035,0.008212384,0.3149742
-0.900117611,0.758548654,0.616979698,0.3218003
1.567338663,0.742521562,3.052381787,0.43411773
0.768186635,-0.931540883,-1.094895131,0.27076915
0.55332712,-1.641319876,-2.729312632,0.22370818
-1.670285739,-1.356056619,-4.382398978,0.19695945
-1.419035781,-1.101566576,-3.622168933,0.20951518
-0.087248815,-1.201709139,-2.490667093,0.2368411
0.446894901,-0.988604642,-1.530314384,0.26295963
-0.450433216,0.609769158,0.769105099,0.34166917
-0.183355549,0.816569775,1.449784002,0.36569145
0.369936111,1.555834875,3.48160586,0.4503589
-1.251426415,-0.259059857,-1.76954613,0.250551
1.13486967,-3.82467E-05,1.134793177,0.36779892
-0.227344147,0.709174227,1.191004308,0.35341135
1.302781636,-0.213771209,0.875239219,0.34905812
-0.229624791,0.795440386,1.361255981,0.37047789
1.465041667,-1.419111704,-1.37318174,0.27340868
-1.294707321,-0.433727254,-2.162161829,0.2320813
-0.937686026,1.471723346,2.005760666,0.39017174
1.670938148,0.064524222,1.799986591,0.3882113
0.713994924,1.229398563,3.17279205,0.43608567
1.005145458,1.38765267,3.780450797,0.47507113
1.384652402,1.436002494,4.25665739,0.48400578
1.712229028,1.635864903,4.983958834,0.51722145
-0.452914657,1.328833105,2.204751553,0.404455
1.021924519,1.675770604,4.373465727,0.4706545
1.623908792,-0.734398825,0.155111142,0.32223207
-1.126609466,-0.218200713,-1.563010891,0.25618884
1.378724753,0.454063285,2.286851322,0.40471956
