x0,x1,pre,true_h
-0.541909916,0.730505353,0.60782075,0.630299293
-0.86690694,-0.464341603,0.60695213,0.619377681
-0.745795756,-0.721698197,0.60063004,0.610925719
0.800785406,-0.942097014,0.60003173,0.577383865
0.395408812,0.075912222,0.6145275,0.684948724
0.737709397,0.115869559,0.6108514,0.651907523
0.580411873,0.039202294,0.6101562,0.670018942
0.151329708,-0.54357471,0.6110037,0.671699495
0.06198695,0.583234927,0.61333305,0.66955088
-0.788825645,-0.358835438,0.60935014,0.636339186
0.562835511,0.311349184,0.6068039,0.663741365
-0.872546998,-0.665563214,0.60538447,0.601284829
-0.103139073,-0.638638405,0.6093228,0.66334535
-0.379464284,-0.290062198,0.61328596,0.679319578
-0.487648307,0.509710437,0.6077314,0.656818109
0.484542719,-0.934701047,0.5997972,0.608533441
0.67814372,-0.342134723,0.6127354,0.650337166
0.961630521,-0.914378496,0.5957863,0.560878984
0.499155848,-0.713484232,0.6067301,0.635766139
0.586733188,-0.460300964,0.60572416,0.652030427
0.140359232,0.642865321,0.6116986,0.662145793
0.373695577,0.624868685,0.60538226,0.654154899
0.500383612,0.828082635,0.60239345,0.621785236
-0.479251784,0.799809466,0.6022096,0.62699317
-0.855533882,0.674364084,0.6068542,0.602609678
0.574803706,-0.410200442,0.605844,0.656731242
-0.822318842,-0.386792573,0.6101057,0.630416513
-0.091991684,-0.129011292,0.61402506,0.696779867
0.240129655,0.113164627,0.6144186,0.692840122
0.810344775,0.707587617,0.602352,0.604825791
-0.628704374,-0.816986941,0.6013802,0.612020466
0.917629555,0.44233734,0.6029379,0.613938364
0.848087051,0.267985342,0.6051996,0.63316076
0.787607897,-0.140766536,0.6051791,0.645219231
-0.75504265,-0.828037962,0.5998155,0.597432194
0.845667375,-0.452044644,0.6012902,0.62307732
0.392114191,-0.571295128,0.60358715,0.658254327
0.629373507,-0.934815309,0.59588736,0.596368637
0.79726016,-0.834186418,0.5933208,0.591801625
-0.64414344,-0.521033363,0.60831547,0.641499408
0.195668434,0.279876689,0.6140792,0.688854926
0.283997314,-0.477673211,0.6126325,0.672501645
-0.88057463,0.077649812,0.6059953,0.633923118
-0.531175334,0.254440444,0.61405116,0.669309733
-0.505100111,-0.174168881,0.6102432,0.674468662
-0.368707982,0.650888556,0.5994783,0.651747778
0.17334212,0.343217882,0.61360806,0.686171145
0.785695041,0.951845839,0.5963507,0.577779281
0.05878795,-0.825429484,0.60279846,0.641628257
0.118373521,0.615816139,0.60402566,0.665442746
-0.328336536,-0.118151995,0.6142757,0.688411818
0.415504185,0.612153953,0.60754895,0.652744515
0.552329506,0.237897531,0.61069137,0.668074664
0.263756898,-0.676955756,0.604584,0.654340743
-0.107351003,-0.892848556,0.60375315,0.631766574
0.448846823,0.314129005,0.61252606,0.673232182
-0.325225402,-0.466732626,0.60785484,0.671259948
-0.06066482,-0.385650518,0.6137136,0.685780092
-0.616688616,-0.590223406,0.61216456,0.638118667
-0.351900991,0.976503678,0.6045326,0.610900203
0.640265012,-0.74168814,0.59679854,0.619927637
0.585761088,-0.604189952,0.610182,0.6397565
0.055539496,0.700387005,0.60239345,0.657144876
0.556286317,0.001919385,0.6099433,0.672448521
-0.889581019,0.34775007,0.6049881,0.623639369
0.705947833,-0.83058364,0.61013263,0.602494712
-0.652098309,0.14576381,0.6131661,0.661029136
-0.430049159,0.278197079,0.6140744,0.676421121
0.606415916,-0.497570065,0.6028418,0.647224551
0.547991902,-0.121191183,0.60747325,0.671984333
-0.610225093,0.073254249,0.614237,0.666733371
-0.203974199,-0.939220443,0.6007525,0.622746955
0.479526213,-0.872644763,0.6041933,0.617498133
0.56134806,-0.441896348,0.6074753,0.655769809
-0.003660312,-0.016701098,0.6143458,0.698944464
0.168149878,0.466544752,0.6140995,0.677808995
0.654582114,-0.394306174,0.60458845,0.649766743
0.055684357,-0.524059116,0.6092121,0.675120026
-0.42761,0.807606434,0.6017746,0.629687095
-0.412951458,-0.187805016,0.6143415,0.681218343
0.434053343,-0.97718899,0.60509133,0.605888061
0.959583723,0.496425773,0.6015371,0.604077738
0.979407826,-0.005257321,0.6049104,0.61998756
0.204549149,-0.219575531,0.61111647,0.691146013
0.821838779,-0.307362968,0.6123547,0.634839022
-0.394490012,-0.08161836,0.6141012,0.684933901
0.968520413,-0.563515652,0.59676194,0.597443739
0.805365722,-0.033189387,0.60840774,0.644447521
0.512430097,0.251809388,0.60920763,0.671060138
-0.86309626,0.921945556,0.6041258,0.572631832
0.398848446,-0.408730049,0.61147064,0.671047743
0.65064756,0.285650897,0.61425054,0.656216322
0.12104129,-0.548851237,0.6116088,0.671908214
0.696660332,0.687897762,0.6002906,0.620044011
-0.655631453,-0.580820406,0.60270035,0.635052207
-0.509248309,-0.421437632,0.6140269,0.661817534
0.092671151,-0.097990434,0.6141092,0.697382521
-0.039213004,-0.329495519,0.61334413,0.689415895
0.013719219,-0.600372304,0.6141379,0.668160517
-0.650855599,-0.123489813,0.61256766,0.661658781
0.430311925,0.867217953,0.59940207,0.621697359
-0.10368914,-0.995161614,0.5994804,0.616754203
-0.777255979,0.154932206,0.60908294,0.64618864
0.965363864,0.318005968,0.6027209,0.614295407
0.759682261,0.870992312,0.598194,0.591487018
-0.848517101,0.52195513,0.6100085,0.617423717
0.72389597,-0.522978269,0.6068261,0.632649384
0.0835667,-0.535552397,0.60879225,0.673765993
0.046142364,0.9628219,0.5981374,0.622325606
-0.106572488,-0.418299832,0.61371607,0.682878037
0.8548876,-0.994171623,0.5963497,0.563803945
-0.580412704,-0.244395209,0.6087426,0.66516281
0.533618324,0.44164892,0.6061141,0.658281429
-0.941022102,-0.551250344,0.6033521,0.602406753
0.692697462,0.566297235,0.6066031,0.632412921
0.819526223,0.516636076,0.6013887,0.621596284
-0.110715994,-0.081489337,0.6138293,0.697320764
0.724146704,0.39236868,0.6058963,0.642145636
0.075378894,0.492020377,0.6044185,0.677654164
0.244836963,0.98412969,0.5968948,0.614648636
0.854351268,-0.069771389,0.6080208,0.637631042
-0.103582619,-0.605184437,0.6052294,0.666796988
-0.066224278,0.75696744,0.6000082,0.650300562
0.967736832,0.147582444,0.6024511,0.620062906
-0.664723728,0.89647759,0.59748447,0.598194897
0.222819027,-0.500819844,0.6137942,0.673204552
-0.851305143,0.521249084,0.6051569,0.61711488
-0.111997639,0.359614483,0.61392957,0.686684246
-0.746199612,0.556343108,0.6008892,0.627231938
-0.432518244,-0.012148063,0.61436534,0.682802313
0.093176708,-0.973544808,0.60303,0.620204278
0.212539992,-0.92515307,0.60723567,0.624513313
0.543164027,-0.700169354,0.6098426,0.633620246
0.800603163,-0.273019505,0.6084825,0.639169511
-0.237805076,0.51711436,0.60958517,0.671230782
-0.108136045,-0.038035005,0.6138837,0.697822883
0.347820828,-0.122777988,0.61250675,0.687183327
-0.458739926,-0.818759862,0.6063539,0.626097791
0.389750567,0.648789079,0.6002543,0.650670736
0.772973761,0.710193597,0.5991778,0.609034494
-0.107999629,0.824553799,0.6030304,0.641086067
0.724280246,-0.255842368,0.6061422,0.649272938
-0.188980945,0.726288385,0.6057068,0.651453977
-0.832279482,-0.222402817,0.60852075,0.637044053
0.958294868,0.046185182,0.60686255,0.623002208
0.7401767,-0.066367277,0.6092462,0.65234565
-0.038196786,-0.397591544,0.61423683,0.685169036
-0.366617332,-0.370091359,0.6143724,0.675657198
0.50500893,0.169008677,0.61241394,0.674625745
-0.920871684,-0.456224592,0.60172194,0.612524926
0.379586887,-0.339384715,0.6085422,0.676680553
0.776200974,0.06604873,0.6115461,0.647909827
-0.237089325,0.985184861,0.60317296,0.614775868
-0.046882909,-0.490266904,0.60559297,0.678095324
-0.265569174,-0.340639251,0.6139371,0.682858435
-0.525200435,-0.644692312,0.6120007,0.641093216
-0.884129621,0.911855666,0.59891766,0.571327206
-0.434588757,0.171608983,0.6142172,0.680153291
0.37655873,0.469717963,0.61443883,0.668010505
-0.386920531,0.572200208,0.6102063,0.658502131
-0.774590581,-0.378693362,0.6059767,0.636944755
0.479328735,0.724464956,0.59982336,0.636053157
-0.722396156,-0.796165178,0.5999859,0.604947048
-0.155335409,-0.902157181,0.6057554,0.629455869
0.799170283,0.816540966,0.5965041,0.593733932
-0.830970337,-0.136414408,0.61005735,0.639679811
0.676701076,0.042973718,0.60852945,0.659931765
-0.927197749,0.738892886,0.6072688,0.586340415
0.495833403,-0.312731659,0.61223865,0.669580467
-0.934512651,0.975294218,0.59831274,0.556431315
0.058501225,0.556951308,0.6139018,0.672099023
-0.705351244,-0.080697874,0.611024,0.656290656
-0.951685867,-0.139370442,0.61336523,0.622638794
0.855952755,0.805378821,0.5967393,0.588129145
0.091412156,0.005376623,0.61443484,0.698237772
0.787135042,0.17599021,0.60524195,0.644379967
-0.819031364,-0.559692529,0.60225046,0.618068515
0.217239956,-0.793603859,0.606257,0.642253312
-0.094995575,-0.109143258,0.614026,0.697143156
0.082549283,-0.933231271,0.600528,0.626338497
0.076127668,0.305198536,0.6143037,0.690378593
0.550320319,0.682124359,0.6036732,0.634977501
0.984016032,0.33127758,0.6034452,0.610851436
0.608972105,-0.752168195,0.6009302,0.621746421
-0.273092135,-0.442846065,0.6096614,0.675714963
-0.504162283,-0.522916971,0.6074108,0.654358331
0.870591094,0.469023295,0.602444,0.618544332
-0.233660219,0.258310291,0.61451167,0.688449981
0.655385922,-0.826634694,0.5965917,0.608198237
0.069068333,-0.024323302,0.6144168,0.698501672
0.387770033,0.62537283,0.6067242,0.653227677
0.686264944,-0.037804967,0.6075942,0.658891733
0.000185586,-0.075948352,0.61436224,0.698466212
-0.085452863,0.151814563,0.6142689,0.696323323
0.637589991,-0.660550528,0.6058958,0.629075845
-0.416662889,0.209762861,0.6135741,0.680213539
0.825313242,-0.697117007,0.5987015,0.604087207
0.743433974,0.189057621,0.61406535,0.649402833
-0.919870578,0.54830311,0.6045705,0.605623228
0.279817612,-0.087974487,0.6138224,0.691493087
-0.158174795,0.98959994,0.60315347,0.616505298
0.393873459,0.462438047,0.6022712,0.667463477
-0.888200201,-0.964975148,0.598689,0.563742874
0.46858256,0.602069319,0.60237914,0.64992092
0.228229696,0.938301275,0.6047975,0.62206561
0.881354882,-0.764751319,0.6000868,0.589576188
-0.329140531,-0.635287001,0.60176724,0.655643664
-0.614516451,0.885833013,0.6035661,0.60444852
-0.318696243,0.806815539,0.60688716,0.636219101
0.350140276,-0.021218339,0.61443555,0.688301367
-0.461059838,-0.021338776,0.61434144,0.680602809
-0.609564848,-0.806679985,0.5992364,0.615121673
0.303491407,-0.129215604,0.6099971,0.689528042
0.32600737,0.928449016,0.59817886,0.619288062
0.036786484,-0.036004545,0.6143668,0.698738546
0.424618748,0.202988822,0.6141993,0.67988226
-0.162026368,0.319069465,0.61438537,0.687870501
0.675388329,-0.827568431,0.60344064,0.606060894
0.80380367,0.521083369,0.60213464,0.623222939
0.005641936,0.067364147,0.6143278,0.698570853
0.04355445,0.701689356,0.6091506,0.657092442
-0.054880973,0.122458038,0.6141879,0.697398402
-0.362222469,-0.970906425,0.60441166,0.611169771
0.122137949,-0.639377578,0.6097812,0.66291227
0.633774483,0.036341575,0.606868,0.664632315
0.388725302,-0.828849421,0.60804945,0.629449412
0.024336652,-0.344445145,0.6121924,0.688629567
0.004696082,0.794282676,0.6013861,0.645964437
0.529463526,0.771478368,0.60408896,0.626512682
-0.367988625,0.995688499,0.6073634,0.607138191
-0.728883015,-0.599355203,0.6066917,0.625340118
-0.293213706,0.193357078,0.6141374,0.688274454
0.361987414,-0.230624533,0.61433995,0.683058159
-0.358044264,0.988413501,0.6034266,0.608783809
0.949339506,-0.480990324,0.5943173,0.606699239
0.035393162,0.075188145,0.6142183,0.698366885
0.948572562,0.787093152,0.597225,0.578069808
-0.558079436,-0.094991313,0.60947704,0.671523041
-0.5110578,0.524481042,0.6094423,0.653652114
0.519094511,0.549848379,0.6034511,0.650755363
-0.511311689,-0.003706143,0.6145163,0.676495744
-0.69099144,-0.505837397,0.61119497,0.637746104
-0.201876226,-0.636732324,0.6106365,0.661053696
-0.456406761,-0.296962716,0.6137678,0.673539121
-0.437196587,-0.160565672,0.6134844,0.680271889
0.158227781,0.773925123,0.6005852,0.646522702
-0.959217632,0.040403454,0.6046295,0.62290341
-0.654737067,-0.293758139,0.6063566,0.655393632
0.564382462,0.834177736,0.60287917,0.615731087
-0.263406202,0.997028741,0.6011923,0.611965976
-0.35765884,-0.967244522,0.600195,0.611963477
0.586117039,0.380276049,0.60734904,0.657595465
-0.846350756,-0.909449292,0.6002814,0.576330844
0.004310064,-0.468216473,0.61134183,0.680074379
0.654460281,-0.496765931,0.6017279,0.642406318
0.260392831,0.954272402,0.6035894,0.618503468
-0.977168487,-0.710167935,0.60063684,0.582429551
0.362021472,-0.376579044,0.614208,0.675530909
0.909374633,-0.048765609,0.6047234,0.630138912
0.157191944,-0.529962758,0.61071175,0.672775437
-0.176106823,-0.100209265,0.61432254,0.695392122
0.422073872,-0.07522128,0.6139228,0.683093847
0.383241904,0.863596554,0.5981577,0.625170029
0.338794163,-0.095386253,0.6138655,0.688229822
-0.122535505,-0.552049678,0.61417574,0.671581987
-0.30786433,0.1310723,0.61433446,0.689256017
0.323259097,0.690781885,0.6019244,0.649951875
0.803273365,0.542034444,0.59973025,0.621556396
-0.535674104,0.846217801,0.5996361,0.616605179
0.186361298,0.678582065,0.6069533,0.657015303
0.377269697,-0.770072157,0.60095394,0.637586456
0.963516446,-0.203302687,0.5978525,0.619179886
0.190147498,-0.066219214,0.61434954,0.695436842
0.200354173,-0.179744775,0.613998,0.692668536
-0.298999708,-0.196385663,0.61373365,0.687878215
0.055040385,0.492167923,0.60746574,0.677866584
0.056973607,0.791826455,0.5974031,0.646018692
0.8009782,0.188809666,0.604739,0.642236062
0.043932804,-0.336904222,0.6142672,0.68895676
-0.423922882,-0.874393998,0.6043168,0.621150495
-0.188234275,-0.081114636,0.6144456,0.695309008
0.657335247,0.789160313,0.59872323,0.612623084
-0.281025189,-0.383631208,0.61190903,0.679487829
-0.483128775,-0.116525998,0.6139086,0.677719756
-0.800818145,0.797124739,0.60763913,0.595867386
-0.330349136,-0.448238506,0.6126942,0.672398917
0.742406425,0.590253959,0.6036085,0.624631546
-0.761342415,0.699056272,0.6040534,0.611593341
-0.804009082,-0.966377495,0.59912777,0.573678033
-0.596125469,-0.405225602,0.609962,0.65501698
0.102179727,0.102460242,0.6140069,0.697142947
0.958281965,-0.742662469,0.5968585,0.581654335
-0.067930994,0.714352923,0.6063816,0.655398527
-0.993146392,0.679546666,0.6058906,0.583236288
0.236596883,-0.426401756,0.6125531,0.678499174
0.508395286,0.668636345,0.60700905,0.639966152
-0.725596988,-0.376801118,0.61416227,0.642938497
0.281279608,-0.217033041,0.6122515,0.688028412
-0.894087999,0.745042635,0.60424376,0.590103293
-0.899986366,0.601036549,0.60443807,0.603777215
-0.692003772,-0.745835442,0.60102284,0.614135362
-0.93201405,-0.841948249,0.600705,0.573878068
0.657130562,-0.161913897,0.6077743,0.660074854
-0.927777312,-0.128593004,0.6090077,0.626372014
0.213930283,-0.058832715,0.6136682,0.694682146
-0.160490175,-0.414641482,0.6118874,0.681909702
0.269936653,-0.39190494,0.61274093,0.679461735
0.214348642,0.495225293,0.61425835,0.673985536
0.265369288,0.500830569,0.608261,0.671457897
0.630181763,-0.17325467,0.6127861,0.662628532
0.229661603,0.29644053,0.6101744,0.686791085
-0.51525649,-0.061178415,0.6141394,0.675838284
0.599288045,-0.093635811,0.61401385,0.667552875
-0.226257799,0.076522159,0.6143897,0.694003359
-0.963664125,-0.992322931,0.5967231,0.550286285
0.779705878,0.236768702,0.60644054,0.643297791
-0.913663293,-0.177625845,0.6050916,0.627231935
-0.493582536,-0.258818733,0.61002666,0.672351636
-0.393406466,-0.269069592,0.61417264,0.679401282
-0.253207962,0.774906826,0.5984735,0.643250013
0.178358701,0.194331786,0.61366564,0.692917362
-0.472469052,-0.656621092,0.60939,0.644072016
-0.500623453,0.895067176,0.6001961,0.612860103
-0.129149886,0.556674929,0.60643137,0.671011983
0.569755631,-0.237084874,0.6136346,0.666475906
0.321144185,0.186061713,0.6141339,0.687037421
0.995900383,-0.95700812,0.5973847,0.550676523
0.326666283,0.801451921,0.6043599,0.636496121
0.349748887,-0.545931968,0.6124494,0.663190367
0.340274193,-0.609223446,0.6110031,0.657694385
-0.591826966,-0.297557574,0.611252,0.661663998
-0.267540577,0.750642596,0.6063884,0.645630621
-0.122035178,0.465905555,0.6091831,0.678994317
-0.002320951,-0.198780049,0.61387914,0.695525703
-0.534256326,-0.21624979,0.61239094,0.670540166
-0.082104961,0.486352884,0.61410654,0.678034238
-0.757108462,-0.298255852,0.6141463,0.643445035
0.362326124,0.501428885,0.6069735,0.666319267
0.993893469,0.348097243,0.6064587,0.608491741
0.034871967,-0.189000456,0.61320484,0.695750192
-0.877542834,0.154659111,0.60882187,0.632928664
0.73061243,-0.976664699,0.601062,0.58036039
-0.292005211,-0.878585562,0.6017722,0.627949893
-0.052288928,0.762590839,0.60135466,0.649740443
0.467386057,0.828309981,0.6087093,0.624242825
-0.469492227,-0.981496566,0.6004028,0.602831681
0.257131747,-0.856449831,0.6069224,0.632484015
0.920107026,-0.895334093,0.5932764,0.56882926
-0.869619693,-0.14725991,0.6092635,0.63420189
-0.840403276,0.902318063,0.596292,0.577986716
-0.332113198,0.242549192,0.61438847,0.684348074
-0.113169451,0.258847901,0.61164665,0.69203161
-0.396138274,-0.845612821,0.6022663,0.626788716
-0.121123522,-0.424788777,0.61344886,0.682128651
0.509984351,0.892979511,0.5955267,0.612421502
0.708149315,-0.042067987,0.61291397,0.656355251
0.044037352,-0.129995033,0.6142596,0.697326041
0.000713146,0.73401139,0.605179,0.653446835
-0.570216999,-0.458187228,0.61223197,0.653748329
-0.294407725,-0.760810227,0.60367066,0.643176586
-0.833893627,-0.415949408,0.6078958,0.62707037
0.692723787,-0.264250422,0.61287946,0.652555382
0.442509719,0.010703187,0.61422914,0.682059333
-0.190121432,0.470253404,0.6121905,0.676848371
-0.31810447,0.40788707,0.61169547,0.675979358
-0.924406912,-0.601364975,0.6007358,0.600394436
-0.537691427,-0.944952741,0.59920233,0.602960603
0.961522767,0.301715452,0.6038829,0.615640413
-0.540780997,-0.416990195,0.61220247,0.659391352
0.872693794,-0.49622649,0.60080856,0.616235029
-0.832523142,-0.975872712,0.6000707,0.569028225
0.053347724,-0.978537494,0.5986283,0.619901211
-0.482850408,-0.807157143,0.6017364,0.62579756
0.146891628,0.263476833,0.6141914,0.691064512
-0.782378341,-0.373611015,0.61353064,0.636284122
0.015212519,0.230669549,0.61435324,0.694316457
0.772561931,0.967750814,0.59456617,0.57705272
-0.090179035,-0.549651389,0.6098615,0.672382057
-0.504824282,0.493585137,0.60928965,0.656746828
-0.870618588,0.010495197,0.6139613,0.635776426
-0.941542353,0.087664175,0.60885787,0.625051754
0.690192248,0.384132045,0.6062338,0.646528631
0.411755362,-0.649744994,0.6104811,0.649137105
-0.599033788,0.177743422,0.61237836,0.665676325
-0.547038698,0.902241758,0.5965383,0.608165098
0.484962797,0.854304586,0.60141456,0.619541491
0.915044692,-0.994533023,0.5957516,0.556299873
0.80097978,-0.660360295,0.6063914,0.610881068
0.102504933,0.582640374,0.6029068,0.669051271
0.066420512,0.309291388,0.61453104,0.690280974
0.374058383,0.108417687,0.61437696,0.685842885
0.549751746,0.826714172,0.6064974,0.617943739
-0.829713838,-0.167314626,0.6126753,0.639096477
-0.288307818,0.89720561,0.6025545,0.625527576
0.231887269,-0.180999966,0.61403,0.691450277
0.676655233,-0.590240491,0.6080355,0.631960607
-0.419224215,-0.607683577,0.6045038,0.652936117
0.487225868,-0.545614917,0.6023327,0.653748188
-0.108490857,0.187036304,0.6144747,0.694897063
0.317388725,0.069122786,0.61422384,0.689811681
-0.531462063,-0.883835558,0.6014602,0.611953119
-0.144955654,0.06326489,0.6142743,0.696787862
0.109259549,0.019372626,0.61425084,0.697895034
0.471183362,0.437828298,0.61394423,0.663742589
-0.564541039,-0.766477587,0.60331255,0.624114297
0.375529464,-0.986049522,0.5997405,0.608163235
0.303396892,-0.86085178,0.60850376,0.629841623
0.084457809,-0.374299824,0.60923845,0.686223684
0.672830554,-0.63190618,0.6097953,0.628356093
0.632350312,0.352154399,0.61275613,0.654664489
0.752630115,0.021349475,0.6078997,0.651152808
-0.570435232,0.633622015,0.60035133,0.638261885
0.561285594,0.283294315,0.6109134,0.665271801
0.0005143,0.663182674,0.6111952,0.661580314
0.065318278,-0.977028895,0.606334,0.620019753
-0.93405509,0.566050906,0.610944,0.60214529
-0.00541761,0.126195937,0.6140264,0.697577406
-0.701712926,-0.384664509,0.60879755,0.645200972
0.601912348,0.204052379,0.6047849,0.664553807
0.798163038,0.400915599,0.6025265,0.632628356
0.037521788,-0.111279469,0.6140255,0.697766105
-0.39158763,-0.249384133,0.61437845,0.680390001
-0.949517797,0.34016269,0.6078415,0.615506799
-0.339538074,0.835948946,0.60569024,0.631340752
0.160508751,0.021689407,0.61420935,0.696681705
0.212833027,-0.898584306,0.60249925,0.628297558
-0.403465758,0.163855744,0.6140232,0.682596333
0.777808905,0.909927185,0.5951145,0.584343244
0.198994346,-0.176543324,0.61443764,0.692814331
-0.900424271,0.732879199,0.60235375,0.590590779
0.281994847,0.410111742,0.6095219,0.677658679
-0.796288487,0.038490978,0.6116149,0.645589088
-0.138613225,0.778893816,0.61219376,0.646369731
-0.821372757,0.580062779,0.6062203,0.615981589
0.781737235,0.117535335,0.61011815,0.646447424
0.785973256,-0.128959364,0.60541177,0.645683709
-0.316944677,-0.590346643,0.61253244,0.660823935
-0.266203714,-0.507014842,0.61188984,0.67089777
0.899356081,-0.996796962,0.6005361,0.557968292
-0.876796902,-0.218989759,0.60834336,0.63113303
0.298221444,0.950880366,0.603183,0.617370384
0.785359266,-0.809079375,0.6037951,0.59626369
-0.387778976,-0.365971156,0.6139358,0.674565919
-0.870823223,-0.767445574,0.6040046,0.590632859
0.464861385,-0.588620612,0.6050752,0.651505955
-0.929157158,0.385168608,0.61183244,0.615938329
-0.783221798,0.810252075,0.60101295,0.596372056
-0.516358264,-0.971380138,0.5959025,0.600842103
-0.693529828,0.01102063,0.6126052,0.658174237
0.000258422,-0.663996453,0.6120104,0.661491021
-0.561451922,0.322423332,0.61240464,0.663288273
0.550825864,0.900659263,0.5991438,0.608065921
0.711611797,0.781540271,0.596448,0.607868309
0.575765969,-0.587325365,0.608267,0.642296887
-0.877141854,-0.47292283,0.6036656,0.617376223
-0.110246574,-0.245730302,0.6137509,0.692660942
0.163587529,0.021685732,0.61416036,0.696594829
-0.558839412,0.336842188,0.6145336,0.662743018
-0.992593358,0.912140969,0.6026436,0.556937201
0.1271502,-0.099331423,0.61422026,0.696699087
-0.875169166,-0.952487146,0.59786665,0.56705921
-0.574732677,-0.479050057,0.60601693,0.651731067
0.594543037,0.327006629,0.6076272,0.65987867
-0.709465698,-0.746345516,0.6045829,0.612201317
0.467494702,-0.495494123,0.6065455,0.659577589
-0.764773411,-0.505361237,0.6025884,0.629278727
0.560859686,-0.857486178,0.6053349,0.613007434
-0.720008422,-0.470171319,0.6102477,0.637257415
-0.144459583,-0.852486514,0.599803,0.63661024
0.965000764,0.079911438,0.5980394,0.621668063
0.5296953,-0.164942521,0.6116849,0.67258933
-0.619594698,0.39983034,0.6088738,0.653039484
-0.280629786,-0.534790727,0.6102732,0.66781658
0.723809142,0.009766109,0.6072795,0.654655045
-0.532839031,0.264051633,0.6097876,0.668744947
-0.998839209,0.636152586,0.6014156,0.586581486
0.380210112,0.297393202,0.61375153,0.678905894
0.760547482,0.697815926,0.60514355,0.611818327
-0.194466676,0.295916242,0.6143568,0.688100474
-0.924693295,-0.815793749,0.599345,0.577977932
0.960827693,0.078072938,0.6052402,0.622315485
-0.005328382,0.363167231,0.61256164,0.687538601
-0.749604082,0.311140918,0.61217713,0.643722968
-0.026315849,-0.571058589,0.60595137,0.670992376
-0.82613717,0.222260975,0.6115312,0.637860756
-0.759583036,-0.610183697,0.6001272,0.620761228
0.290627214,-0.791485339,0.6027203,0.639536488
-0.365754987,-0.228441343,0.61422145,0.682909645
0.025466654,-0.405322843,0.6138873,0.684706949
-0.326881476,0.001938835,0.61345494,0.689696001
-0.028594802,0.100062446,0.6141679,0.6980244
-0.612753448,-0.22005745,0.61403084,0.662898125
-0.054600466,-0.222096576,0.6144034,0.694414689
-0.551626298,0.40743248,0.6139473,0.659064384
0.799695062,-0.673710484,0.6046391,0.609679298
0.213736793,0.72279247,0.607379,0.651054778
0.164605561,-0.696024358,0.61152554,0.655674657
0.799205484,0.612972278,0.601672,0.615724594
0.918901546,0.118227581,0.6083365,0.62785742
-0.672677137,0.479221484,0.6045109,0.641840197
-0.548013766,-0.883158978,0.602246,0.610679163
-0.830231721,-0.13077216,0.6136372,0.6398985
-0.660463388,0.780661474,0.6040731,0.613329493
0.304118481,-0.38726015,0.61143416,0.678103899
0.147505808,-0.4713645,0.6108218,0.677978124
0.364518211,-0.565446697,0.6127191,0.660523295
0.068405434,0.584279551,0.6138158,0.669378782
-0.795866046,0.671063586,0.6043177,0.61041661
0.547069795,-0.955628274,0.59593,0.60066897
0.835513644,-0.410801242,0.605578,0.627192017
-0.552483949,-0.629425706,0.60411453,0.640296228
-0.385455283,0.346154808,0.6100132,0.67590867
0.637008882,0.519141174,0.6047559,0.642390802
-0.917719455,-0.232973853,0.60973513,0.624872171
0.264459724,-0.481411816,0.61140674,0.67310127
-0.452516672,-0.310373568,0.6136115,0.673151182
0.953849392,-0.536057108,0.6094513,0.60182072
0.903131887,0.659071548,0.6039013,0.597859045
-0.166265505,0.582163084,0.6017482,0.667666014
0.122002797,0.586835747,0.60738516,0.668275303
-0.724232554,-0.765081504,0.60531217,0.608425831
-0.587039106,0.603842394,0.605826,0.639670219
-0.588292535,0.35197187,0.6131351,0.659090788
-0.134032393,0.245085895,0.6139528,0.692185412
-0.449731304,0.747604327,0.60362643,0.635531413
0.321024833,-0.631456817,0.61123526,0.656474268
-0.530417231,-0.578085271,0.60246265,0.64720766
0.801032783,0.780743242,0.59881365,0.597770044
-0.573354983,-0.39834989,0.60718524,0.65765502
0.559014221,-0.599258696,0.61291945,0.642686369
-0.697624121,0.605407228,0.6011955,0.628262557
0.039837169,0.794213157,0.6058335,0.645847002
0.451169761,0.696393137,0.5997504,0.641329352
-0.366745968,0.265213054,0.6141903,0.681300014
0.789419582,-0.269545358,0.60664773,0.64074277
-0.305759008,0.453598874,0.6135147,0.673307925
0.609631204,-0.520213104,0.605796,0.645047427
0.555452531,0.380902966,0.60946363,0.660439819
-0.652760898,0.179582065,0.6103743,0.660049291
-0.77287522,0.858946735,0.60289073,0.591532797
-0.832852841,-0.105834139,0.605639,0.640021801
0.584474273,0.675606758,0.60433424,0.632608024
-0.277814879,-0.950077899,0.6036992,0.618396099
0.697825414,0.971035072,0.5957735,0.584568607
-0.404142866,0.402905154,0.6105931,0.671087699
-0.664427028,0.100288438,0.6141555,0.660612674
-0.810180648,0.916793786,0.6004856,0.579690817
-0.672825437,-0.522994515,0.6055714,0.638314215
0.557786764,0.290456976,0.60802007,0.665255657
-0.113326416,0.58348881,0.60799736,0.668773254
0.864161332,0.275724866,0.6026901,0.630654364
0.529990464,-0.592688677,0.60909575,0.645862485
0.37744016,-0.827934588,0.59605527,0.630249476
-0.458859259,0.594222039,0.6094179,0.651417901
0.69754779,0.517545285,0.60255134,0.636067426
0.866606608,0.588958162,0.5985043,0.609337918
-0.394265101,-0.84598847,0.60189223,0.626854933
-0.217463559,-0.056256912,0.6142968,0.694575539
0.340364069,-0.989214471,0.5954929,0.609603477
-0.343562152,0.272538325,0.61392856,0.682367806
0.167431568,0.771273673,0.5991249,0.646611582
0.974777569,-0.585104523,0.5950449,0.594690143
-0.315107921,0.335676355,0.61390436,0.680692986
0.363476146,0.526511884,0.61162686,0.664105897
-0.873869036,0.710477481,0.60356593,0.596485338
0.467379499,0.107683123,0.6123355,0.679157407
0.567743491,-0.023404721,0.607409,0.671321241
0.708850381,0.529342826,0.608713,0.63382554
0.457642709,0.695724901,0.6051153,0.640932457
-0.528160869,-0.047076706,0.6141212,0.674830511
0.045315459,-0.646911802,0.60326475,0.663175249
-0.099274958,-0.896059866,0.6036125,0.63144477
-0.375549418,0.474977116,0.6130837,0.667659125
0.306534562,-0.718661214,0.61003983,0.647619386
0.390777134,-0.70788889,0.6029052,0.64411749
0.390947659,-0.72576038,0.6116278,0.642047189
0.837106191,0.603428906,0.5986515,0.61185705
0.276382153,-0.964263435,0.5974047,0.616361687
0.847464108,-0.019981749,0.6109814,0.638922711
0.068832745,-0.499862998,0.6046452,0.677075446
0.25713149,-0.8024312,0.60642624,0.639608503
-0.667729309,0.474389675,0.61145407,0.642742598
-0.385901157,-0.843244919,0.60513234,0.627729987
-0.77841881,0.809167864,0.6014935,0.597062483
0.804583114,0.872106873,0.6039297,0.586174356
0.623938472,-0.837684556,0.5988945,0.609860962
0.960977429,-0.056618894,0.6012249,0.62251792
-0.164061233,-0.95610999,0.60153383,0.62140002
-0.866634605,-0.191700891,0.6100932,0.633419065
0.261431239,-0.873332327,0.60250854,0.630003814
0.888815385,0.744654363,0.5983675,0.59083983
0.686285871,0.921579933,0.5993894,0.5926302
-0.802604879,-0.075651182,0.6101315,0.644432843
-0.384607289,0.952408002,0.6077745,0.612612352
0.806627941,0.081923166,0.608182,0.643832001
-0.038747186,0.126218388,0.6143124,0.69744857
-0.426591852,-0.37346569,0.61082804,0.671440682
-0.757283583,0.247574659,0.61034954,0.645652462
0.272428045,-0.760096423,0.6004013,0.644266447
-0.414591103,0.447050967,0.6138977,0.667233651
-0.567116,-0.815608715,0.6022126,0.617854543
0.11895651,-0.151501549,0.61437273,0.695735742
0.495011461,0.4739629,0.6070406,0.659115103
-0.221662378,-0.300577179,0.61235875,0.686889011
-0.862904556,-0.547290959,0.6002512,0.613445466
0.255584811,-0.214387345,0.6145569,0.689314164
0.245812696,0.304405879,0.6105594,0.68572178
0.509150551,-0.769390824,0.6084132,0.628419705
0.157554536,0.362465923,0.6123433,0.685454558
0.849919896,0.147157007,0.6042256,0.636895411
0.024252241,-0.756688176,0.6073993,0.650643702
-0.366561182,0.646654453,0.6126678,0.652324211
0.768743765,0.940431221,0.59840536,0.581252697
0.571744526,0.331187695,0.60830903,0.661847848
0.277915182,0.217601212,0.61315626,0.688168993
-0.396705334,0.859667261,0.60636914,0.624878646
0.758922801,0.740866988,0.5963615,0.607287224
0.832741882,-0.546320758,0.6108129,0.617461768
-0.702240672,0.534522757,0.60447943,0.634127959
-0.079643384,0.772263957,0.6054439,0.648243238
-0.58200951,-0.47165102,0.60923725,0.651618397
-0.481710347,0.564479921,0.60690373,0.652474804
0.441018432,0.140057902,0.6140094,0.680510768
0.388356642,0.910865444,0.6009924,0.618344495
0.147233427,0.242064912,0.61436117,0.691991513
0.502436682,0.225339326,0.613952,0.672973044
-0.397902339,0.350845623,0.61432856,0.674809524
-0.092334406,0.406802515,0.61013377,0.683930352
-0.402562238,-0.446464095,0.60723263,0.668097761
-0.33910597,-0.072717011,0.61392206,0.688539544
0.771786593,0.349542592,0.60666955,0.63898342
-0.733470644,0.825244371,0.6024199,0.600181372
0.821666043,-0.905722673,0.59546834,0.5797948
-0.181412709,0.171431394,0.61000127,0.693547976
-0.428611167,-0.269315212,0.6141956,0.676936892
0.779002949,-0.143442014,0.61295706,0.646245963
-0.846620022,0.045131126,0.6109804,0.638906131
0.801755312,0.981268072,0.5955637,0.571860742
-0.271276322,0.963603587,0.6000675,0.616675214
-0.930695378,0.022997526,0.6095954,0.627201263
-0.894222828,0.841103666,0.6008864,0.578953173
-0.319272118,-0.463167915,0.6060252,0.671860298
0.264435701,-0.72844377,0.60058165,0.648419756
-0.427966335,-0.538726393,0.6078285,0.658809992
0.926145477,0.319145907,0.59894955,0.619961813
-0.522193294,-0.421159603,0.6060575,0.66073323
-0.080268967,-0.684120228,0.6039802,0.658720871
0.665211849,0.174368506,0.60397196,0.658848709
0.447798446,-0.549717213,0.60979354,0.656398958
0.055917397,0.659209157,0.60744756,0.661756323
-0.636042506,-0.235881528,0.6133652,0.659897195
0.429547732,-0.478699484,0.6124062,0.66374615
0.975960925,0.550896713,0.6010403,0.597413477
-0.69501951,0.027216134,0.61389,0.657953148
0.062118581,0.727310035,0.60898197,0.65393176
0.004432873,-0.868122675,0.60201645,0.636128604
-0.088191745,-0.934314623,0.60349894,0.626104712
0.221395293,0.401486174,0.6116363,0.680843146
0.694795989,-0.328599277,0.606556,0.649217609
0.333292815,-0.097557544,0.6127705,0.688511921
-0.413439729,-0.820105532,0.6037907,0.629024145
-0.821450062,0.326597684,0.61399317,0.633922716
-0.211857243,-0.953432848,0.59962153,0.620402287
-0.322868948,0.702298818,0.61086756,0.648670141
0.226802716,-0.320318082,0.61364776,0.685639813
0.418308811,0.378526106,0.6137951,0.67170872
0.595782184,-0.660304519,0.6049005,0.633169412
0.202399948,-0.85031767,0.6022919,0.635306204
0.760525123,0.609777155,0.6026578,0.620688595
0.488180487,0.461509356,0.60918176,0.660630013
-0.128480046,0.025794546,0.6142728,0.697471232
-0.070560419,0.378179553,0.6127537,0.686158061
-0.11113123,0.353121067,0.61171156,0.687098219
-0.456532358,0.068588493,0.6143018,0.680594756
-0.690428944,-0.843970697,0.5989337,0.602438446
0.912953873,-0.961946422,0.60283625,0.561018913
-0.508966687,-0.104854143,0.6107967,0.675769907
0.331128011,-0.939910719,0.60265404,0.617372821
0.466686844,-0.939410675,0.5974806,0.60915436
0.521668885,-0.89660434,0.5931093,0.611003757
-0.880530062,0.984456569,0.60118544,0.562025284
0.499304661,-0.718659588,0.607548,0.635165589
-0.583131099,0.209027664,0.6129347,0.666234042
-0.130260605,0.131335796,0.61426103,0.695986814
0.545099337,0.579562835,0.60985655,0.645793332
-0.487249087,0.786152696,0.6013563,0.628085851
0.80668681,-0.295737395,0.60785025,0.637358507
-0.515767964,0.424424699,0.6074389,0.661056104
0.120961394,-0.033867649,0.61420524,0.69759276
0.303393323,0.410451756,0.61354333,0.676574833
-0.265327108,-0.942164147,0.6042869,0.620080222
-0.237084079,-0.82883859,0.6027194,0.636962029
0.462561578,-0.824191306,0.60964006,0.625124615
0.604758622,0.170259302,0.60821533,0.6653197
0.682197609,-0.169632435,0.60302526,0.657100343
-0.16851543,0.06544137,0.6143355,0.696120534
-0.305268146,-0.846633965,0.6037117,0.6316659
-0.776464173,-0.776141153,0.6007329,0.601211248
0.925659562,0.785307615,0.598013,0.581385251
0.220145531,0.555384195,0.6023375,0.668471239
-0.282778538,0.928131711,0.59609234,0.621374405
0.194899424,0.11408931,0.6115277,0.694528057
0.350696168,-0.15737256,0.6141926,0.686179042
0.673761126,0.468904282,0.603274,0.642508258
0.190433629,0.41787465,0.6112488,0.680785518
0.429535583,0.402365187,0.6102076,0.669350614
0.383349763,0.114008327,0.61407495,0.68513333
0.442001293,-0.121242135,0.61158895,0.680855251
-0.366183025,0.279979597,0.6119112,0.680649852
-0.457963149,0.867862385,0.60053337,0.619704907
0.412315697,-0.611847797,0.6039889,0.652990502
0.476985984,0.724349372,0.60324115,0.636244628
0.237949619,-0.430647546,0.6096756,0.678136207
0.784713887,-0.993841476,0.59556645,0.572018157
0.321888887,0.216168938,0.6120038,0.685957139
0.267662573,-0.46228236,0.6086526,0.674478163
0.333118157,-0.901797681,0.6030124,0.622710662
-0.687482757,-0.142180924,0.61214054,0.657208838
-0.973397964,0.396460597,0.6051742,0.608819754
0.213942981,-0.396081398,0.612154,0.681486417
0.221473865,0.407792098,0.61137366,0.680406011
-0.217436281,0.212145033,0.6100326,0.690953358
0.324732118,0.135279558,0.6133416,0.688240878
-0.717125696,-0.116897582,0.61061746,0.654332767
-0.510685431,-0.813450605,0.600207,0.622843412
0.348886447,0.259724777,0.61105025,0.682635123
0.872144817,0.325351361,0.6035907,0.627219505
0.867687108,0.004148786,0.6043968,0.63618892
0.854580282,-0.313734111,0.6058303,0.63018647
0.688987823,0.650654321,0.6036868,0.624749595
0.891486007,0.228668701,0.60167557,0.628746556
-0.224836726,-0.012134398,0.61435187,0.694554393
0.302972998,-0.536445138,0.6054495,0.666581276
0.542605241,-0.193040128,0.6130747,0.670582818
-0.53709638,-0.492582782,0.61166334,0.654073048
-0.716269351,0.604653898,0.6045316,0.62626701
0.188274403,0.170451439,0.6140516,0.693357134
-0.734809473,-0.491569054,0.60874933,0.633911714
0.988322985,0.952056497,0.5948989,0.552364742
-0.672915155,-0.136826659,0.6140449,0.658961945
0.512110365,-0.70296892,0.6039118,0.635908724
0.116110034,-0.821499691,0.6089509,0.641343323
0.276474509,0.136492591,0.6141951,0.69071292
-0.452911109,-0.699112277,0.6034478,0.640899093
0.092575514,0.519438636,0.61125064,0.675065342
-0.976063347,0.454703786,0.60665995,0.604665813
-0.91034329,-0.311344675,0.61366814,0.622597522
0.567128762,0.654451848,0.60015064,0.636424025
0.730811344,0.621322968,0.60336363,0.623028272
-0.76916343,0.015327119,0.6128679,0.649126048
-0.993668534,0.731854718,0.60129786,0.577803744
0.376656316,0.483977978,0.6065505,0.666869748
0.491302981,-0.0029409,0.61343217,0.678194704
-0.535722227,0.745593869,0.60337484,0.629071085
-0.931316075,-0.210782516,0.61434084,0.623678784
-0.658594807,-0.672669961,0.6061863,0.6256736
0.785344013,0.732801123,0.6026422,0.605096223
0.056296847,-0.113128583,0.6142674,0.697576303
0.460176454,0.242884242,0.60977226,0.675709627
0.289123674,-0.776058651,0.6114942,0.641542471
-0.760542639,-0.119410498,0.6136453,0.649058163
-0.273487153,0.716207702,0.603398,0.649458697
0.9405051,-0.143817395,0.60569555,0.624189288
-0.609020207,-0.385632634,0.608592,0.655013314
-0.089253091,-0.031853848,0.6139514,0.698185782
-0.042354359,-0.835128698,0.60420895,0.640470844
0.678367159,-0.717015306,0.60348356,0.61882419
0.483077452,0.501428546,0.610119,0.657870779
0.060605855,0.643298706,0.60931337,0.663427476
0.642037772,0.308971609,0.6133541,0.65599183
-0.329964883,-0.448031822,0.60956836,0.672435813
0.111915816,0.00382113,0.6141077,0.697875249
0.947275601,0.520774012,0.6000357,0.603979798
-0.586729019,0.949766886,0.6042838,0.598136698
-0.357442712,0.851219357,0.604623,0.628329913
-0.367597003,0.700197208,0.6043416,0.64640896
0.138333044,0.970751794,0.59770614,0.619814937
0.197678289,0.642355018,0.6097249,0.660598171
0.853454634,-0.777253517,0.6019734,0.59172639
-0.665471475,-0.57879037,0.602422,0.634207702
0.821662454,-0.858298005,0.598881,0.585890111
0.918192085,-0.247206183,0.60285646,0.624270881
-0.56455008,0.801999525,0.60830307,0.619782014
0.392072531,0.566124313,0.60695297,0.658741126
0.194817461,0.703574157,0.60699075,0.653920984
0.51623147,-0.417024985,0.60571414,0.661531256
0.207725942,0.631586513,0.6081613,0.661395092
-0.663432941,0.287138582,0.614028,0.654769883
0.332913663,0.777628217,0.60018206,0.639166948
0.67133195,-0.16811514,0.61217976,0.658351622
-0.046888547,-0.498916045,0.6139756,0.677370479
-0.866215327,0.36560774,0.60491,0.625848343
0.720609995,0.383270114,0.605663,0.643122993
-0.098388224,0.780256565,0.602266,0.646968599
0.764802374,-0.74192273,0.5978956,0.60648884
-0.026471857,-0.830643935,0.6041571,0.641156813
0.178948682,-0.180307795,0.6135163,0.693354309
0.030502502,-0.030532159,0.61455476,0.698807284
0.552549881,-0.075737828,0.60553,0.672314933
0.344083173,0.993851688,0.5975171,0.60870943
-0.492587113,-0.339666401,0.60947794,0.668379358
0.505155923,0.250664295,0.6116853,0.671729643
0.604886054,-0.349849727,0.60827106,0.657584046
0.846980683,-0.91323453,0.5997009,0.57575725
0.980599505,0.951674525,0.59588397,0.553466018
0.537702588,0.203858406,0.60340303,0.670666865
-0.16124092,0.850453314,0.6084539,0.636477549
0.918778494,-0.40184735,0.60457826,0.616404514
0.467536823,-0.488452284,0.6063178,0.660145846
-0.101676757,0.298499421,0.6143727,0.690335575
-0.380468061,0.861011957,0.60257196,0.625684116
-0.963882718,0.613511769,0.6065612,0.593729902
0.818071859,-0.053618764,0.6086233,0.642645507
0.785036038,-0.985989471,0.6084376,0.573094559
-0.208978582,-0.017677447,0.61464024,0.695137565
0.408974562,-0.803962374,0.6043813,0.631378717
0.838650349,0.149040534,0.6110725,0.638367664
-0.080515343,0.813088277,0.60463923,0.643008807
0.834308744,0.180484546,0.6061664,0.638120483
0.635019618,-0.419987726,0.60806227,0.650117346
0.685594679,-0.995660356,0.5977324,0.582270652
0.030347512,0.353390047,0.6101393,0.688064196
-0.110930318,-0.601797077,0.6090644,0.667006421
-0.286599329,0.974533129,0.60386854,0.614387649
-0.997049379,-0.242364242,0.60134536,0.612777464
-0.674557301,-0.760050826,0.60715467,0.614322312
0.331072429,-0.25579972,0.61320186,0.683842428
-0.919841992,0.6741204,0.60415584,0.594095083
0.095186372,0.178295309,0.614274,0.695410015
0.028962247,-0.573446318,0.6137141,0.670750941
0.953322058,-0.223562688,0.61222726,0.620023528
0.188061988,0.440040205,0.61369467,0.679245411
0.706452076,0.557870789,0.606869,0.631640899
-0.800718886,0.85854517,0.6014643,0.588352649
0.671431759,-0.463687129,0.6040596,0.643151
-0.746020732,-0.960195307,0.59896386,0.581024302
-0.298646003,0.702194626,0.6022033,0.649903888
0.61035093,0.906194245,0.60757226,0.602081787
0.528767757,-0.534026207,0.6110136,0.651326083
0.14459738,-0.25498677,0.61149555,0.69150266
-0.358923986,-0.231317495,0.61418647,0.68321941
-0.366188561,-0.400258344,0.61236894,0.673723796
-0.568605398,-0.994909101,0.5990377,0.593159481
0.99304182,-0.428091363,0.60128665,0.603915052
-0.738692335,-0.625958788,0.60017014,0.621677508
0.605513874,-0.164614423,0.60968155,0.665400895
-0.140742209,0.879202088,0.60024047,0.633023309
-0.20146565,-0.760654963,0.60932887,0.646911682
0.47862782,0.932307992,0.6041665,0.609307144
0.239964699,0.842381603,0.6013109,0.635053407
-0.180565721,-0.498129042,0.60806763,0.674867087
0.419964909,0.593220183,0.6020487,0.654304435
0.433661477,0.659627307,0.6007945,0.646589432
0.031413482,0.341687849,0.6139781,0.688758468
0.18921152,0.197498149,0.6140836,0.692464528
0.145232775,0.10362436,0.61446106,0.696194453
-0.483103721,-0.893432242,0.60168636,0.614406359
-0.548909056,-0.090363386,0.61377585,0.672447803
0.448332247,-0.750678121,0.6048344,0.635265422
0.600576548,0.571159984,0.6044211,0.641457762
-0.982109776,-0.225262898,0.6078537,0.615661596
-0.149013763,0.10170935,0.6143107,0.696131857
-0.982649825,-0.477294238,0.60155344,0.602104802
-0.166127014,0.003703968,0.61425066,0.696561676
0.781067621,-0.657514271,0.5979314,0.613578907
0.113322626,-0.346846299,0.613201,0.687433283
-0.927100605,-0.682729456,0.6044677,0.59223496
0.826987932,0.926642863,0.6003431,0.576390755
0.772357656,-0.107649727,0.6140215,0.647806621
-0.807553807,-0.553999327,0.60090595,0.620003751
-0.956817302,-0.863201127,0.5974083,0.56794858
-0.233118571,0.229030655,0.61420196,0.689700824
-0.266728797,-0.901733132,0.6001636,0.625827308
-0.789389941,0.024320412,0.6085786,0.646544374
-0.171277574,0.741154233,0.6110932,0.650198128
0.41669127,0.702250705,0.6091605,0.643073722
0.363499297,0.079689459,0.61428493,0.686974766
0.885177238,-0.044092534,0.6086484,0.633602932
-0.574329309,0.903219885,0.5993997,0.605709374
-0.376603613,0.052142187,0.6143414,0.686453984
0.040111258,-0.186196796,0.61428493,0.695807512
-0.793986397,0.66983568,0.60507315,0.610770362
-0.275617247,0.307112652,0.6141078,0.684249384
0.311829595,0.350658145,0.61392903,0.67999332
-0.159799632,-0.750424471,0.60031664,0.64938368
0.073722438,0.215980956,0.61365616,0.694434248
-0.470522363,-0.776731828,0.6020314,0.630504237
-0.427093476,0.839504602,0.6008436,0.625599711
0.846251663,-0.423261051,0.61029685,0.624965442
-0.340442266,0.948246733,0.60475254,0.615677772
-0.656160934,0.550712622,0.6072954,0.63770697
-0.189259607,-0.640056766,0.61063844,0.661110731
-0.629298798,-0.450633027,0.60963374,0.648538871
-0.408558099,-0.72220703,0.601749,0.641330542
0.260407503,-0.074693431,0.61445373,0.692587049
-0.982224171,-0.66806041,0.601011,0.585943987
0.082039357,0.189208465,0.6142999,0.695263939
0.889654463,0.799436159,0.60459226,0.58451645
-0.245953605,-0.852525055,0.60149777,0.633459654
-0.340299175,0.093934187,0.6145663,0.68816555
0.687934312,0.659760347,0.5983797,0.623931547
-0.196867264,0.846359045,0.6015848,0.636015405
-0.839509889,0.869891132,0.6049237,0.582262804
-0.638312553,0.964473603,0.59936285,0.591346002
-0.394191907,0.181971659,0.61376184,0.682692959
-0.384319944,0.820061255,0.6024682,0.630859102
0.824212966,0.477767634,0.6024363,0.624005519
-0.32647997,0.862831134,0.60736215,0.6284299
-0.331789939,-0.883766298,0.5996601,0.625290849
0.413197057,-0.553216667,0.61082786,0.658530125
-0.518845421,-0.582137385,0.60159653,0.647809885
-0.699155943,0.617497262,0.60489875,0.626934827
-0.11553266,-0.764486806,0.605158,0.648644204
0.328245136,0.808740399,0.5977142,0.635480936
-0.597193461,-0.800673361,0.6053203,0.617014853
-0.968304427,-0.299136227,0.6089555,0.614753169
0.625994189,0.183228826,0.6115194,0.662769746
0.845055194,-0.280293286,0.600158,0.633032968
0.387778111,-0.417844506,0.6104409,0.671146264
-0.613139744,0.571580522,0.6071061,0.640197837
0.334453107,-0.252923834,0.61409885,0.683775167
0.542043533,0.703815835,0.6004171,0.633311143
-0.937176841,0.885259623,0.59978,0.567851363
0.043088345,0.217837109,0.6144736,0.694675012
0.172769903,0.41909032,0.614234,0.681245038
-0.977114207,-0.157158874,0.6126758,0.618425322
-0.71092446,0.061868281,0.6092155,0.655863488
-0.101564875,0.601774075,0.6076577,0.667174677
0.645289652,-0.269316599,0.60957587,0.657530768
-0.257318521,0.946798279,0.59948075,0.619726253
-0.704309768,0.528293573,0.6101939,0.634422119
0.389161282,0.305616544,0.61176604,0.677901388
-0.83928869,-0.008441841,0.6139525,0.640051238
-0.082995873,-0.087800437,0.6139891,0.697695789
-0.485533406,0.157596331,0.6135444,0.676569663
0.983323842,-0.505796501,0.59683883,0.599900222
0.26074743,-0.470758973,0.61150265,0.67411952
-0.007169329,0.997511486,0.60042655,0.617218293
0.027917654,0.041391183,0.61411035,0.698752254
-0.636599693,0.226511707,0.6131646,0.660196151
-0.847521332,-0.745853847,0.60013413,0.596025847
0.566301375,-0.576094439,0.61346936,0.644216644
-0.907280614,0.890783447,0.60007197,0.57107821
-0.944311299,-0.225668472,0.6094827,0.621276708
0.585510264,0.05502896,0.6135315,0.669396474
0.001952926,0.917629359,0.59944713,0.629138798
0.128468073,-0.31659986,0.6121517,0.688844385
0.663613405,0.031763412,0.6140647,0.661449653
-0.229759068,-0.964857646,0.60380137,0.618093902
0.190998038,0.543919892,0.61085176,0.670528825
-0.023603833,-0.751587813,0.60293525,0.651272184
0.690711238,-0.082054,0.60839504,0.657951335
0.940553703,0.799117159,0.6071226,0.577786337
0.068138716,-0.043281013,0.6143538,0.698400914
0.238392208,-0.046259521,0.61460644,0.693836596
0.271823115,0.823594201,0.6007804,0.636244821
-0.082191294,0.714588163,0.60885286,0.655195636
0.268249015,0.394002189,0.61404526,0.67939889
0.125413859,0.184508654,0.61436707,0.694634855
0.740800318,-0.517610442,0.60492414,0.631134895
-0.718998897,0.365376767,0.6129569,0.644387581
-0.250555573,-0.944271471,0.60021013,0.620362814
-0.146129862,0.824547873,0.600804,0.640310803
0.831557327,-0.175051294,0.60529244,0.63864038
0.902378946,0.83521125,0.59799933,0.578607659
-0.958612659,-0.43288074,0.6055629,0.608695007
-0.768400287,-0.763520656,0.599891,0.603612527
0.024713355,0.671393049,0.60572416,0.660624373
0.166183709,-0.728773099,0.6023586,0.651819004
-0.830918213,0.564186849,0.6063247,0.616165961
-0.048145035,0.846009487,0.6018696,0.638966214
-0.99370921,0.234849021,0.6115701,0.613562002
-0.517643703,-0.23219399,0.6143343,0.671406118
0.379894082,-0.454104349,0.6133371,0.669005007
-0.483529484,0.162001676,0.61437935,0.676614824
-0.680018915,0.507855508,0.6064936,0.638783101
-0.626927513,-0.329106812,0.61416274,0.656510806
0.854092403,0.057521221,0.6020532,0.637790598
-0.329833343,0.520859527,0.6101324,0.666538061
-0.896641765,-0.720687076,0.6008574,0.592403677
0.524137309,-0.767731992,0.6010523,0.627404387
-0.614979242,-0.316223413,0.6099413,0.658413557
0.03305295,-0.986968337,0.5986812,0.618754109
0.631346166,0.91659409,0.59491706,0.598702606
0.179809754,-0.330459318,0.6121063,0.68671267
0.997805718,-0.127534889,0.60137403,0.61592343
0.977499343,0.82675056,0.59870595,0.569483692
-0.651140326,-0.596123044,0.6033824,0.63408913
0.35044759,-0.698264272,0.6049375,0.647623504
0.1997705,0.411300091,0.61442167,0.680939408
-0.208055712,-0.754413861,0.60633725,0.647458305
0.297320456,0.425749351,0.61075723,0.675801966
-0.157859707,0.342299385,0.6141769,0.686665147
0.019633545,-0.537187229,0.60753816,0.674174096
0.5451002,0.82924221,0.6056521,0.618013759
-0.46924377,-0.947377823,0.59933275,0.607828957
0.597624774,-0.525807275,0.6052174,0.645744714
-0.758571263,-0.3717027,0.60813594,0.639322276
0.523208663,0.166740791,0.6067741,0.673113595
0.390568276,0.063525587,0.6141156,0.685422505
